Motif_location (PDB)	Cluster_id	Subcluster_id	Family_label
6LU8_2:986-987_1205-1208	8	12	IL
6ZMO_L5:986-987_1205-1208	8	12	IL
6Y57_L5:986-987_1205-1208	8	12	IL
6ZM7_L5:986-987_1205-1208	8	12	IL
6Y0G_L5:986-987_1205-1208	8	12	IL
6LSS_2:986-987_1205-1208	8	12	IL
6ZMI_L5:986-987_1205-1208	8	12	IL
7BHP_L5:986-987_1205-1208	8	12	IL
6ZME_S2:1219-1221_1280-1286	9	16	IL
6ZMO_S2:1219-1221_1280-1286	9	16	IL
6ZMI_S2:1219-1221_1280-1286	9	16	IL
6ZM7_S2:1219-1221_1280-1286	9	16	IL
6Z6L_S2:1219-1221_1280-1286	9	16	IL
8QBT_A:1258-1259_1308-1310	17	30	IL
6OM7_t:2808-2809_2819-2821	17	30	IL
6OLE_t:2808-2809_2819-2821	17	30	IL
6OLF_t:2808-2809_2819-2821	17	30	IL
6OLI_t:2808-2809_2819-2821	17	30	IL
6OM0_t:2808-2809_2819-2821	17	30	IL
6Y6X_L5:650-653_664-677	33	51	IL
6ZMO_L5:650-653_664-677	33	51	IL
6Z6N_L5:650-653_664-677	33	51	IL
6Z6L_L5:650-653_664-677	33	51	IL
6ZMI_L5:650-653_664-677	33	51	IL
6LQM_2:650-653_664-677	33	51	IL
6ZM7_L5:650-653_664-677	33	51	IL
7BHP_L5:650-653_664-677	33	51	IL
6ZME_L5:650-653_664-677	33	51	IL
8XSX_L5:650-653_664-677	33	51	IL
6Z6M_L5:4179-4180_4647-4650	34	53	IL
8XSX_L5:4179-4180_4647-4650	34	53	IL
6Z6L_L5:4179-4180_4647-4650	34	53	IL
6Y6X_L5:4179-4180_4647-4650	34	53	IL
6Z6N_L5:4179-4180_4647-4650	34	53	IL
6LU8_2:4179-4180_4647-4650	34	55	IL
6LSS_2:4179-4180_4647-4650	34	55	IL
6LQM_2:4179-4180_4647-4650	34	55	IL
6Y57_L5:4179-4180_4647-4650	34	55	IL
7BHP_L5:4179-4180_4647-4650	34	55	IL
6Y0G_L5:4179-4180_4647-4650	34	55	IL
6ZXG_2:1169-1173_1184-1191	35	56	IL
6ZXF_2:1169-1173_1184-1191	35	56	IL
6TMF_A:833-840_851-856	35	56	IL
8OIQ_B8:640-646_1005-1010	35	56	IL
8BH7_a:896-904_913-919	35	56	IL
5X8P_A:1283-1289_2024-2029	35	56	IL
6ZXH_2:1169-1173_1184-1191	35	56	IL
6DZP_A:237-243_251-256	35	56	IL
6DZI_A:237-243_251-256	35	56	IL
4UG0_S2:1051-1052_1141-1143	49	80	IL
5VYC_i2:1051-1052_1141-1143	49	80	IL
5T2C_AA:1051-1052_1141-1143	49	80	IL
5XYU_A:72-74_396-397	49	80	IL
5VYC_i4:1051-1052_1141-1143	49	80	IL
5VYC_i5:1051-1052_1141-1143	49	80	IL
6ZME_L7:32-36_41-45	57	92	IL
5LZS_7:32-36_41-45	57	92	IL
5T2C_B:32-36_41-45	57	92	IL
6Z6N_L7:32-36_41-45	57	92	IL
7OYC_71:32-36_41-45	57	92	IL
6Z6M_L7:32-36_41-45	57	92	IL
6IP6_1B:32-36_41-45	57	92	IL
4UG0_L7:32-36_41-45	57	92	IL
6ZMI_L7:32-36_41-45	57	92	IL
6Z6L_L7:32-36_41-45	57	92	IL
6ZM7_L7:32-36_41-45	57	92	IL
6ZMO_L7:32-36_41-45	57	92	IL
6ZMO_L5:4901-4902_4915-4918	62	101	IL
6OLF_t:127-130_136-138	62	101	IL
6ZME_L5:4901-4902_4915-4918	62	101	IL
6ZM7_L5:4901-4902_4915-4918	62	101	IL
6ZMI_L5:4901-4902_4915-4918	62	101	IL
4UG0_S2:1667-1676_1708-1718	63	104	IL
5VYC_i2:1667-1676_1708-1718	63	104	IL
5VYC_i1:1667-1676_1708-1718	63	104	IL
5VYC_i3:1667-1676_1708-1718	63	104	IL
5VYC_i4:1667-1676_1708-1718	63	104	IL
5VYC_i6:1667-1676_1708-1718	63	104	IL
5VYC_i5:1667-1676_1708-1718	63	104	IL
4V6U_B1:1629-1635_1665-1671	65	106	IL
3J2C_N:885-892_903-908	65	106	IL
3J2G_N:885-892_903-908	65	106	IL
3J2D_N:885-892_903-908	65	106	IL
3J28_N:885-892_903-908	65	106	IL
6OLF_t:1492-1494_1634-1635	67	109	IL
6OLI_t:1492-1494_1634-1635	67	109	IL
6OM7_t:1492-1494_1634-1635	67	109	IL
6OLE_t:1492-1494_1634-1635	67	109	IL
5MQF_6:1-3_23-24	67	109	IL
6OM0_t:1492-1494_1634-1635	67	109	IL
6Z6N_L5:4676-4679_4689-4692	68	110	IL
5XYU_A:174-176_264-266	68	110	IL
6Z6L_L5:4676-4679_4689-4692	68	110	IL
6Y6X_L5:4676-4679_4689-4692	68	110	IL
8XSX_L5:4676-4679_4689-4692	68	110	IL
6Z6M_L5:4676-4679_4689-4692	68	110	IL
5AJ0_A2:4638-4641_4651-4654	68	110	IL
5O60_A:2053-2056_2125-2126	70	114	IL
5O61_A:2053-2056_2125-2126	70	114	IL
7JT1_1:1836-1839_1901-1902	70	114	IL
7OIF_1:1836-1839_1901-1902	70	114	IL
7S0S_C:2053-2056_2125-2126	70	114	IL
7Y41_A:2053-2056_2125-2126	70	114	IL
7OTC_A:1836-1839_1901-1902	70	114	IL
6OM7_S2:504-507_519-522	83	136	IL
6OLI_S2:504-507_519-522	83	136	IL
6OM0_S2:504-507_519-522	83	136	IL
6OLE_S2:504-507_519-522	83	136	IL
6OLF_S2:504-507_519-522	83	136	IL
6ZMI_L5:1345-1347_1476-1480	88	143	IL
6Y57_L5:1345-1347_1476-1480	88	143	IL
6ZMO_L5:1345-1347_1476-1480	88	143	IL
6LU8_2:1345-1347_1476-1480	88	143	IL
4V6X_A5:2772-2776_2785-2787	88	143	IL
6Y0G_L5:1345-1347_1476-1480	88	143	IL
6ZME_L5:1345-1347_1476-1480	88	144	IL
6LQM_2:1345-1347_1476-1480	88	144	IL
6Z6M_L5:1345-1347_1476-1480	88	144	IL
8XSX_L5:1345-1347_1476-1480	88	144	IL
6Z6L_L5:1345-1347_1476-1480	88	144	IL
7BHP_L5:1345-1347_1476-1480	88	144	IL
6Z6N_L5:1345-1347_1476-1480	88	144	IL
6IP6_1A:1345-1347_1476-1480	88	144	IL
6ZM7_L5:1345-1347_1476-1480	88	144	IL
6LSS_2:1345-1347_1476-1480	88	144	IL
6IP8_1A:1345-1347_1476-1480	88	144	IL
6Y6X_L5:1345-1347_1476-1480	88	144	IL
6LU8_2:1507-1508_1528-1530	93	154	IL
6LSS_2:1507-1508_1528-1530	93	154	IL
6IP5_1A:1507-1508_1528-1530	93	154	IL
6IP6_1A:1507-1508_1528-1530	93	154	IL
6LQM_2:1507-1508_1528-1530	93	154	IL
6IP8_1A:1507-1508_1528-1530	93	154	IL
6Z6N_L5:1507-1508_1528-1530	93	156	IL
6Y6X_L5:1507-1508_1528-1530	93	156	IL
6ZME_L5:1507-1508_1528-1530	93	156	IL
6Y57_L5:1507-1508_1528-1530	93	156	IL
6ZMI_L5:1507-1508_1528-1530	93	156	IL
8XSX_L5:1507-1508_1528-1530	93	156	IL
6ZMO_L5:1507-1508_1528-1530	93	156	IL
6Z6M_L5:1507-1508_1528-1530	93	156	IL
6Y0G_L5:1507-1508_1528-1530	93	156	IL
6Z6L_L5:1507-1508_1528-1530	93	156	IL
6ZM7_L5:1507-1508_1528-1530	93	156	IL
7BHP_L5:458-459_507-509	97	160	IL
6IP6_1A:458-459_507-509	97	160	IL
6LSS_2:458-459_507-509	97	160	IL
6Y57_L5:458-459_507-509	97	160	IL
6LQM_2:458-459_507-509	97	160	IL
6LU8_2:458-459_507-509	97	160	IL
6Y0G_L5:458-459_507-509	97	160	IL
6IP5_1A:458-459_507-509	97	160	IL
8XSX_L5:458-459_507-509	97	163	IL
6Z6M_L5:458-459_507-509	97	163	IL
6Z6N_L5:458-459_507-509	97	163	IL
6ZMI_L5:458-459_507-509	97	163	IL
6ZMO_L5:458-459_507-509	97	163	IL
6ZME_L5:458-459_507-509	97	163	IL
6Y6X_L5:458-459_507-509	97	163	IL
6ZM7_L5:458-459_507-509	97	163	IL
6Z6L_L5:458-459_507-509	97	163	IL
6TH6_BA:408-409_507-509	97	163	IL
6ZM7_S2:169-175_607-609	100	167	IL
6Z6N_S2:169-175_607-609	100	167	IL
6ZME_S2:169-175_607-609	100	167	IL
6ZMI_S2:169-175_607-609	100	167	IL
6ZMO_S2:169-175_607-609	100	167	IL
6Z6M_S2:169-175_607-609	100	167	IL
6Z6L_S2:169-175_607-609	100	167	IL
6ZVH_2:1233-1235_1244-1245	103	172	IL
6OLI_S2:1233-1235_1244-1245	103	172	IL
6OM0_S2:1233-1235_1244-1245	103	172	IL
8PPK_2:1509-1510_1524-1526	103	172	IL
6OLE_S2:1233-1235_1244-1245	103	172	IL
6QZP_S2:1233-1235_1244-1245	103	172	IL
6Z6L_L5:4610-4613_4627-4628	111	183	IL
5AJ0_A2:4572-4575_4589-4590	111	183	IL
6Z6M_L5:4610-4613_4627-4628	111	183	IL
6LQM_2:4610-4613_4627-4628	111	183	IL
6Y6X_L5:4610-4613_4627-4628	111	183	IL
6Z6N_L5:4610-4613_4627-4628	111	183	IL
8XSX_L5:4610-4613_4627-4628	111	183	IL
6IP6_1A:4610-4613_4627-4628	111	184	IL
6IP8_1A:4610-4613_4627-4628	111	184	IL
6IP5_1A:4610-4613_4627-4628	111	184	IL
6Y0G_L5:4610-4613_4627-4628	111	184	IL
7BHP_L5:4610-4613_4627-4628	111	184	IL
6Y57_L5:4610-4613_4627-4628	111	184	IL
6ZME_S2:1530-1533_1569-1572	113	188	IL
6Z6M_S2:1530-1533_1569-1572	113	188	IL
6ZM7_S2:1530-1533_1569-1572	113	188	IL
6Z6N_S2:1530-1533_1569-1572	113	188	IL
6ZMO_S2:1530-1533_1569-1572	113	188	IL
6ZMI_S2:1530-1533_1569-1572	113	188	IL
6Z6L_S2:1530-1533_1569-1572	113	188	IL
5O60_A:1424-1427_1820-1821	121	201	IL
7S0S_C:1424-1427_1820-1821	121	201	IL
5O61_A:1424-1427_1820-1821	121	201	IL
7Y41_A:1424-1427_1820-1821	121	201	IL
5X8P_A:1330-1333_1638-1639	121	201	IL
6Z6M_L5:750-751_928-932	126	208	IL
6ZMO_L5:750-751_928-932	126	208	IL
6Z6L_L5:750-751_928-932	126	208	IL
6ZM7_L5:750-751_928-932	126	208	IL
6LQM_2:750-751_928-932	126	208	IL
6LU8_2:750-751_928-932	126	208	IL
6ZME_L5:750-751_928-932	126	208	IL
6Y6X_L5:750-751_928-932	126	208	IL
6ZMI_L5:750-751_928-932	126	208	IL
6LSS_2:750-751_928-932	126	208	IL
8XSX_L5:750-751_928-932	126	208	IL
6Z6N_L5:750-751_928-932	126	208	IL
6IP8_1A:750-751_928-932	126	209	IL
7BHP_L5:750-751_928-932	126	209	IL
6Y57_L5:750-752_927-932	126	209	IL
6IP6_1A:750-751_928-932	126	209	IL
6Y0G_L5:750-751_928-932	126	209	IL
6IP5_1A:750-751_928-932	126	209	IL
5O60_A:1467-1469_1490-1493	128	212	IL
7OTC_A:1352-1354_1375-1378	128	212	IL
7Y41_A:1467-1469_1490-1493	128	212	IL
7JT1_1:1352-1354_1375-1378	128	212	IL
5O61_A:1467-1469_1490-1493	128	212	IL
7S0S_C:1467-1469_1490-1493	128	212	IL
5X8P_A:1373-1375_1396-1399	128	212	IL
7OIF_1:1352-1354_1375-1378	128	212	IL
6Z6L_S2:344-345_432-437	129	215	IL
6ZME_S2:344-345_432-437	129	215	IL
6ZM7_S2:344-345_432-437	129	215	IL
6Z6M_S2:344-345_432-437	129	215	IL
6ZMO_S2:344-345_432-437	129	215	IL
6ZMI_S2:344-345_432-437	129	215	IL
6IP6_1A:1730-1731_1759-1761	132	220	IL
8XSX_L5:1730-1731_1759-1761	132	220	IL
6ZMI_L5:1730-1731_1759-1761	132	220	IL
6ZM7_L5:1730-1731_1759-1761	132	220	IL
6Z6L_L5:1730-1731_1759-1761	132	220	IL
6Z6M_L5:1730-1731_1759-1761	132	220	IL
6Z6N_L5:1730-1731_1759-1761	132	220	IL
6ZME_L5:1730-1731_1759-1761	132	220	IL
6Y6X_L5:1730-1731_1759-1761	132	220	IL
6ZMO_L5:1730-1731_1759-1761	132	220	IL
6DZP_A:2874-2880_2885-2890	133	222	IL
6DZI_A:2874-2880_2885-2890	133	222	IL
4V7E_Aa:3019-3025_3030-3035	133	222	IL
7UPH_I:4145-4151_4156-4161	133	222	IL
4V6U_B1:2767-2773_2778-2783	133	222	IL
8OIQ_B8:1454-1460_1465-1470	133	222	IL
6O8Z_A:193-199_206-213	133	222	IL
4V7H_B5:81-87_95-100	133	222	IL
6SPE_a:401-408_419-425	136	226	IL
8A3L_A:407-414_425-431	136	226	IL
7JT3_3:407-414_425-431	136	226	IL
4V77_AA:407-413_426-431	136	226	IL
8BH7_a:416-424_434-440	136	226	IL
5LMN_A:407-414_425-431	136	226	IL
5O60_A:2745-2746_2763-2766	137	228	IL
8UU5_A:362-364_413-417	137	228	IL
7OTC_A:2521-2522_2539-2542	137	228	IL
7JT1_1:2521-2522_2539-2542	137	228	IL
5O61_A:2745-2746_2763-2766	137	228	IL
7S0S_C:2745-2746_2763-2766	137	228	IL
7Y41_A:2745-2746_2763-2766	137	228	IL
5X8P_A:2538-2539_2556-2559	137	228	IL
7OIF_1:2521-2522_2539-2542	137	228	IL
4V6U_B1:2636-2637_2654-2657	137	228	IL
6ZME_L5:1742-1743_1747-1749	139	233	IL
6ZM7_L5:1742-1743_1747-1749	139	233	IL
6ZMO_L5:1742-1743_1747-1749	139	233	IL
6Z6L_L5:1742-1743_1747-1749	139	233	IL
6ZMI_L5:1742-1743_1747-1749	139	233	IL
6LQM_2:1742-1743_1747-1749	139	233	IL
6Z6M_L5:1742-1743_1747-1749	139	233	IL
4V91_4:67-68_88-90	140	235	IL
5IT7_8:67-68_88-90	140	235	IL
7ZRS_3:67-68_88-90	140	235	IL
4V8T_8:67-68_88-90	140	235	IL
8ETI_2:75-76_96-98	140	235	IL
7R7A_2:67-68_88-90	140	235	IL
7OLD_4:67-68_88-90	140	235	IL
6IP8_1A:3923-3928_3940-3947	142	238	IL
6Y6X_L5:3923-3928_3940-3947	142	238	IL
6IP6_1A:3923-3928_3940-3947	142	238	IL
6Z6N_L5:3923-3928_3940-3947	142	238	IL
6Z6L_L5:3923-3928_3940-3947	142	238	IL
6IP5_1A:3923-3928_3940-3947	142	238	IL
6Z6M_L5:3923-3928_3940-3947	142	238	IL
7BHP_L5:3923-3928_3940-3947	142	238	IL
8XSX_L5:3923-3928_3940-3947	142	238	IL
7OIG_2:1302-1306_1329-1333	151	251	IL
7OTC_a:1302-1306_1329-1333	151	251	IL
5J8A_BA:1302-1306_1329-1333	151	251	IL
4V85_AA:1302-1306_1329-1333	151	251	IL
8QBT_i:1302-1306_1329-1333	151	251	IL
8SA6_A:96-100_138-143	151	252	IL
4V6U_B1:1349-1356_1375-1379	151	252	IL
3GX7_A:16-20_30-37	151	252	IL
7QH4_A:26-31_559-564	151	252	IL
8BH7_a:1313-1319_1338-1344	151	252	IL
4V6U_B1:2251-2258_2277-2281	151	252	IL
3GX6_A:16-20_30-37	151	252	IL
6OM7_t:949-952_971-974	152	253	IL
6OLI_t:949-952_971-974	152	253	IL
6OM0_t:949-952_971-974	152	253	IL
6OLE_t:949-952_971-974	152	253	IL
6OLF_t:949-952_971-974	152	253	IL
4V7H_AA:1144-1145_1422-1424	157	262	IL
7OTC_A:2590-2591_2600-2602	157	262	IL
7OIF_1:2590-2591_2600-2602	157	262	IL
5O61_A:2814-2815_2824-2826	157	262	IL
7UPH_I:4084-4085_4094-4096	157	262	IL
5X8P_A:2607-2608_2617-2619	157	262	IL
5O60_A:2814-2815_2824-2826	157	262	IL
7JT1_1:2590-2591_2600-2602	157	262	IL
7Y41_A:2814-2815_2824-2826	157	262	IL
7S0S_C:2814-2815_2824-2826	157	262	IL
6LQM_2:1340-1342_1483-1497	160	266	IL
6LU8_2:1340-1342_1483-1497	160	266	IL
6Y0G_L5:1340-1342_1483-1497	160	266	IL
6Z6M_L5:1340-1342_1483-1497	160	266	IL
6ZME_L5:1340-1342_1483-1497	160	266	IL
6ZM7_L5:1340-1342_1483-1497	160	266	IL
6Z6L_L5:1340-1342_1483-1497	160	266	IL
6ZMO_L5:1340-1342_1483-1497	160	266	IL
6ZMI_L5:1340-1342_1483-1497	160	266	IL
7P7S_A:1736-1741_1746-1752	160	267	IL
6Y57_L5:1340-1342_1484-1497	160	267	IL
7P7S_a:908-916_928-933	160	267	IL
6LSS_2:1340-1342_1483-1497	160	267	IL
6IP8_1A:1340-1342_1483-1497	160	267	IL
7BHP_L5:1340-1342_1484-1497	160	267	IL
6IP6_1A:1340-1342_1483-1497	160	268	IL
6Y6X_L5:1340-1342_1483-1497	160	268	IL
6IP5_1A:1340-1342_1483-1497	160	268	IL
6Z6N_L5:1340-1342_1483-1497	160	268	IL
8XSX_L5:1340-1342_1483-1497	160	268	IL
6ZMO_L5:388-389_405-407	161	270	IL
6ZM7_L5:388-389_405-407	161	270	IL
6ZMI_L5:388-389_405-407	161	270	IL
6Y6X_L5:388-389_405-407	161	270	IL
7BHP_L5:388-389_405-407	161	270	IL
8XSX_L5:388-389_405-407	161	270	IL
6Z6L_L5:388-389_405-407	161	270	IL
6Z6N_L5:388-389_405-407	161	270	IL
6Z6M_L5:388-389_405-407	161	270	IL
6ZME_L5:388-389_405-407	161	270	IL
7Z34_2:84-86_93-94	163	274	IL
8Q5I_3:84-86_93-94	163	274	IL
4V8T_7:84-86_93-94	163	274	IL
4V91_3:84-86_93-94	163	274	IL
5I4L_7:84-86_93-94	163	274	IL
7ZRS_4:84-86_93-94	163	274	IL
5VYC_i3:1361-1362_1647-1649	165	278	IL
5VYC_i6:1361-1362_1647-1649	165	278	IL
5VYC_i1:1361-1362_1647-1649	165	278	IL
5VYC_i4:1361-1362_1647-1649	165	278	IL
5VYC_i5:1361-1362_1647-1649	165	278	IL
5VYC_i2:1361-1362_1647-1649	165	278	IL
4UG0_S2:1361-1362_1647-1649	165	278	IL
5T2C_AA:1361-1362_1647-1649	165	278	IL
6Y57_L5:1336-1337_1500-1502	182	308	IL
6Y0G_L5:1336-1337_1500-1502	182	308	IL
6Z6N_L5:1336-1337_1500-1502	182	308	IL
6ZM7_L5:1336-1337_1500-1502	182	308	IL
6Z6M_L5:1336-1337_1500-1502	182	308	IL
6LSS_2:1336-1337_1500-1502	182	308	IL
6ZMI_L5:1336-1337_1500-1502	182	308	IL
8XSX_L5:1336-1337_1500-1502	182	308	IL
6ZME_L5:1336-1337_1500-1502	182	308	IL
6ZMO_L5:1336-1337_1500-1502	182	308	IL
6LQM_2:1336-1337_1500-1502	182	308	IL
6LSR_2:1336-1337_1500-1502	182	308	IL
6Y6X_L5:1336-1337_1500-1502	182	308	IL
6LU8_2:1336-1337_1500-1502	182	308	IL
6Z6L_L5:1336-1337_1500-1502	182	308	IL
7BHP_L5:1336-1337_1500-1502	182	308	IL
6Y57_L5:4506-4508_4526-4530	185	313	IL
6IP5_1A:4506-4508_4526-4530	185	313	IL
6LQM_2:4506-4508_4526-4530	185	313	IL
6Y0G_L5:4506-4508_4526-4530	185	313	IL
7BHP_L5:4506-4508_4526-4530	185	313	IL
8XSX_L5:4506-4508_4526-4530	185	313	IL
5AJ0_A2:4468-4470_4488-4492	185	313	IL
6Z6N_L5:4506-4508_4526-4530	185	313	IL
6Y6X_L5:4506-4508_4526-4530	185	313	IL
6IP6_1A:4506-4508_4526-4530	185	313	IL
6Z6M_L5:4506-4508_4526-4530	185	313	IL
6Z6L_L5:4506-4508_4526-4530	185	313	IL
7Y41_A:2273-2275_2840-2841	186	316	IL
7S0S_C:2273-2275_2840-2841	186	316	IL
5O61_A:2273-2275_2840-2841	186	316	IL
5O60_A:2273-2275_2840-2841	186	316	IL
7QEP_3:124-126_159-160	186	316	IL
5VYC_i6:183-188_212-214	189	321	IL
5VYC_i1:183-188_212-214	189	321	IL
5VYC_i2:183-188_212-214	189	321	IL
5VYC_i5:183-188_212-214	189	321	IL
5VYC_i3:183-188_212-214	189	321	IL
4UG0_S2:933-942_974-982	192	326	IL
5VYC_i2:933-942_974-982	192	326	IL
5VYC_i4:933-942_974-982	192	326	IL
5LKS_S2:933-942_974-982	192	326	IL
5VYC_i5:933-942_974-982	192	326	IL
5VYC_i3:1356-1358_1652-1654	194	330	IL
5T2C_AA:1356-1358_1652-1654	194	330	IL
5VYC_i5:1356-1358_1652-1654	194	330	IL
5VYC_i4:1356-1358_1652-1654	194	330	IL
4UG0_S2:1356-1358_1652-1654	194	330	IL
5VYC_i2:1356-1358_1652-1654	194	330	IL
5VYC_i6:1356-1358_1652-1654	194	330	IL
5VYC_i1:1356-1358_1652-1654	194	330	IL
7S0S_C:852-854_871-872	197	335	IL
6V3B_AN1:1072-1074_1095-1096	197	335	IL
7Y41_A:852-854_871-872	197	335	IL
5O61_A:852-854_871-872	197	335	IL
5O60_A:852-854_871-872	197	335	IL
6LSS_2:4176-4178_4651-4652	197	336	IL
7BHP_L5:4176-4178_4651-4652	197	336	IL
6IP8_1A:4176-4178_4651-4652	197	336	IL
6Y0G_L5:4176-4178_4651-4652	197	336	IL
6Y57_L5:4176-4178_4651-4652	197	336	IL
6IP5_1A:4176-4178_4651-4652	197	336	IL
6IP6_1A:4176-4178_4651-4652	197	336	IL
6LU8_2:4176-4178_4651-4652	197	336	IL
6LQM_2:4176-4178_4651-4652	197	336	IL
6Z6M_L5:4176-4178_4651-4652	197	338	IL
6Z6N_L5:4176-4178_4651-4652	197	338	IL
6Y6X_L5:4176-4178_4651-4652	197	338	IL
8XSX_L5:4176-4178_4651-4652	197	338	IL
6Z6L_L5:4176-4178_4651-4652	197	338	IL
6Y57_L5:1813-1814_1839-1841	199	340	IL
6IP6_1A:1813-1814_1839-1841	199	340	IL
6IP8_1A:1813-1814_1839-1841	199	340	IL
6LU8_2:1813-1814_1839-1841	199	340	IL
6LSS_2:1813-1814_1839-1841	199	340	IL
7BHP_L5:1813-1814_1839-1841	199	340	IL
6Y0G_L5:1813-1814_1839-1841	199	340	IL
7QEP_2:14-15_61-63	199	340	IL
6IP5_1A:1813-1814_1839-1841	199	340	IL
6LQM_2:1813-1814_1839-1841	199	340	IL
6ZM7_L5:1813-1814_1839-1841	199	341	IL
8XSX_L5:1813-1814_1839-1841	199	341	IL
6ZMI_L5:1813-1814_1839-1841	199	341	IL
6ZMO_L5:1813-1814_1839-1841	199	341	IL
6ZME_L5:1813-1814_1839-1841	199	341	IL
6Y6X_L5:1813-1814_1839-1841	199	341	IL
6Z6N_L5:1813-1814_1839-1841	199	341	IL
6Z6L_L5:1813-1814_1839-1841	199	341	IL
6Z6M_L5:1813-1814_1839-1841	199	341	IL
5VYC_i2:1234-1236_1249-1250	200	342	IL
5VYC_i4:1234-1236_1249-1250	200	342	IL
5VYC_i6:1234-1236_1249-1250	200	342	IL
5T2C_AA:1234-1236_1249-1250	200	342	IL
5VYC_i3:1234-1236_1249-1250	200	342	IL
4UG0_S2:1234-1236_1249-1250	200	342	IL
5LKS_S2:1234-1236_1249-1250	200	342	IL
7UW1_a:963-964_1236-1238	203	349	IL
6HA1_a:976-977_1248-1250	203	349	IL
7M4W_a:963-964_1236-1238	203	349	IL
5ZEP_a:948-949_1220-1222	203	349	IL
7UNU_a:960-961_1233-1235	203	349	IL
6V3E_sN1:963-964_1236-1238	203	349	IL
5LKS_L7:83-85_92-93	220	376	IL
6IP8_1B:83-85_92-93	220	376	IL
6Z6N_L7:83-85_92-93	220	376	IL
6IP6_1B:83-85_92-93	220	376	IL
5LZS_7:83-85_92-93	220	376	IL
6IP5_1B:83-85_92-93	220	376	IL
7OYC_71:83-85_92-93	220	376	IL
6ZME_L7:83-85_92-93	220	378	IL
6ZMO_L7:83-85_92-93	220	378	IL
6ZM7_L7:83-85_92-93	220	378	IL
6ZMI_L7:83-85_92-93	220	378	IL
4UG0_L7:83-85_92-93	220	378	IL
5T2C_B:83-85_92-93	220	378	IL
6Z6L_L7:83-85_92-93	220	378	IL
6Z6M_L7:83-85_92-93	220	378	IL
6IP8_1A:4554-4556_4580-4581	221	379	IL
6LQM_2:4554-4556_4580-4581	221	379	IL
6Z6M_L5:4554-4556_4580-4581	221	379	IL
6LU8_2:4554-4556_4580-4581	221	379	IL
6Y6X_L5:4554-4556_4580-4581	221	379	IL
6LSS_2:4554-4556_4580-4581	221	379	IL
6Z6L_L5:4554-4556_4580-4581	221	379	IL
6Y0G_L5:4554-4556_4580-4581	221	379	IL
6Z6N_L5:4554-4556_4580-4581	221	379	IL
7BHP_L5:4554-4556_4580-4581	221	379	IL
8XSX_L5:4554-4556_4580-4581	221	379	IL
6Y57_L5:4554-4556_4580-4581	221	379	IL
5VYC_i4:1329-1331_1819-1822	222	381	IL
5VYC_i3:1329-1331_1819-1822	222	381	IL
5T2C_AA:1329-1331_1819-1822	222	381	IL
5VYC_i5:1329-1331_1819-1822	222	381	IL
5VYC_i2:1329-1331_1819-1822	222	381	IL
5VYC_i6:1329-1331_1819-1822	222	381	IL
5VYC_i1:1329-1331_1819-1822	222	381	IL
4UG0_S2:1329-1331_1819-1822	222	381	IL
6OM7_S2:145-150_166-172	232	397	IL
8RW1_2:142-147_163-169	232	397	IL
6FEC_A:145-150_166-172	232	397	IL
6OM0_S2:145-150_166-172	232	397	IL
6OLE_S2:145-150_166-172	232	397	IL
6OLI_S2:145-150_166-172	232	397	IL
6OLF_S2:145-150_166-172	232	397	IL
6ZVH_2:145-150_166-172	232	397	IL
8QBT_i:147-152_167-173	232	398	IL
5J8A_BA:147-152_167-173	232	398	IL
4V85_AA:147-152_167-173	232	398	IL
7OIG_2:147-152_167-173	232	398	IL
4UER_A:143-148_164-170	232	398	IL
7UPH_I:146-151_166-172	232	398	IL
3J7P_S2:145-150_166-172	232	398	IL
6QZP_S2:145-150_166-172	232	398	IL
8BH7_a:147-152_167-173	232	398	IL
6ZVK_K3:145-150_166-172	232	398	IL
7OTC_a:147-152_167-173	232	398	IL
7OIG_2:374-375_386-388	234	403	IL
8QBT_i:374-375_386-388	234	403	IL
4V85_AA:374-375_386-388	234	403	IL
7UPH_I:373-374_385-387	234	403	IL
5J8A_BA:374-375_386-388	234	403	IL
7OTC_a:374-375_386-388	234	403	IL
7OTC_A:2511-2512_2570-2573	236	405	IL
7UPH_I:4005-4006_4064-4067	236	405	IL
7OIF_1:2511-2512_2570-2573	236	405	IL
5X8P_A:2528-2529_2587-2590	236	405	IL
7JT1_1:2511-2512_2570-2573	236	405	IL
6Z6M_L5:2746-2750_2755-2758	237	408	IL
6Y6X_L5:2746-2750_2755-2758	237	408	IL
6Z6N_L5:2746-2750_2755-2758	237	408	IL
7BHP_L5:2746-2750_2754-2758	237	408	IL
6Z6L_L5:2746-2750_2755-2758	237	408	IL
3J7P_S2:40-46_417-419	238	409	IL
6OLF_S2:40-46_417-419	238	409	IL
6OLI_S2:40-46_417-419	238	409	IL
6OLE_S2:40-46_417-419	238	409	IL
6OM0_S2:40-46_417-419	238	409	IL
6OM7_S2:40-46_417-419	238	409	IL
6QZP_S2:40-46_417-419	238	409	IL
6ICZ_F:58-60_74-75	239	411	IL
6ID0_F:58-60_74-75	239	411	IL
3JB9_N:52-54_68-69	239	411	IL
6FF4_6:58-60_74-75	239	411	IL
5XJC_F:58-60_74-75	239	411	IL
6FF7_6:58-60_74-75	239	411	IL
6ID1_F:58-60_74-75	239	411	IL
8RO1_6:53-55_69-70	239	411	IL
6ZYM_6:58-60_74-75	239	411	IL
5YZG_F:58-60_74-75	239	411	IL
6QDV_6:58-60_74-75	239	411	IL
6ZM7_L5:291-296_305-311	241	416	IL
6ZMO_L5:291-296_305-311	241	416	IL
8XSX_L5:291-296_305-311	241	416	IL
6ZMI_L5:291-296_305-311	241	416	IL
6ZME_L5:291-296_305-311	241	416	IL
6Z6N_L5:291-296_305-311	241	416	IL
6Y6X_L5:1853-1855_1866-1867	242	420	IL
6Y0G_L5:1853-1855_1866-1867	242	420	IL
6ZMO_L5:1853-1855_1866-1867	242	420	IL
6LQM_2:1853-1855_1866-1867	242	420	IL
6Z6N_L5:1853-1855_1866-1867	242	420	IL
6ZM7_L5:1853-1855_1866-1867	242	420	IL
6IP6_1A:1853-1855_1866-1867	242	420	IL
7BHP_L5:1853-1855_1866-1867	242	420	IL
6Z6L_L5:1853-1855_1866-1867	242	420	IL
6IP8_1A:1853-1855_1866-1867	242	420	IL
6IP5_1A:1853-1855_1866-1867	242	420	IL
8XSX_L5:1853-1855_1866-1867	242	420	IL
6ZME_L5:1853-1855_1866-1867	242	420	IL
6Y57_L5:1853-1855_1866-1867	242	420	IL
6Z6M_L5:1853-1855_1866-1867	242	420	IL
6ZMI_L5:1853-1855_1866-1867	242	420	IL
6Z6M_S2:317-320_335-338	243	423	IL
6ZM7_S2:317-320_335-338	243	423	IL
6Z6N_S2:317-320_335-338	243	423	IL
6ZMI_S2:317-320_335-338	243	423	IL
6Z6L_S2:317-320_335-338	243	423	IL
6ZME_S2:317-320_335-338	243	423	IL
6ZMO_S2:317-320_335-338	243	423	IL
5X8P_A:1873-1876_1887-1891	247	430	IL
6DZI_A:815-820_837-843	247	430	IL
7UPH_I:2035-2038_2053-2056	247	430	IL
7OTC_a:1415-1418_1480-1483	247	430	IL
7JT1_1:535-538_553-556	247	430	IL
7OTC_A:535-538_553-556	247	430	IL
6DZP_A:815-820_837-843	247	430	IL
7OIF_1:535-538_553-556	247	430	IL
7OIG_2:1415-1418_1480-1483	247	430	IL
5T2C_AA:1078-1082_1093-1100	248	431	IL
5KPY_A:34-42_58-62	248	431	IL
4UG0_S2:1078-1082_1093-1100	248	431	IL
6IP5_2m:1078-1082_1093-1100	248	431	IL
6IP8_2m:1078-1082_1093-1100	248	431	IL
6IP6_2m:1078-1082_1093-1100	248	431	IL
5VYC_i5:1078-1082_1093-1100	248	431	IL
5LKS_S2:1078-1082_1093-1100	248	431	IL
5VYC_i6:1078-1082_1093-1100	248	432	IL
5VYC_i4:1078-1082_1093-1100	248	432	IL
5VYC_i1:1078-1082_1093-1100	248	432	IL
5VYC_i3:1078-1082_1093-1100	248	432	IL
5VYC_i2:1078-1082_1093-1100	248	432	IL
6V3E_sN1:784-788_814-815	250	436	IL
7M4W_a:784-788_814-815	250	436	IL
6HA1_a:796-800_826-827	250	436	IL
5ZEP_a:767-771_797-798	250	436	IL
7UW1_a:784-788_814-815	250	436	IL
7UNU_a:781-785_811-812	250	436	IL
6LU8_2:2621-2627_4121-4126	252	438	IL
6IP6_1A:2621-2627_4121-4126	252	438	IL
6IP5_1A:2621-2627_4121-4126	252	438	IL
6IP8_1A:2621-2627_4121-4126	252	438	IL
6LSS_2:2621-2627_4121-4126	252	438	IL
6LQM_2:2621-2627_4121-4126	252	438	IL
6Y6X_L5:2621-2627_4121-4126	252	440	IL
6Z6M_L5:2621-2627_4121-4126	252	440	IL
8XSX_L5:2621-2627_4121-4126	252	440	IL
6Z6L_L5:2621-2627_4121-4126	252	440	IL
6Z6N_L5:2621-2627_4121-4126	252	440	IL
6OLE_t:1296-1298_1410-1411	253	441	IL
6OLI_t:1296-1298_1410-1411	253	441	IL
6OLF_t:1296-1298_1410-1411	253	441	IL
6OM0_t:1296-1298_1410-1411	253	441	IL
6OM7_t:1296-1298_1410-1411	253	441	IL
6ZMO_L5:2740-2742_2762-2763	260	452	IL
6Z6L_L5:2740-2742_2762-2763	260	452	IL
7BHP_L5:2740-2742_2762-2763	260	452	IL
8XSX_L5:2740-2742_2762-2763	260	452	IL
6LU8_2:2740-2742_2762-2763	260	452	IL
6Y6X_L5:2740-2742_2762-2763	260	452	IL
6LSS_2:2740-2742_2762-2763	260	452	IL
6Z6N_L5:2740-2742_2762-2763	260	452	IL
6Y57_L5:2740-2742_2762-2763	260	452	IL
6Y0G_L5:2740-2742_2762-2763	260	452	IL
6Z6M_L5:2740-2742_2762-2763	260	452	IL
6ZM7_L5:2740-2742_2762-2763	260	452	IL
6ZME_L5:2740-2742_2762-2763	260	452	IL
6ZMI_L5:2740-2742_2762-2763	260	452	IL
4UER_A:149-151_161-163	261	455	IL
6ZVK_K3:151-153_163-165	261	455	IL
6OLE_S2:151-153_163-165	261	455	IL
6OM7_S2:151-153_163-165	261	455	IL
6OM0_S2:151-153_163-165	261	455	IL
6OLI_S2:151-153_163-165	261	455	IL
4V5R_AY:25-26_42-44	267	464	IL
4V5Q_AY:25-26_42-44	267	464	IL
4V5S_CY:25-26_42-44	267	464	IL
4V5P_AY:25-26_42-44	267	464	IL
4V5R_CY:25-26_42-44	267	464	IL
4V5L_AY:25-26_42-44	267	464	IL
4V5P_CY:25-26_42-44	267	464	IL
4V5Q_CY:25-26_42-44	267	464	IL
4V5S_AY:25-26_42-44	267	464	IL
6PCT_I:1000-1002_1165-1166	269	468	IL
4U4Z_3:20-25_56-57	269	468	IL
5I4L_7:20-25_56-57	269	468	IL
4V8Z_B7:20-25_56-57	269	468	IL
4V91_3:20-25_56-57	269	468	IL
4U50_3:20-25_56-57	269	468	IL
7UQB_3:20-25_56-57	269	468	IL
4V8T_7:20-25_56-57	269	468	IL
7ZRS_4:20-25_56-57	269	468	IL
5O60_A:1903-1908_1913-1919	273	474	IL
7UPH_I:3179-3184_3190-3195	273	474	IL
5O61_A:1903-1908_1913-1919	273	474	IL
7S0S_C:1903-1908_1913-1919	273	474	IL
4V6U_B1:1844-1849_1854-1860	273	474	IL
4V7E_Aa:1913-1918_1923-1929	273	474	IL
6SPB_A:1677-1682_1687-1693	273	475	IL
7OTC_A:1685-1690_1695-1701	273	475	IL
7OIF_1:1685-1690_1695-1701	273	475	IL
7Y41_A:1903-1908_1913-1919	273	475	IL
5X8P_A:1721-1726_1731-1737	273	475	IL
7JT1_1:1685-1690_1695-1701	273	475	IL
6ZMO_S2:1410-1415_1442-1443	276	481	IL
6Z6N_S2:1410-1415_1442-1443	276	481	IL
6Z6L_S2:1410-1415_1442-1443	276	481	IL
6ZM7_S2:1410-1415_1442-1443	276	481	IL
6Z6M_S2:1410-1415_1442-1443	276	481	IL
6O8Z_A:319-321_396-397	281	489	IL
6ZMO_S2:1491-1493_1502-1503	281	489	IL
6ZME_S2:1491-1493_1502-1503	281	489	IL
6Z6M_S2:1491-1493_1502-1503	281	489	IL
6ZMI_S2:1491-1493_1502-1503	281	489	IL
6Z6L_S2:1491-1493_1502-1503	281	489	IL
6ZM7_S2:1491-1493_1502-1503	281	489	IL
6Z6N_S2:1491-1493_1502-1503	281	489	IL
6OM0_E:14-15_61-63	281	490	IL
6OLG_A4:14-15_61-63	281	490	IL
6SWA_s:14-15_61-63	281	490	IL
6LU8_5:14-15_61-63	281	490	IL
6OLF_E:14-15_61-63	281	490	IL
6Y0G_L7:14-15_61-63	281	490	IL
6LQM_5:14-15_61-63	281	490	IL
6OLZ_A4:14-15_61-63	281	490	IL
6Y6X_L7:14-15_61-63	281	490	IL
6FTG_v:14-15_61-63	281	490	IL
6Y57_L7:14-15_61-63	281	490	IL
3JAI_7:14-15_61-63	281	490	IL
9F1C_B7:14-15_61-63	281	490	IL
6QZP_L7:14-15_61-63	281	490	IL
3J7R_7:14-15_61-63	281	490	IL
7BHP_L7:14-15_61-63	281	490	IL
6Y2L_L7:14-15_61-63	281	490	IL
6LSS_5:14-15_61-63	281	490	IL
6OM7_t:80-87_95-101	283	493	IL
6OLE_t:80-87_95-101	283	493	IL
6OM0_t:80-87_95-101	283	493	IL
6OLF_t:80-87_95-101	283	493	IL
6OLI_t:80-87_95-101	283	493	IL
6QZP_L5:81-87_95-100	283	494	IL
6OLZ_A2:80-87_95-101	283	494	IL
6ZVK_e2:81-87_95-100	283	494	IL
6OLG_A2:80-87_95-101	283	494	IL
6SWA_q:80-87_95-101	283	494	IL
6SPB_A:189-194_203-209	283	494	IL
8XSX_L5:342-348_359-364	287	499	IL
6LQM_2:342-348_359-364	287	499	IL
5TGA_6:46-52_435-437	287	499	IL
6IP8_1A:342-348_359-364	287	499	IL
7BHP_L5:342-348_359-364	287	499	IL
6Y0G_L5:342-348_359-364	287	500	IL
6Z6N_L5:342-348_359-364	287	500	IL
6ZM7_L5:342-348_359-364	287	500	IL
6LU8_2:342-348_359-364	287	500	IL
6Z6M_L5:342-348_359-364	287	500	IL
6Y6X_L5:342-348_359-364	287	500	IL
6Y57_L5:342-348_359-364	287	500	IL
6ZME_L5:342-348_359-364	287	500	IL
6ZMI_L5:342-348_359-364	287	500	IL
6Z6L_L5:342-348_359-364	287	500	IL
6ZM7_L5:2346-2348_2535-2536	288	501	IL
6Y0G_L5:2346-2348_2535-2536	288	501	IL
6Z6L_L5:2346-2348_2535-2536	288	501	IL
6Z6M_L5:2346-2348_2535-2536	288	501	IL
6ZMO_L5:2346-2348_2535-2536	288	501	IL
7BHP_L5:2346-2348_2535-2536	288	501	IL
6ZMI_L5:2346-2348_2535-2536	288	501	IL
8XSX_L5:2346-2348_2535-2536	288	501	IL
6Z6N_L5:2346-2348_2535-2536	288	501	IL
6Y57_L5:2346-2348_2535-2536	288	501	IL
6Y6X_L5:2346-2348_2535-2536	288	501	IL
6ZME_L5:2346-2348_2535-2536	288	501	IL
6LSS_2:2346-2348_2535-2536	288	503	IL
6IP5_1A:2346-2348_2535-2536	288	503	IL
6LQM_2:2346-2348_2535-2536	288	503	IL
6IP6_1A:2346-2348_2535-2536	288	503	IL
6LU8_2:2346-2348_2535-2536	288	503	IL
6IP8_1A:2346-2348_2535-2536	288	503	IL
6Z6L_S2:1175-1179_1195-1199	289	505	IL
6Z6M_S2:1175-1179_1195-1199	289	505	IL
6ZME_S2:1175-1179_1195-1199	289	505	IL
6ZMI_S2:1175-1179_1195-1199	289	505	IL
6ZMO_S2:1175-1179_1195-1199	289	505	IL
6ZM7_S2:1175-1179_1195-1199	289	505	IL
6Z6N_S2:1175-1179_1195-1199	289	505	IL
6Y6X_L5:381-385_410-416	297	516	IL
6ZM7_L5:381-385_410-416	297	516	IL
8XSX_L5:381-385_410-416	297	516	IL
6Y57_L5:381-385_410-416	297	516	IL
6LQM_2:381-385_410-416	297	516	IL
6LSS_2:381-385_410-416	297	516	IL
6ZMI_L5:381-385_410-416	297	516	IL
6Y2L_L5:382-386_411-417	297	516	IL
6Y0G_L5:381-385_410-416	297	517	IL
6IP5_1A:381-385_410-416	297	517	IL
6LU8_2:381-385_410-416	297	517	IL
6IP8_1A:381-385_410-416	297	517	IL
7BHP_L5:381-385_410-416	297	517	IL
6Z6M_L5:381-385_410-416	297	518	IL
6Z6L_L5:381-385_410-416	297	518	IL
6ZMO_L5:381-385_410-416	297	518	IL
6ZME_L5:381-385_410-416	297	518	IL
6Z6N_L5:381-385_410-416	297	518	IL
5VYC_i1:1528-1536_1561-1570	300	521	IL
5VYC_i2:1528-1536_1561-1570	300	521	IL
4UG0_S2:1528-1536_1561-1570	300	521	IL
5VYC_i6:1528-1536_1561-1570	300	521	IL
5VYC_i4:1528-1536_1561-1570	300	521	IL
5VYC_i3:1528-1536_1561-1570	300	521	IL
5VYC_i5:1528-1536_1561-1570	300	521	IL
8XSX_L5:745-748_934-935	304	529	IL
6ZMI_L5:745-748_934-935	304	529	IL
6Y6X_L5:745-748_934-935	304	529	IL
6LQM_2:745-748_934-935	304	529	IL
6LSS_2:745-748_934-935	304	529	IL
6Z6L_L5:745-748_934-935	304	529	IL
6ZME_L5:745-748_934-935	304	529	IL
6Z6N_L5:745-748_934-935	304	529	IL
6LU8_2:745-748_934-935	304	529	IL
6Z6M_L5:745-748_934-935	304	529	IL
6ZM7_L5:745-748_934-935	304	529	IL
6ZMO_L5:745-748_934-935	304	529	IL
6ID1_F:60-61_71-74	305	530	IL
8RO1_6:55-56_66-69	305	530	IL
6ID0_F:60-61_71-74	305	530	IL
5YZG_F:60-61_71-74	305	530	IL
5XJC_F:60-61_71-74	305	530	IL
6ICZ_F:60-61_71-74	305	530	IL
6FF7_6:60-61_71-74	305	531	IL
6FF4_6:60-61_71-74	305	531	IL
6QDV_6:60-61_71-74	305	531	IL
6ZYM_6:60-61_71-74	305	531	IL
3JB9_N:54-55_65-68	305	531	IL
5VYC_i2:1058-1060_1134-1135	316	544	IL
5VYC_i3:1058-1060_1134-1135	316	544	IL
5VYC_i6:1058-1060_1134-1135	316	544	IL
5VYC_i5:1058-1060_1134-1135	316	544	IL
5T2C_AA:1058-1060_1134-1135	316	544	IL
4UG0_S2:1058-1060_1134-1135	316	544	IL
5VYC_i1:1058-1060_1134-1135	316	544	IL
5VYC_i4:1058-1060_1134-1135	316	544	IL
5J8A_BA:1254-1257_1276-1281	316	545	IL
7OIG_2:1254-1257_1276-1281	316	545	IL
8A3L_A:1253-1256_1275-1280	316	545	IL
7UPH_I:1253-1256_1275-1280	316	545	IL
8QBT_i:1254-1257_1276-1281	316	545	IL
7OTC_a:1254-1257_1276-1281	316	545	IL
4WZJ_VV:2-3_24-26	317	547	IL
4WZJ_XXX:2-3_24-26	317	547	IL
4WZJ_YY:2-3_24-26	317	547	IL
4WZJ_YYY:2-3_24-26	317	547	IL
4WZJ_Y:2-3_24-26	317	547	IL
4WZJ_XXXX:2-3_24-26	317	547	IL
4WZJ_XX:2-3_24-26	317	547	IL
4WZJ_X:2-3_24-26	317	547	IL
4WZJ_VVV:2-3_24-26	317	547	IL
4WZJ_V:2-3_24-26	317	547	IL
4WZJ_VVVV:2-3_24-26	317	547	IL
4WZJ_YYYY:2-3_24-26	317	547	IL
5VYC_i2:613-615_637-638	319	552	IL
5VYC_i3:613-615_637-638	319	552	IL
5VYC_i1:613-615_637-638	319	552	IL
5VYC_i6:613-615_637-638	319	552	IL
5VYC_i4:613-615_637-638	319	552	IL
7BHP_L5:4454-4455_4465-4467	322	559	IL
6Y6X_L5:4454-4455_4465-4467	322	559	IL
6Z6N_L5:4454-4455_4465-4467	322	559	IL
6IP8_1A:4454-4456_4464-4467	322	559	IL
6Y57_L5:4454-4455_4465-4467	322	559	IL
5AJ0_A2:4416-4417_4427-4429	322	559	IL
6Z6M_L5:4454-4455_4465-4467	322	559	IL
8XSX_L5:4454-4455_4465-4467	322	559	IL
6Y0G_L5:4454-4455_4465-4467	322	559	IL
5VYC_i4:1455-1458_1625-1626	324	562	IL
5VYC_i5:1455-1458_1625-1626	324	562	IL
4UG0_S2:1455-1458_1625-1626	324	562	IL
5VYC_i2:1455-1458_1625-1626	324	562	IL
6IP6_2m:1455-1458_1625-1626	324	562	IL
6IP5_2m:1455-1458_1625-1626	324	562	IL
6Z6L_L5:711-713_1560-1561	327	571	IL
6ZM7_L5:711-713_1560-1561	327	571	IL
6ZME_L5:711-713_1560-1561	327	571	IL
6ZMI_L5:711-713_1560-1561	327	571	IL
6Z6M_L5:711-713_1560-1561	327	571	IL
6Z6N_L5:711-713_1560-1561	327	571	IL
8XSX_L5:711-713_1560-1561	327	571	IL
6ZMO_L5:711-713_1560-1561	327	571	IL
6Y6X_L5:711-713_1560-1561	327	571	IL
7Y41_A:971-976_1029-1034	331	577	IL
5O61_A:971-976_1029-1034	331	577	IL
6O8Z_A:900-906_956-963	331	577	IL
7S0S_C:971-976_1029-1034	331	577	IL
5O60_A:971-976_1029-1034	331	577	IL
6SPB_A:847-852_905-910	331	577	IL
6Z6M_L5:2562-2564_2597-2598	335	584	IL
6Z6L_L5:2562-2564_2597-2598	335	584	IL
6ZM7_L5:2562-2564_2597-2598	335	584	IL
6ZMI_L5:2562-2564_2597-2598	335	584	IL
6ZMO_L5:2562-2564_2597-2598	335	584	IL
6OLI_S2:802-804_878-879	337	587	IL
6ZVH_2:802-804_878-879	337	587	IL
6OLF_S2:802-804_878-879	337	587	IL
6OM0_S2:802-804_878-879	337	587	IL
6QZP_S2:802-804_878-879	337	587	IL
6OLE_S2:802-804_878-879	337	587	IL
6OM7_S2:802-804_878-879	337	587	IL
7CPV_L7:82-84_91-92	338	589	IL
1S03_B:5-7_40-41	338	589	IL
6LQM_5:82-84_91-92	338	589	IL
6LSS_5:82-84_91-92	338	589	IL
4V6W_A7:82-84_91-92	338	589	IL
4V6X_A7:82-84_91-92	338	589	IL
6LU8_5:82-84_91-92	338	589	IL
6SWA_s:82-84_91-92	338	590	IL
6OLF_E:82-84_91-92	338	590	IL
6FTG_v:82-84_91-92	338	590	IL
6QZP_L7:82-84_91-92	338	590	IL
6Y57_L7:82-84_91-92	338	590	IL
6Y0G_L7:82-84_91-92	338	590	IL
6OLG_A4:82-84_91-92	338	590	IL
6Y6X_L7:82-84_91-92	338	590	IL
6OM0_E:82-84_91-92	338	590	IL
3JAI_7:82-84_91-92	338	590	IL
7BHP_L7:82-84_91-92	338	590	IL
9F1C_B7:82-84_91-92	338	590	IL
3J7R_7:82-84_91-92	338	590	IL
6Y2L_L7:82-84_91-92	338	590	IL
6Z6L_S2:1461-1463_1620-1626	339	591	IL
6Z6M_S2:1461-1463_1620-1626	339	591	IL
6ZM7_S2:1461-1463_1620-1626	339	591	IL
6ZMI_S2:1461-1463_1620-1626	339	591	IL
6Z6N_S2:1461-1463_1620-1626	339	591	IL
6ZMO_S2:1461-1463_1620-1626	339	591	IL
6ZME_S2:1461-1463_1620-1626	339	591	IL
5VYC_i6:485-490_522-529	348	604	IL
5VYC_i3:485-490_522-529	348	604	IL
5VYC_i2:485-490_522-529	348	604	IL
5VYC_i4:485-490_522-529	348	604	IL
5VYC_i1:485-490_522-529	348	604	IL
5VYC_i5:485-490_522-529	348	604	IL
6Z6N_S2:615-617_639-640	350	607	IL
6ZMO_S2:615-617_639-640	350	607	IL
6Z6M_S2:615-617_639-640	350	607	IL
6ZME_S2:615-617_639-640	350	607	IL
6ZMI_S2:615-617_639-640	350	607	IL
6ZM7_S2:615-617_639-640	350	607	IL
6Z6L_S2:615-617_639-640	350	607	IL
6ZMI_L5:2565-2572_2592-2596	355	613	IL
6ZM7_L5:2565-2572_2592-2596	355	613	IL
7BHP_L5:2565-2572_2592-2596	355	613	IL
8XSX_L5:2565-2572_2592-2596	355	613	IL
6Y6X_L5:2565-2572_2592-2596	355	613	IL
6ZME_L5:2565-2572_2592-2596	355	613	IL
6Z6L_L5:2565-2572_2592-2596	355	613	IL
6ZMO_L5:2565-2572_2592-2596	355	613	IL
6Z6M_L5:2565-2572_2592-2596	355	613	IL
6Z6N_L5:2565-2572_2592-2596	355	613	IL
6Y57_L5:2565-2572_2592-2596	355	613	IL
6Y0G_L5:2565-2572_2592-2596	355	613	IL
6LSS_2:2565-2572_2592-2596	355	615	IL
6LQM_2:2565-2572_2592-2596	355	615	IL
6LU8_2:2565-2572_2592-2596	355	615	IL
6IP6_1A:2565-2572_2592-2596	355	615	IL
6IP5_1A:2565-2572_2592-2596	355	615	IL
6G5H_2:1033-1040_1044-1045	357	617	IL
7K5I_2:1033-1040_1044-1045	357	617	IL
5OA3_2:1008-1009_1066-1069	357	617	IL
5A2Q_2:1033-1040_1044-1045	357	617	IL
6ZLW_2:1033-1040_1044-1045	357	617	IL
5VYC_i6:1173-1177_1193-1197	358	619	IL
5VYC_i2:1173-1177_1193-1197	358	619	IL
5VYC_i5:1173-1177_1193-1197	358	619	IL
5VYC_i4:1173-1177_1193-1197	358	619	IL
5VYC_i1:1173-1177_1193-1197	358	619	IL
5VYC_i3:1173-1177_1193-1197	358	619	IL
4UG0_S2:1173-1177_1193-1197	358	619	IL
5T2C_A:656-659_670-683	364	630	IL
5LKS_L5:656-659_670-683	364	630	IL
4UG0_L5:656-659_670-683	364	630	IL
5V8I_2A:1256-1260_1295-1298	364	630	IL
4D5Y_2:647-650_661-674	364	630	IL
4UJC_A2:647-650_661-674	364	630	IL
6Z6N_S2:1229-1231_1257-1259	370	640	IL
6ZM7_S2:1229-1231_1257-1259	370	640	IL
6Z6M_S2:1229-1231_1257-1259	370	640	IL
6ZMI_S2:1229-1231_1257-1259	370	640	IL
5XYU_A:65-70_399-401	370	640	IL
6Z6L_S2:1229-1231_1257-1259	370	640	IL
6ZMO_S2:1229-1231_1257-1259	370	640	IL
6ZME_S2:1229-1231_1257-1259	370	640	IL
6Y57_L5:2709-2713_2772-2777	378	652	IL
6Y0G_L5:2709-2713_2772-2777	378	652	IL
6ZMI_L5:2709-2713_2772-2777	378	652	IL
6Y6X_L5:2709-2713_2772-2777	378	652	IL
6ZMO_L5:2709-2713_2772-2777	378	652	IL
8XSX_L5:2709-2713_2772-2777	378	652	IL
6Y2L_L5:2710-2714_2773-2778	378	652	IL
4V9F_0:877-879_889-893	378	652	IL
6IP8_1A:2709-2713_2772-2777	378	653	IL
6LQM_2:2709-2713_2772-2777	378	653	IL
6LSS_2:2709-2713_2772-2777	378	653	IL
6IP5_1A:2709-2713_2772-2777	378	653	IL
6LU8_2:2709-2713_2772-2777	378	653	IL
6Z6N_L5:286-287_315-317	379	654	IL
6V3E_sN1:1417-1418_1502-1504	379	654	IL
6LU8_2:286-287_315-317	379	654	IL
6IP8_1A:286-287_315-317	379	654	IL
6Y6X_L5:286-287_315-317	379	654	IL
6LQM_2:286-287_315-317	379	654	IL
8XSX_L5:286-287_315-317	379	654	IL
6LSS_2:286-287_315-317	379	654	IL
6ZMI_L5:286-287_315-317	379	655	IL
7BHP_L5:286-287_315-317	379	655	IL
6ZM7_L5:286-287_315-317	379	655	IL
6Z6L_L5:286-287_315-317	379	655	IL
6ZME_L5:286-287_315-317	379	655	IL
6ZMO_L5:286-287_315-317	379	655	IL
7UW1_a:1417-1418_1502-1504	379	655	IL
6Y0G_L5:286-287_315-317	379	655	IL
6Z6M_L5:286-287_315-317	379	655	IL
7M4W_a:1417-1418_1502-1504	379	655	IL
6Y57_L5:286-287_315-317	379	655	IL
4V8T_7:25-26_52-56	382	658	IL
4U50_3:25-26_52-56	382	658	IL
7ZRS_4:25-26_52-56	382	658	IL
7UQB_3:25-26_52-56	382	658	IL
8I9R_C4:25-26_52-56	382	658	IL
8OVE_BD:25-26_51-55	382	658	IL
9BH5_A7:25-26_51-55	382	658	IL
4V8Z_B7:25-26_52-56	382	658	IL
7QEP_2:25-26_51-55	382	658	IL
4V8T_7:14-15_62-64	390	673	IL
4V91_3:14-15_62-64	390	673	IL
8Q5I_3:14-15_62-64	390	673	IL
5I4L_7:14-15_62-64	390	673	IL
7ZRS_4:14-15_62-64	390	673	IL
4U4Z_3:14-15_62-64	390	673	IL
4U50_3:14-15_62-64	390	673	IL
4V8Z_B7:14-15_62-64	390	673	IL
7Z34_2:14-15_62-64	390	673	IL
7UQB_3:14-15_62-64	390	673	IL
6Z6L_L5:462-464_477-478	395	684	IL
6ZMI_L5:462-464_477-478	395	684	IL
6Z6N_L5:462-464_477-478	395	684	IL
6ZMO_L5:462-464_477-478	395	684	IL
6ZM7_L5:462-464_477-478	395	684	IL
6Y6X_L5:462-464_477-478	395	684	IL
8XSX_L5:462-464_477-478	395	684	IL
6Z6M_L5:462-464_477-478	395	684	IL
6ZME_L5:462-464_477-478	395	684	IL
6QZP_S2:62-67_80-84	401	693	IL
6OLI_S2:62-67_80-84	401	693	IL
6OLE_S2:62-67_80-84	401	693	IL
7A09_2:62-67_80-84	401	693	IL
6OM0_S2:62-67_80-84	401	693	IL
6ZVH_2:62-67_80-84	401	693	IL
6Z6L_L5:1808-1809_1875-1877	402	695	IL
6Z6N_L5:1808-1809_1875-1877	402	695	IL
6IP6_1A:1808-1809_1875-1877	402	695	IL
8XSX_L5:1808-1809_1875-1877	402	695	IL
6Y0G_L5:1808-1809_1875-1877	402	695	IL
6IP5_1A:1808-1809_1875-1877	402	695	IL
6ZMI_L5:1808-1809_1875-1877	402	695	IL
7BHP_L5:1808-1809_1875-1877	402	695	IL
6Y6X_L5:1808-1809_1875-1877	402	695	IL
6Y57_L5:1808-1809_1875-1877	402	695	IL
6ZMO_L5:1808-1809_1875-1877	402	695	IL
6IP8_1A:1808-1809_1875-1877	402	695	IL
6ZM7_L5:1808-1809_1875-1877	402	695	IL
6Z6M_L5:1808-1809_1875-1877	402	695	IL
6ZME_L5:1808-1809_1875-1877	402	695	IL
6ZMO_L5:1887-1889_1899-1903	404	700	IL
6ZM7_L5:1887-1889_1899-1903	404	700	IL
6ZME_L5:1887-1889_1899-1903	404	700	IL
8XSX_L5:1887-1889_1899-1903	404	700	IL
6Z6N_L5:1887-1889_1899-1903	404	700	IL
6Z6M_L5:1887-1889_1899-1903	404	700	IL
5AJ0_A2:1868-1870_1880-1884	404	700	IL
6Y6X_L5:1887-1889_1899-1903	404	700	IL
6ZMI_L5:1887-1889_1899-1903	404	700	IL
6Z6L_L5:1887-1889_1899-1903	404	700	IL
7BHP_L5:1887-1889_1899-1903	404	702	IL
6IP5_1A:1887-1889_1899-1903	404	702	IL
6LU8_2:1887-1889_1899-1903	404	702	IL
6Y0G_L5:1887-1889_1899-1903	404	702	IL
6IP6_1A:1887-1889_1899-1903	404	702	IL
6Y57_L5:1887-1889_1899-1903	404	702	IL
6LSS_2:1887-1889_1899-1903	404	702	IL
4V6U_B1:1979-1980_2021-2024	405	704	IL
7Y41_A:2057-2058_2121-2124	405	704	IL
7OIF_1:1840-1841_1897-1900	405	704	IL
1C2W_B:1840-1841_1897-1900	405	704	IL
5O60_A:2057-2058_2121-2124	405	704	IL
4V7E_Aa:2194-2195_2235-2238	405	704	IL
7JT1_1:1840-1841_1897-1900	405	704	IL
7OTC_A:1840-1841_1897-1900	405	704	IL
5O61_A:2057-2058_2121-2124	405	704	IL
7S0S_C:2057-2058_2121-2124	405	704	IL
7UPH_I:2517-2523_2617-2633	406	705	IL
7OTC_A:1023-1029_1123-1139	406	705	IL
8HFR_1e:798-802_814-818	406	705	IL
4V7E_Aa:2463-2467_2478-2492	406	705	IL
7JT1_1:1023-1029_1123-1139	406	705	IL
7OIF_1:1023-1029_1123-1139	406	705	IL
6SPB_A:1015-1022_1114-1131	406	705	IL
7QH4_A:1072-1078_1172-1188	406	705	IL
6Z6L_S2:1009-1012_1030-1033	408	710	IL
6Z6M_S2:1009-1012_1030-1033	408	710	IL
6ZMO_S2:1009-1012_1030-1033	408	710	IL
6Z6N_S2:1009-1012_1030-1033	408	710	IL
6ZME_S2:1009-1012_1030-1033	408	710	IL
6ZM7_S2:1009-1012_1030-1033	408	710	IL
6ZMI_S2:1009-1012_1030-1033	408	710	IL
5LKS_L7:15-16_62-64	416	726	IL
6IP5_1B:15-16_62-64	416	726	IL
6Z6N_L7:15-16_62-64	416	726	IL
6IP8_1B:15-16_62-64	416	726	IL
6IP6_1B:15-16_62-64	416	726	IL
5LZS_7:15-16_62-64	416	726	IL
7OYC_71:15-16_62-64	416	726	IL
6ZME_L7:15-16_62-64	416	727	IL
6Z6M_L7:15-16_62-64	416	727	IL
4UG0_L7:15-16_62-64	416	727	IL
6ZMI_L7:15-16_62-64	416	727	IL
6Z6L_L7:15-16_62-64	416	727	IL
6ZMO_L7:15-16_62-64	416	727	IL
5T2C_B:15-16_62-64	416	727	IL
6ZM7_L7:15-16_62-64	416	727	IL
5VYC_i6:1459-1461_1618-1624	425	742	IL
5VYC_i1:1459-1461_1618-1624	425	742	IL
5T2C_AA:1459-1461_1618-1624	425	742	IL
5VYC_i4:1459-1461_1618-1624	425	742	IL
5VYC_i3:1459-1461_1618-1624	425	742	IL
4UG0_S2:1459-1461_1618-1624	425	742	IL
6IP5_2m:1459-1461_1618-1624	425	742	IL
5VYC_i5:1459-1461_1618-1624	425	742	IL
5VYC_i2:1459-1461_1618-1624	425	742	IL
6IP6_2m:1459-1461_1618-1624	425	742	IL
6ZM7_L7:26-27_52-56	432	754	IL
6ZME_L7:26-27_52-56	432	754	IL
6IP6_1B:26-27_52-56	432	754	IL
4UG0_L7:26-27_52-56	432	754	IL
5T2C_B:26-27_52-56	432	754	IL
6Z6L_L7:26-27_52-56	432	754	IL
6IP5_1B:26-27_52-56	432	754	IL
6XYW_1:547-549_561-564	432	754	IL
5LKS_L7:26-27_52-56	432	754	IL
6ZMI_S2:936-943_977-983	433	755	IL
6Z6L_S2:936-943_977-983	433	755	IL
6Z6M_S2:936-943_977-983	433	755	IL
6ZME_S2:936-943_977-983	433	755	IL
6Z6N_S2:936-943_977-983	433	755	IL
6ZMO_S2:936-943_977-983	433	755	IL
6ZM7_S2:936-943_977-983	433	755	IL
4V85_AA:1123-1126_1144-1148	442	768	IL
8QBT_i:1123-1126_1144-1148	442	768	IL
7OTC_a:1123-1126_1144-1148	442	768	IL
5J8A_BA:1123-1126_1144-1148	442	768	IL
7OIG_2:1123-1126_1146-1148	442	768	IL
8XSX_L5:4663-4670_4698-4707	446	773	IL
6Y57_L5:4663-4670_4698-4707	446	773	IL
6LQM_2:4663-4670_4698-4707	446	773	IL
6IP5_1A:4663-4670_4698-4707	446	773	IL
6IP6_1A:4663-4670_4698-4707	446	773	IL
6Y2L_L5:4664-4671_4699-4708	446	773	IL
7BHP_L5:4663-4670_4698-4707	446	773	IL
6Y0G_L5:4663-4670_4698-4707	446	773	IL
6IP8_1A:4663-4670_4698-4707	446	773	IL
6Y6X_L5:4663-4670_4698-4707	446	774	IL
6Z6M_L5:4663-4670_4698-4707	446	774	IL
6Z6N_L5:4663-4670_4698-4707	446	774	IL
5AJ0_A2:4625-4632_4660-4669	446	774	IL
6Z6L_L5:4663-4670_4698-4707	446	774	IL
6Z6M_L5:1623-1624_1639-1642	447	775	IL
6Y0G_L5:1623-1624_1639-1642	447	775	IL
6ZMI_L5:1623-1624_1639-1642	447	775	IL
6Z6N_L5:1623-1624_1639-1642	447	775	IL
6ZM7_L5:1623-1624_1639-1642	447	775	IL
6ZMO_L5:1623-1624_1639-1642	447	775	IL
8XSX_L5:1623-1624_1639-1642	447	775	IL
6Z6L_L5:1623-1624_1639-1642	447	775	IL
6Y6X_L5:1623-1624_1639-1642	447	775	IL
7BHP_L5:1623-1624_1639-1642	447	775	IL
6ZME_L5:1623-1624_1639-1642	447	775	IL
6Y57_L5:1623-1624_1639-1642	447	775	IL
6LQM_2:1623-1624_1639-1642	447	776	IL
6IP8_1A:1623-1624_1639-1642	447	776	IL
6IP6_1A:1623-1624_1639-1642	447	776	IL
6LSS_2:1623-1624_1639-1642	447	776	IL
6LU8_2:1623-1624_1639-1642	447	776	IL
6IP5_1A:1623-1624_1639-1642	447	776	IL
6IP8_1A:1785-1789_1911-1918	448	778	IL
6ZMO_L5:1785-1789_1911-1918	448	778	IL
6IP5_1A:1785-1789_1911-1918	448	778	IL
6Y0G_L5:1785-1789_1911-1918	448	778	IL
8HFR_1e:2530-2531_2925-2928	448	778	IL
6LQM_2:1785-1789_1911-1918	448	778	IL
6Y6X_L5:1785-1789_1911-1918	448	778	IL
6IP6_1A:1785-1789_1911-1918	448	778	IL
7BHP_L5:1784-1789_1911-1919	448	778	IL
5VYC_i5:931-933_982-984	453	785	IL
5VYC_i4:931-933_982-984	453	785	IL
5VYC_i2:931-933_982-984	453	785	IL
6IP5_2m:931-933_982-984	453	785	IL
4UG0_S2:931-933_982-984	453	785	IL
6Y57_L5:1737-1739_1752-1753	454	787	IL
6Y6X_L5:1737-1739_1752-1753	454	787	IL
6IP5_1A:1737-1739_1752-1753	454	787	IL
6Z6N_L5:1737-1739_1752-1753	454	787	IL
6Y0G_L5:1737-1739_1752-1753	454	787	IL
7BHP_L5:1737-1739_1752-1753	454	787	IL
6IP8_1A:1737-1739_1752-1753	454	787	IL
6IP6_1A:1737-1739_1752-1753	454	787	IL
6OLI_S2:1265-1268_1318-1320	459	796	IL
6QZP_S2:1265-1268_1318-1320	459	796	IL
6ZVH_2:1265-1268_1318-1320	459	796	IL
6OM0_S2:1265-1268_1318-1320	459	796	IL
6OLF_S2:1265-1268_1318-1320	459	796	IL
6OLE_S2:1265-1268_1318-1320	459	796	IL
6OM7_S2:1265-1268_1318-1320	459	796	IL
6OLI_S2:1474-1478_1501-1505	460	798	IL
6ZVH_2:1474-1478_1501-1505	460	798	IL
6OLF_S2:1474-1478_1501-1505	460	798	IL
6OM7_S2:1474-1478_1501-1505	460	798	IL
6OLE_S2:1474-1478_1501-1505	460	798	IL
6OM0_S2:1474-1478_1501-1505	460	798	IL
6QZP_S2:1474-1478_1501-1505	460	798	IL
6ZVK_e2:29-35_44-51	461	799	IL
6OLG_A2:30-35_44-50	461	799	IL
6OM7_t:29-35_44-51	461	799	IL
6OLF_t:29-35_44-51	461	799	IL
5XYI_2:635-639_874-878	461	799	IL
6OLZ_A2:29-35_44-51	461	799	IL
6SWA_q:29-35_44-51	461	799	IL
6IP6_1C:64-65_93-95	463	802	IL
6Z6M_L8:64-65_93-95	463	802	IL
6IP5_1C:64-65_93-95	463	802	IL
6ZM7_L8:64-65_93-95	463	802	IL
6Z6L_L8:64-65_93-95	463	802	IL
6ZMI_L8:64-65_93-95	463	802	IL
6ZME_L8:64-65_93-95	463	802	IL
6Z6N_L8:64-65_93-95	463	802	IL
6IP8_1C:64-65_93-95	463	802	IL
4UG0_L8:64-65_93-95	463	802	IL
6ZMO_L8:64-65_93-95	463	802	IL
6Z6N_L5:2678-2682_2690-2692	465	805	IL
6Y6X_L5:2678-2682_2690-2692	465	805	IL
6Z6L_L5:2678-2682_2690-2692	465	805	IL
6LQM_2:2678-2682_2690-2692	465	805	IL
6Y0G_L5:2678-2682_2690-2692	465	805	IL
6ZM7_L5:2678-2682_2690-2692	465	805	IL
6LSS_2:2678-2682_2690-2692	465	805	IL
7BHP_L5:2678-2682_2690-2692	465	805	IL
7ZHG_2:1363-1365_1453-1456	465	805	IL
6ZMO_L5:2678-2682_2690-2692	465	805	IL
8XSX_L5:2678-2682_2690-2692	465	805	IL
6IP8_1A:2678-2682_2690-2692	465	805	IL
6Z6M_L5:2678-2682_2690-2692	465	805	IL
6Y57_L5:2678-2682_2690-2692	465	805	IL
6ZME_L5:2678-2682_2690-2692	465	805	IL
6LU8_2:2678-2682_2690-2692	465	805	IL
6ZMI_L5:2678-2682_2690-2692	465	805	IL
6DZI_A:2156-2167_2183-2186	466	808	IL
7QH4_A:1965-1976_1992-1995	466	808	IL
8OIQ_B8:928-939_955-958	466	808	IL
7OTC_A:1933-1944_1960-1963	466	808	IL
5X8P_A:1947-1958_1974-1977	466	808	IL
6DZP_A:2156-2167_2183-2186	466	808	IL
5O60_A:2157-2168_2184-2187	466	808	IL
4V4N_A1:2063-2068_2083-2088	466	808	IL
7Y41_A:2157-2168_2184-2187	466	808	IL
7OIF_1:1933-1944_1960-1963	466	808	IL
7S0S_C:2157-2168_2184-2187	466	808	IL
6O8Z_A:1951-1962_1978-1981	466	808	IL
5O61_A:2157-2168_2184-2187	466	808	IL
4V6U_B1:2057-2068_2084-2087	466	808	IL
6OF6_XA:779-783_799-803	468	811	IL
8BH7_a:786-790_806-810	468	811	IL
7OTC_a:778-782_798-802	468	811	IL
4V85_AA:778-782_798-802	468	811	IL
5J8A_BA:778-782_798-802	468	811	IL
8QBT_i:778-782_798-802	468	811	IL
7OIG_2:778-782_798-802	468	811	IL
7UPH_I:777-781_797-801	468	811	IL
5VYC_i3:1663-1665_1720-1722	469	812	IL
6IP5_2m:1663-1665_1720-1722	469	812	IL
5VYC_i2:1663-1665_1720-1722	469	812	IL
5VYC_i1:1663-1665_1720-1722	469	812	IL
5VYC_i6:1663-1665_1720-1722	469	812	IL
4UG0_S2:1663-1665_1720-1722	469	812	IL
5VYC_i4:1663-1665_1720-1722	469	812	IL
5VYC_i5:1663-1665_1720-1722	469	812	IL
7OTC_A:1665-1668_1992-1993	471	817	IL
8OIQ_B8:800-803_987-988	471	817	IL
7Y41_A:1883-1886_2216-2217	471	817	IL
7OIF_1:1665-1668_1992-1993	471	817	IL
5X8P_A:1701-1704_2006-2007	471	817	IL
6Z6M_L5:1814-1818_1835-1839	472	818	IL
8XSX_L5:1814-1818_1835-1839	472	818	IL
6ZM7_L5:1814-1818_1835-1839	472	818	IL
6ZME_L5:1814-1818_1835-1839	472	818	IL
6ZMO_L5:1814-1818_1835-1839	472	818	IL
6ZMI_L5:1814-1818_1835-1839	472	818	IL
6Z6N_L5:1814-1818_1835-1839	472	818	IL
6Y6X_L5:1814-1818_1835-1839	472	818	IL
6Z6L_L5:1814-1818_1835-1839	472	818	IL
6IP6_1A:1814-1818_1835-1839	472	820	IL
6Y57_L5:1814-1818_1835-1839	472	820	IL
6IP8_1A:1814-1818_1835-1839	472	820	IL
6IP5_1A:1814-1818_1835-1839	472	820	IL
7BHP_L5:1814-1818_1835-1839	472	820	IL
6Y0G_L5:1814-1818_1835-1839	472	820	IL
4UG0_S2:658-660_676-678	473	821	IL
5VYC_i4:658-660_676-678	473	821	IL
5VYC_i5:658-660_676-678	473	821	IL
5VYC_i1:658-660_676-678	473	821	IL
5VYC_i2:658-660_676-678	473	821	IL
5VYC_i3:658-660_676-678	473	821	IL
5VYC_i6:658-660_676-678	473	821	IL
6Y0G_L7:70-77_97-103	475	825	IL
9F1C_B7:70-77_97-103	475	825	IL
6LSS_5:70-77_97-103	475	825	IL
3J7R_7:70-77_97-103	475	825	IL
6OLF_E:70-77_97-103	475	825	IL
3JAI_7:70-77_97-103	475	825	IL
6Y57_L7:70-77_97-103	475	825	IL
6FTG_v:70-77_97-103	475	825	IL
6OLG_A4:70-77_97-103	475	826	IL
6W6L_E:70-77_97-103	475	826	IL
6Y6X_L7:70-77_97-103	475	826	IL
9BH5_A7:70-77_97-103	475	826	IL
6LU8_5:71-77_97-102	475	826	IL
6OLZ_A4:70-77_97-103	475	826	IL
6Y2L_L7:70-77_97-103	475	826	IL
6OM0_E:70-77_97-103	475	826	IL
6QZP_L7:70-77_97-103	475	826	IL
4V6X_A7:71-77_97-102	475	826	IL
7CPV_L7:70-77_97-103	475	826	IL
6SWA_s:70-77_97-103	475	826	IL
7BHP_L7:70-77_97-103	475	826	IL
6LQM_5:70-77_97-103	475	826	IL
8XSX_L5:4944-4948_4968-4972	478	832	IL
6Z6N_L5:4944-4948_4968-4972	478	832	IL
6Z6M_L5:4944-4948_4968-4972	478	832	IL
6ZQE_D3:410-415_439-441	478	832	IL
6Z6L_L5:4944-4948_4968-4972	478	832	IL
6Y6X_L5:4944-4948_4968-4972	478	832	IL
6LU8_2:4944-4948_4968-4972	478	833	IL
7BHP_L5:4944-4948_4968-4972	478	833	IL
6LQM_2:4944-4948_4968-4972	478	833	IL
6Y0G_L5:4944-4948_4968-4972	478	833	IL
6LSS_2:4944-4948_4968-4972	478	833	IL
6Y57_L5:4944-4948_4968-4972	478	833	IL
5VYC_i5:1462-1464_1614-1617	479	834	IL
5VYC_i4:1462-1464_1614-1617	479	834	IL
5VYC_i6:1462-1464_1614-1617	479	834	IL
5VYC_i2:1462-1464_1614-1617	479	834	IL
5VYC_i1:1462-1464_1614-1617	479	834	IL
7P7S_A:822-824_834-838	479	834	IL
4UG0_S2:1462-1464_1614-1617	479	834	IL
5VYC_i3:1462-1464_1614-1617	479	834	IL
7OIF_1:2066-2068_2441-2442	486	843	IL
7JT1_1:2066-2068_2441-2442	486	843	IL
7LHD_A:76-78_168-169	486	843	IL
7UPH_I:3560-3562_3935-3936	486	843	IL
7OTC_A:2066-2068_2441-2442	486	843	IL
6IP8_1A:1957-1984_2104-2105	490	848	IL
6IP6_1A:1957-1984_2104-2105	490	848	IL
6Z6L_L5:1957-1984_2104-2105	490	848	IL
6IP5_1A:1957-1984_2104-2105	490	848	IL
6Y6X_L5:1957-1984_2104-2105	490	848	IL
7CPV_L5:1777-1793_1913-1914	490	848	IL
6Z6N_L5:1957-1984_2104-2105	490	848	IL
6ZMO_L5:1957-1984_2104-2105	490	849	IL
6ZM7_L5:1957-1984_2104-2105	490	849	IL
8XSX_L5:1957-1984_2104-2105	490	849	IL
6ZMI_L5:1957-1984_2104-2105	490	849	IL
6Z6M_L5:1957-1984_2104-2105	490	849	IL
6ZME_L5:1957-1984_2104-2105	490	849	IL
6LQM_5:20-25_55-56	491	850	IL
6LU8_5:20-25_55-56	491	850	IL
4V6X_A7:20-25_55-56	491	850	IL
3JAI_7:20-25_55-56	491	850	IL
7CPV_L7:20-25_55-56	491	850	IL
6LSS_5:20-25_55-56	491	850	IL
6Y57_L7:20-25_55-56	491	851	IL
9F1C_B7:20-25_55-56	491	851	IL
6QZP_L7:20-25_55-56	491	851	IL
6Y6X_L7:20-25_55-56	491	851	IL
6OM0_E:20-25_55-56	491	851	IL
6Y2L_L7:20-25_55-56	491	851	IL
6SWA_s:20-25_55-56	491	851	IL
6FTG_v:20-25_55-56	491	851	IL
6Y0G_L7:20-25_55-56	491	851	IL
6OLF_E:20-25_55-56	491	851	IL
6W6L_E:20-25_55-56	491	851	IL
7UPH_I:241-245_275-281	495	855	IL
5J8A_BA:241-246_276-283	495	855	IL
7OTC_a:241-246_276-283	495	855	IL
7SFR_a:1011-1015_1020-1024	495	855	IL
8QBT_i:241-246_276-283	495	855	IL
4V85_AA:241-246_276-283	495	855	IL
7OIG_2:241-246_276-283	495	855	IL
6N5K_A:33-39_93-96	496	857	IL
6N5O_A:34-40_94-97	496	857	IL
6WTR_A:33-39_93-96	496	857	IL
6N5Q_A:36-42_96-99	496	857	IL
6N5N_A:33-39_93-96	496	857	IL
4QK8_A:30-36_90-93	496	857	IL
6OM7_S2:1076-1078_1561-1562	499	862	IL
6QZP_S2:1076-1078_1561-1562	499	862	IL
6OM0_S2:1076-1078_1561-1562	499	862	IL
6OLI_S2:1076-1078_1561-1562	499	862	IL
6OLF_S2:1076-1078_1561-1562	499	862	IL
6OLE_S2:1076-1078_1561-1562	499	862	IL
6ZVH_2:1076-1078_1561-1562	499	862	IL
4V85_AA:579-583_756-760	500	864	IL
7OIG_2:579-583_756-760	500	864	IL
8OIN_AA:534-538_821-825	500	864	IL
7P48_a:625-631_937-938	500	864	IL
7OTC_a:579-583_756-760	500	864	IL
8QBT_i:579-583_756-760	500	864	IL
5J8A_BA:579-583_756-760	500	864	IL
7UPH_I:578-582_755-759	500	864	IL
7S0S_C:2014-2020_2029-2037	503	867	IL
6DZP_A:2013-2019_2028-2036	503	867	IL
5O61_A:2014-2020_2029-2037	503	867	IL
6DZI_A:2013-2019_2028-2036	503	867	IL
7Y41_A:2014-2020_2029-2037	503	867	IL
5O60_A:2014-2020_2029-2037	503	867	IL
6N5P_A:30-34_99-103	504	868	IL
6N5Q_A:31-35_100-104	504	868	IL
6N5N_A:28-32_97-101	504	868	IL
4QK8_A:25-29_94-98	504	868	IL
6N5S_A:27-31_96-100	504	868	IL
6WTL_A:27-31_96-100	504	868	IL
6N5O_A:29-33_98-102	504	868	IL
6OLF_S2:48-50_414-415	505	870	IL
6OLE_S2:48-50_414-415	505	870	IL
6ZVH_2:48-50_414-415	505	870	IL
6QZP_S2:48-50_414-415	505	870	IL
6OM7_S2:48-50_414-415	505	870	IL
6OM0_S2:48-50_414-415	505	870	IL
6OLI_S2:48-50_414-415	505	870	IL
5VYC_i4:928-929_986-989	525	902	IL
4UG0_S2:928-929_986-989	525	902	IL
5VYC_i5:928-929_986-989	525	902	IL
5VYC_i2:928-929_986-989	525	902	IL
6IP8_2m:928-929_986-989	525	902	IL
8QBT_i:449-453_477-482	528	909	IL
4V85_AA:449-454_476-482	528	909	IL
7OIG_2:449-453_477-482	528	909	IL
5J8A_BA:449-454_476-482	528	909	IL
7UPH_I:448-451_477-481	528	909	IL
8XSX_L5:1620-1623_1642-1645	530	912	IL
6Z6M_L5:1620-1623_1642-1645	530	912	IL
6Z6L_L5:1620-1623_1642-1645	530	912	IL
6ZM7_L5:1620-1623_1642-1645	530	912	IL
6Y6X_L5:1620-1623_1642-1645	530	912	IL
6LU8_2:1620-1623_1642-1645	530	912	IL
6ZME_L5:1620-1623_1642-1645	530	912	IL
6LQM_2:1620-1623_1642-1645	530	912	IL
7BHP_L5:1620-1623_1642-1645	530	912	IL
6LSS_2:1620-1623_1642-1645	530	912	IL
6Z6N_L5:1620-1623_1642-1645	530	912	IL
6ZMO_L5:1620-1623_1642-1645	530	912	IL
6ZMI_L5:1620-1623_1642-1645	530	912	IL
5AJ0_A2:1602-1605_1624-1627	530	912	IL
6Y57_L5:1620-1623_1642-1645	530	912	IL
6Y0G_L5:1620-1623_1642-1645	530	912	IL
6Y6X_L5:972-973_1549-1551	531	914	IL
6ZM7_L5:972-973_1549-1551	531	914	IL
6ZMO_L5:972-973_1549-1551	531	914	IL
6Z6N_L5:972-973_1549-1551	531	914	IL
6ZMI_L5:972-973_1549-1551	531	914	IL
6Z6L_L5:972-973_1549-1551	531	914	IL
8XSX_L5:972-973_1549-1551	531	914	IL
6Z6M_L5:972-973_1549-1551	531	914	IL
6ZME_L5:972-973_1549-1551	531	914	IL
6Y57_L5:972-973_1549-1551	531	914	IL
6Y0G_L5:972-973_1549-1551	531	914	IL
6IP5_1A:972-973_1549-1551	531	916	IL
6LQM_2:972-973_1549-1551	531	916	IL
6LU8_2:972-973_1549-1551	531	916	IL
6IP6_1A:972-973_1549-1551	531	916	IL
7BHP_L5:972-973_1549-1551	531	916	IL
6LSS_2:972-973_1549-1551	531	916	IL
6IP8_1A:972-973_1549-1551	531	916	IL
4V61_BB:69-77_96-104	534	922	IL
6DZP_B:71-79_94-102	534	922	IL
7OYC_71:21-26_53-57	534	922	IL
7MSM_B:69-77_92-100	534	922	IL
7Y41_B:71-79_94-102	534	922	IL
5O60_B:71-79_94-102	534	922	IL
4IOC_Y:72-80_99-107	534	922	IL
5XYM_B:72-80_95-103	534	922	IL
7S0S_i:71-79_94-102	534	922	IL
6DZI_B:71-79_94-102	534	922	IL
5O61_B:71-79_94-102	534	922	IL
5V7Q_B:69-77_92-100	534	922	IL
6SY4_C:8-19_32-40	534	922	IL
8XSX_L5:707-709_1563-1566	535	924	IL
6Z6M_L5:707-709_1563-1566	535	924	IL
6Y6X_L5:707-709_1563-1566	535	924	IL
6ZMO_L5:707-709_1563-1566	535	924	IL
6ZM7_L5:707-709_1563-1566	535	924	IL
6ZME_L5:707-709_1563-1566	535	924	IL
6Z6N_L5:707-709_1563-1566	535	924	IL
6ZMI_L5:707-709_1563-1566	535	924	IL
6Z6L_L5:707-709_1563-1566	535	924	IL
6ZMI_L5:1433-1436_1451-1454	541	932	IL
6ZMO_L5:1433-1436_1451-1454	541	932	IL
6ZM7_L5:1433-1436_1451-1454	541	932	IL
6ZME_L5:1433-1436_1451-1454	541	932	IL
6Z6L_L5:1433-1436_1451-1454	541	932	IL
6OM7_t:2719-2727_2731-2738	543	936	IL
6OLI_t:2720-2727_2732-2738	543	936	IL
6OLF_t:2720-2727_2731-2738	543	936	IL
9CAI_A5:3265-3267_3285-3289	543	936	IL
6OM0_t:2719-2727_2731-2738	543	936	IL
8HL5_A23S:193-198_207-213	543	936	IL
6OLE_t:2719-2727_2732-2738	543	936	IL
6OLE_t:2373-2374_2568-2570	546	941	IL
6OLF_t:2373-2374_2568-2570	546	941	IL
6OM7_t:2373-2374_2568-2570	546	941	IL
6OM0_t:2373-2374_2568-2570	546	941	IL
6OLI_t:2373-2374_2568-2570	546	941	IL
6Y6X_L5:4345-4351_4424-4427	547	944	IL
8XSX_L5:4345-4351_4424-4427	547	944	IL
6Z6M_L5:4345-4351_4424-4427	547	944	IL
6Z6L_L5:4345-4351_4424-4427	547	944	IL
6LQM_2:4345-4351_4424-4427	547	944	IL
6Z6N_L5:4345-4351_4424-4427	547	944	IL
7BHP_L5:4345-4351_4424-4427	547	945	IL
6IP8_1A:4345-4351_4424-4427	547	945	IL
6Y57_L5:4345-4351_4424-4427	547	945	IL
6IP6_1A:4345-4351_4424-4427	547	945	IL
6Y0G_L5:4345-4351_4424-4427	547	945	IL
7JT1_1:1356-1360_1369-1373	548	947	IL
7OTC_A:1356-1360_1369-1373	548	947	IL
5O60_A:1471-1475_1484-1488	548	947	IL
5O61_A:1471-1475_1484-1488	548	947	IL
7S0S_C:1471-1475_1484-1488	548	947	IL
6OLI_t:2456-2461_2474-2479	555	958	IL
6OLF_t:2456-2462_2473-2479	555	958	IL
6OM0_t:2456-2461_2474-2479	555	958	IL
6OLE_t:2456-2461_2474-2479	555	958	IL
6OM7_t:2456-2461_2474-2479	555	958	IL
4V85_AA:1429-1434_1465-1469	556	960	IL
7OTC_a:1429-1434_1465-1469	556	960	IL
7OIG_2:1429-1434_1465-1469	556	960	IL
8QBT_i:1429-1434_1465-1469	556	960	IL
5J8A_BA:1429-1434_1465-1469	556	960	IL
6ZMO_L5:443-445_518-519	558	966	IL
6ZM7_L5:443-445_518-519	558	966	IL
8XSX_L5:443-445_518-519	558	966	IL
6ZME_L5:443-445_518-519	558	966	IL
6ZMI_L5:443-445_518-519	558	966	IL
6ZM7_S2:1296-1303_1314-1319	559	969	IL
6Z6M_S2:1296-1303_1314-1319	559	969	IL
6Z6N_S2:1296-1303_1314-1319	559	969	IL
6Z6L_S2:1296-1303_1314-1319	559	969	IL
6ZMO_S2:1296-1303_1314-1319	559	969	IL
6ZME_S2:1296-1303_1314-1319	559	969	IL
6ZU5_S60:641-642_731-733	561	972	IL
6OM0_S2:978-980_993-994	561	972	IL
6ZVH_2:978-980_993-994	561	972	IL
6OLF_S2:978-980_993-994	561	972	IL
6OL3_C:33-35_47-48	561	972	IL
6QZP_S2:978-980_993-994	561	972	IL
6OM7_S2:978-980_993-994	561	972	IL
6OLI_S2:978-980_993-994	561	972	IL
6OLE_S2:978-980_993-994	561	972	IL
6Y57_L5:722-723_958-960	562	973	IL
6IP6_1A:722-723_958-960	562	973	IL
6IP8_1A:722-723_958-960	562	973	IL
6LQM_2:722-723_958-960	562	973	IL
7BHP_L5:722-723_958-960	562	973	IL
6Y0G_L5:722-723_958-960	562	973	IL
6LU8_2:722-723_958-960	562	973	IL
6LSS_2:722-723_958-960	562	973	IL
6IP5_1A:722-723_958-960	562	973	IL
6Y6X_L5:722-723_958-960	562	974	IL
6Z6N_L5:722-723_958-960	562	974	IL
6Z6L_L5:722-723_958-960	562	974	IL
6ZMI_L5:722-723_958-960	562	974	IL
6Z6M_L5:722-723_958-960	562	974	IL
6ZMO_L5:722-723_958-960	562	974	IL
8XSX_L5:722-723_958-960	562	974	IL
6ZM7_L5:722-723_958-960	562	974	IL
6ZU5_S60:583-584_624-626	562	974	IL
6ZME_L5:722-723_958-960	562	974	IL
4UG0_S2:163-166_640-644	564	978	IL
5VYC_i1:163-166_640-644	564	978	IL
5VYC_i3:163-166_640-644	564	978	IL
5VYC_i4:163-166_640-644	564	978	IL
5VYC_i6:163-166_640-644	564	978	IL
5VYC_i2:163-166_640-644	564	978	IL
5VYC_i5:163-166_640-644	564	978	IL
6Z6N_S2:1678-1686_1705-1710	566	980	IL
6ZME_S2:1678-1686_1705-1710	566	980	IL
6Z6L_S2:1678-1686_1705-1710	566	980	IL
6ZM7_S2:1678-1686_1705-1710	566	980	IL
6ZMO_S2:1678-1686_1705-1710	566	980	IL
6Z6N_S2:445-447_460-461	567	983	IL
6Z6L_S2:445-447_460-461	567	983	IL
6Z6M_S2:445-447_460-461	567	983	IL
6ZMI_S2:445-447_460-461	567	983	IL
6ZMO_S2:445-447_460-461	567	983	IL
4UG0_S2:1055-1057_1136-1138	570	988	IL
5VYC_i1:1055-1057_1136-1138	570	988	IL
5VYC_i4:1055-1057_1136-1138	570	988	IL
5VYC_i6:1055-1057_1136-1138	570	988	IL
5VYC_i3:1055-1057_1136-1138	570	988	IL
5VYC_i2:1055-1057_1136-1138	570	988	IL
5VYC_i5:1055-1057_1136-1138	570	988	IL
6LU8_2:2077-2079_2086-2087	572	992	IL
6IP8_1A:2077-2079_2086-2087	572	992	IL
6IP6_1A:2077-2079_2086-2087	572	992	IL
6LSS_2:2077-2079_2086-2087	572	992	IL
6Y0G_L5:2077-2079_2086-2087	572	992	IL
7LHD_A:3795-3796_3803-3806	572	992	IL
7BHP_L5:2077-2079_2086-2087	572	992	IL
6IP5_1A:2077-2079_2086-2087	572	992	IL
6Y57_L5:2077-2079_2086-2087	572	992	IL
6LQM_2:2077-2079_2086-2087	572	992	IL
3J7R_5:952-955_973-977	572	992	IL
7Z3N_2:223-224_279-282	572	992	IL
6ZMI_L5:2077-2079_2086-2087	572	993	IL
8XSX_L5:2077-2079_2086-2087	572	993	IL
6Z6N_L5:2077-2079_2086-2087	572	993	IL
6OLZ_B1:474-475_497-499	572	993	IL
6ZMO_L5:2077-2079_2086-2087	572	993	IL
6OLG_B1:474-475_497-499	572	993	IL
4V7E_Aa:1973-1974_2035-2038	572	993	IL
6ZVK_e2:648-649_672-675	572	993	IL
4V8M_AA:535-536_551-553	572	993	IL
6Y6X_L5:2077-2079_2086-2087	572	993	IL
6Z6L_L5:2077-2079_2086-2087	572	993	IL
6ZM7_L5:2077-2079_2086-2087	572	993	IL
6Z6M_L5:2077-2079_2086-2087	572	993	IL
6ZME_L5:2077-2079_2086-2087	572	993	IL
3J7P_S2:429-433_446-447	573	997	IL
6OM0_S2:429-433_446-447	573	997	IL
6OLI_S2:429-433_446-447	573	997	IL
6QZP_S2:429-433_446-447	573	997	IL
7OYC_22:393-398_411-415	573	997	IL
6ZVH_2:429-433_446-447	573	997	IL
6Y6X_L5:1688-1691_1719-1723	587	1016	IL
6LQM_2:1688-1691_1719-1723	587	1016	IL
6Y0G_L5:1688-1691_1719-1723	587	1016	IL
6Z6M_L5:1688-1691_1719-1723	587	1016	IL
8XSX_L5:1688-1691_1719-1723	587	1016	IL
6LSS_2:1688-1691_1719-1723	587	1016	IL
6ZMO_L5:1688-1691_1719-1723	587	1016	IL
6Z6N_L5:1688-1691_1719-1723	587	1016	IL
6ZME_L5:1688-1691_1719-1723	587	1016	IL
6ZM7_L5:1688-1691_1719-1723	587	1016	IL
6LU8_2:1688-1691_1719-1723	587	1016	IL
6ZMI_L5:1688-1691_1719-1723	587	1016	IL
6Y57_L5:1688-1691_1719-1723	587	1016	IL
6Z6L_L5:1688-1691_1719-1723	587	1016	IL
6QZP_S2:297-302_334-341	588	1019	IL
4V8M_AA:2167-2171_2193-2197	588	1019	IL
6OM7_S2:297-302_334-341	588	1019	IL
6OLE_S2:297-302_334-341	588	1019	IL
4V4B_B3:2415-2418_2425-2438	588	1019	IL
6OLF_S2:298-302_334-340	588	1019	IL
6ZVH_2:297-302_334-341	588	1019	IL
6OLI_S2:297-302_334-341	588	1019	IL
3J7P_S2:297-302_334-341	588	1019	IL
6OM0_S2:297-302_334-341	588	1019	IL
8BH6_a:1001-1002_1046-1048	591	1023	IL
6ZM7_S2:657-658_683-685	591	1023	IL
6Z6N_S2:657-658_683-685	591	1023	IL
6ZMI_S2:657-658_683-685	591	1023	IL
6Z6M_S2:657-658_683-685	591	1023	IL
6ZME_S2:657-658_683-685	591	1023	IL
6ZMO_S2:657-658_683-685	591	1023	IL
7OIG_2:663-665_739-740	592	1026	IL
7OTC_a:663-665_739-740	592	1026	IL
5J8A_BA:663-665_739-740	592	1026	IL
6TMF_A:606-608_682-683	592	1026	IL
4V85_AA:663-665_739-740	592	1026	IL
8QBT_i:663-665_739-740	592	1026	IL
1F7Y_B:27-29_38-39	592	1026	IL
1KUQ_B:27-29_38-39	592	1026	IL
4V85_AA:653-654_750-753	596	1032	IL
7OIG_2:653-654_750-753	596	1032	IL
7OIF_1:2137-2139_2150-2152	596	1032	IL
8QBT_i:653-654_750-753	596	1032	IL
5J8A_BA:653-654_750-753	596	1032	IL
6Z6M_L5:990-994_1201-1202	597	1034	IL
6Y6X_L5:990-994_1201-1202	597	1034	IL
6Z6L_L5:990-994_1201-1202	597	1034	IL
6Z6N_L5:990-994_1201-1202	597	1034	IL
8XSX_L5:990-994_1201-1202	597	1034	IL
6ZME_L5:990-994_1201-1202	597	1034	IL
6ZM7_L5:990-994_1201-1202	597	1034	IL
6ZMI_L5:990-994_1201-1202	597	1034	IL
6ZMO_L5:990-994_1201-1202	597	1034	IL
5U3G_B:5-8_29-34	603	1046	IL
7Y41_A:1115-1119_1271-1275	603	1046	IL
7JT1_1:997-1001_1152-1156	603	1046	IL
7UPH_I:2491-2495_2646-2650	603	1046	IL
5O60_A:1115-1119_1271-1275	603	1046	IL
2J37_Z:119-123_146-152	603	1046	IL
4V7E_Aa:1534-1538_1581-1586	603	1046	IL
5X8P_A:1025-1029_1179-1183	603	1046	IL
3J2G_N:373-374_385-387	606	1052	IL
8A3L_A:373-374_385-387	606	1052	IL
7JT3_3:373-374_385-387	606	1052	IL
3J2D_N:373-374_385-387	606	1052	IL
5LMN_A:373-374_385-387	606	1052	IL
3J2C_N:373-374_385-387	606	1052	IL
3J28_N:373-374_385-387	606	1052	IL
4V77_AA:373-374_385-387	606	1052	IL
7JT1_1:187-192_201-207	608	1054	IL
7OTC_A:187-192_201-207	608	1054	IL
7UQB_1:84-89_98-104	608	1054	IL
6DZI_A:185-190_199-205	608	1054	IL
7OIF_1:187-192_201-207	608	1054	IL
7UPH_I:1687-1693_1700-1707	608	1054	IL
6DZP_A:185-190_199-205	608	1054	IL
6T3K_A:295-302_315-320	608	1054	IL
7UNU_a:60-65_366-368	610	1057	IL
7M4W_a:62-67_368-370	610	1057	IL
7UW1_a:62-67_368-370	610	1057	IL
5ZEP_a:64-69_372-374	610	1057	IL
6HA1_a:62-67_380-382	610	1057	IL
7MT3_A:2603-2606_2617-2620	614	1063	IL
5V93_A:2603-2606_2617-2620	614	1063	IL
7KGB_A:2603-2606_2617-2620	614	1063	IL
5V7Q_A:2603-2606_2617-2620	614	1063	IL
8CRX_A:577-583_890-891	614	1063	IL
5VYC_i5:1217-1219_1278-1284	615	1064	IL
5VYC_i6:1217-1219_1278-1284	615	1064	IL
4UG0_S2:1217-1219_1278-1284	615	1064	IL
5VYC_i3:1217-1219_1278-1284	615	1064	IL
5VYC_i1:1217-1219_1278-1284	615	1064	IL
5VYC_i2:1217-1219_1278-1284	615	1064	IL
5T2C_AA:1217-1219_1278-1284	615	1064	IL
5VYC_i4:1217-1219_1278-1284	615	1064	IL
6ZMO_S2:793-799_1289-1290	620	1073	IL
6Z6M_S2:793-799_1289-1290	620	1073	IL
6Z6N_S2:793-799_1289-1290	620	1073	IL
6ZME_S2:793-799_1289-1290	620	1073	IL
6ZMI_S2:793-799_1289-1290	620	1073	IL
7P48_B:26-27_53-57	624	1078	IL
8P2F_B:26-27_53-57	624	1078	IL
6RM3_L70:26-27_52-56	624	1078	IL
7JIL_3:25-26_52-56	624	1078	IL
6SKG_BB:28-29_55-59	624	1078	IL
5XY3_3:25-26_52-56	624	1078	IL
7P7T_B:26-27_53-57	624	1078	IL
8UU6_B:26-27_53-57	624	1078	IL
6Z6N_S2:165-168_642-646	628	1086	IL
6ZME_S2:165-168_642-646	628	1086	IL
6ZMO_S2:165-168_642-646	628	1086	IL
6ZM7_S2:165-168_642-646	628	1086	IL
6Z6L_S2:165-168_642-646	628	1086	IL
6ZMI_S2:1465-1466_1616-1618	631	1090	IL
6Z6N_S2:1465-1466_1616-1618	631	1090	IL
6Z6L_S2:1465-1466_1616-1618	631	1090	IL
6ZME_S2:1465-1466_1616-1618	631	1090	IL
6ZM7_S2:1465-1466_1616-1618	631	1090	IL
6Z6M_S2:1465-1466_1616-1618	631	1090	IL
6ZMO_S2:1465-1466_1616-1618	631	1090	IL
4V8M_BA:441-444_455-468	635	1096	IL
5X8P_A:492-495_506-519	635	1096	IL
4V7H_B5:370-373_384-397	635	1096	IL
1ULL_A:4-7_26-30	635	1096	IL
7OIF_1:480-483_495-508	635	1096	IL
4V7E_Aa:373-376_387-400	635	1096	IL
7OTC_A:480-483_495-508	635	1096	IL
6XZA_A1:456-460_493-498	635	1096	IL
7JT1_1:480-483_495-508	635	1096	IL
7UPH_I:1980-1983_1995-2008	635	1096	IL
4V6U_B1:519-522_534-545	635	1096	IL
6SPB_A:473-476_488-501	635	1096	IL
6ZVH_2:1207-1208_1358-1360	636	1098	IL
6QZP_S2:1207-1208_1358-1360	636	1098	IL
6OLF_S2:1207-1208_1358-1360	636	1098	IL
6OM0_S2:1207-1208_1358-1360	636	1098	IL
6OM7_S2:1207-1208_1358-1360	636	1098	IL
6OLI_S2:1207-1208_1358-1360	636	1098	IL
5MYJ_AA:418-419_426-428	636	1098	IL
6OLE_S2:1207-1208_1358-1360	636	1098	IL
3DIS_A:18-21_69-72	642	1108	IL
3DIM_A:18-21_69-72	642	1108	IL
3DIR_A:18-21_69-72	642	1108	IL
3DIQ_A:18-21_69-72	642	1108	IL
3DIZ_A:18-21_69-72	642	1108	IL
7ABG_2:149-154_165-168	643	1109	IL
6OLG_A4:31-35_40-44	643	1109	IL
7CPV_L7:31-35_40-44	643	1109	IL
6SWA_s:31-35_40-44	643	1109	IL
6LU8_5:31-35_40-44	643	1109	IL
6OLF_E:31-35_40-44	643	1109	IL
6OM0_t:1506-1516_1610-1624	647	1114	IL
6OLI_t:1506-1516_1610-1624	647	1114	IL
6QZP_L5:1526-1536_1630-1644	647	1114	IL
6OLE_t:1506-1516_1610-1624	647	1114	IL
6OM7_t:1506-1516_1610-1624	647	1114	IL
6OLF_t:1506-1516_1610-1624	647	1114	IL
6LSS_2:4888-4892_4932-4935	648	1115	IL
7BHP_L5:4888-4892_4932-4935	648	1115	IL
6LU8_2:4888-4892_4932-4935	648	1115	IL
6Y0G_L5:4888-4892_4932-4935	648	1115	IL
6LQM_2:4888-4892_4932-4935	648	1115	IL
6Y57_L5:4888-4892_4932-4935	648	1115	IL
6Y2L_L5:4889-4894_4932-4936	648	1115	IL
6Z6N_L5:4888-4892_4932-4935	648	1116	IL
8XSX_L5:4888-4892_4932-4935	648	1116	IL
6Z6M_L5:4888-4892_4932-4935	648	1116	IL
6Z6L_L5:4888-4892_4932-4935	648	1116	IL
6Y6X_L5:4888-4892_4932-4935	648	1116	IL
6ZMI_L7:21-26_56-57	649	1117	IL
6ZMO_L7:21-26_56-57	649	1117	IL
6Z6L_L7:21-26_56-57	649	1117	IL
6Z6M_L7:21-26_56-57	649	1117	IL
5LZS_7:21-26_56-57	649	1117	IL
6ZM7_L7:21-26_56-57	649	1117	IL
6ZME_L7:21-26_56-57	649	1117	IL
6Z6N_L7:21-26_56-57	649	1117	IL
7K5I_2:1154-1158_1169-1176	655	1126	IL
5A2Q_2:1154-1158_1169-1176	655	1126	IL
5MYJ_AA:571-577_881-882	655	1126	IL
6G5H_2:1154-1158_1169-1176	655	1126	IL
6ZLW_2:1154-1158_1169-1176	655	1126	IL
7Y41_A:976-977_1027-1029	659	1134	IL
5O61_A:976-977_1027-1029	659	1134	IL
7S0S_C:976-977_1027-1029	659	1134	IL
4V6U_B1:997-998_1048-1050	659	1134	IL
7OTC_A:42-43_433-435	659	1134	IL
7OIF_1:42-43_433-435	659	1134	IL
5O60_A:976-977_1027-1029	659	1134	IL
5X8P_A:41-42_445-447	659	1134	IL
6OLI_t:2401-2406_2418-2425	661	1137	IL
6OLF_t:2401-2406_2418-2425	661	1137	IL
6OLE_t:2401-2406_2418-2425	661	1137	IL
6OM0_t:2401-2406_2418-2425	661	1137	IL
6OM7_t:2401-2406_2418-2425	661	1137	IL
6ZLW_2:813-819_826-834	663	1141	IL
5A2Q_2:813-819_826-834	663	1141	IL
7K5I_2:813-819_826-834	663	1141	IL
4V7H_AA:532-540_567-569	663	1141	IL
4U56_5:3346-3350_3370-3374	663	1141	IL
6G5H_2:813-819_826-834	663	1141	IL
7Z3N_2:1499-1506_1538-1546	663	1141	IL
7JT1_1:1932-1933_1963-1966	664	1142	IL
7OIF_1:1932-1933_1963-1966	664	1142	IL
7Y41_A:2156-2157_2187-2190	664	1142	IL
7OTC_A:1932-1933_1963-1966	664	1142	IL
7UPH_I:3426-3427_3457-3460	664	1142	IL
7S0S_C:2156-2157_2187-2190	664	1142	IL
5O61_A:2156-2157_2187-2190	664	1142	IL
5O60_A:2156-2157_2187-2190	664	1142	IL
7QH4_A:2684-2689_2694-2698	667	1146	IL
4E8N_A:298-305_318-323	667	1146	IL
6O8Z_A:244-250_258-263	667	1146	IL
7QH4_A:193-198_207-213	667	1146	IL
5T5H_D:74-80_100-105	667	1146	IL
8OLW_A:300-307_320-325	667	1146	IL
6UFG_A:38-44_56-64	667	1146	IL
4V4B_B4:77-83_103-108	667	1146	IL
7QH4_A:244-250_258-263	667	1146	IL
6Z6L_S2:1080-1084_1095-1102	668	1147	IL
6Z6M_S2:1080-1084_1095-1102	668	1147	IL
6ZM7_S2:1080-1084_1095-1102	668	1147	IL
6ZMI_S2:1080-1084_1095-1102	668	1147	IL
6ZME_S2:1080-1084_1095-1102	668	1147	IL
6ZMO_S2:1080-1084_1095-1102	668	1147	IL
6Z6N_L5:4731-4732_4749-4752	670	1152	IL
6Y6X_L5:4731-4732_4749-4752	670	1152	IL
6Z6M_L5:4731-4732_4749-4752	670	1152	IL
6Z6L_L5:4731-4732_4749-4752	670	1152	IL
8XSX_L5:4731-4732_4749-4752	670	1152	IL
6G5H_2:332-346_377-384	672	1154	IL
6ZLW_2:332-346_377-384	672	1154	IL
6Y0G_S2:315-322_338-346	672	1154	IL
4V6X_B2:1098-1100_1159-1165	672	1154	IL
7K5I_2:332-346_377-384	672	1154	IL
5A2Q_2:332-346_377-384	672	1154	IL
8EUG_1:749-750_776-781	672	1154	IL
5V7Q_A:2842-2845_2854-2858	672	1154	IL
5VYC_i4:492-497_519-520	674	1157	IL
5VYC_i1:492-497_519-520	674	1157	IL
5VYC_i3:492-497_519-520	674	1157	IL
5VYC_i2:492-497_519-520	674	1157	IL
5VYC_i5:492-497_519-520	674	1157	IL
5VYC_i6:492-497_519-520	674	1157	IL
4UG0_S2:492-497_519-520	674	1157	IL
5VYC_i4:1396-1398_1636-1639	682	1170	IL
5T2C_AA:1395-1398_1636-1639	682	1170	IL
5VYC_i2:1396-1398_1636-1639	682	1170	IL
4UG0_S2:1396-1398_1636-1639	682	1170	IL
5VYC_i5:1396-1398_1636-1639	682	1170	IL
7S0S_C:2690-2693_2703-2706	689	1180	IL
6GAW_AA:81-84_96-99	689	1180	IL
5X8P_A:2483-2486_2496-2499	689	1180	IL
7OTC_A:2466-2469_2479-2482	689	1180	IL
7UPH_I:3960-3963_3973-3976	689	1180	IL
7Y41_A:2690-2693_2703-2706	689	1180	IL
5O61_A:2690-2693_2703-2706	689	1180	IL
7OIF_1:2466-2469_2479-2482	689	1180	IL
7JT1_1:2466-2469_2479-2482	689	1180	IL
5O60_A:2690-2693_2703-2706	689	1180	IL
5VYC_i1:167-173_605-607	690	1182	IL
5VYC_i5:167-173_605-607	690	1182	IL
4UG0_S2:167-173_605-607	690	1182	IL
5VYC_i4:167-173_605-607	690	1182	IL
5VYC_i6:167-173_605-607	690	1182	IL
5VYC_i3:167-173_605-607	690	1182	IL
5VYC_i2:167-173_605-607	690	1182	IL
7S0S_C:20-25_597-602	691	1183	IL
7JT1_1:23-28_510-515	691	1183	IL
7OIF_1:23-28_510-515	691	1183	IL
6DZI_A:19-24_596-601	691	1183	IL
6ZVK_K3:1603-1607_1630-1634	691	1183	IL
4V6U_B1:23-28_547-552	691	1183	IL
6SPB_A:25-30_503-508	691	1183	IL
6DZP_A:19-24_596-601	691	1183	IL
7JT3_3:502-509_538-539	700	1196	IL
6SPE_a:496-503_532-533	700	1196	IL
8A3L_A:502-509_538-539	700	1196	IL
8BH7_a:511-518_547-548	700	1196	IL
4V77_AA:502-509_538-539	700	1196	IL
7OIG_2:291-292_303-307	701	1197	IL
5J8A_BA:291-292_303-307	701	1197	IL
4V85_AA:291-292_303-307	701	1197	IL
7OTC_a:291-292_303-307	701	1197	IL
8QBT_i:291-292_303-307	701	1197	IL
6ZM7_L5:1356-1357_1464-1466	702	1198	IL
6IP5_1A:1356-1357_1464-1466	702	1198	IL
7BHP_L5:1356-1357_1464-1466	702	1198	IL
6Y57_L5:1356-1357_1464-1466	702	1198	IL
6IP6_1A:1356-1357_1464-1466	702	1198	IL
6Z6L_L5:1356-1357_1464-1466	702	1198	IL
6Y0G_L5:1356-1357_1464-1466	702	1198	IL
6IP8_1A:1356-1357_1464-1466	702	1198	IL
6LU8_2:1356-1357_1464-1466	702	1198	IL
6N5S_A:38-41_90-92	703	1201	IL
6N5K_A:39-42_91-93	703	1201	IL
6N5P_A:41-44_93-95	703	1201	IL
6N5Q_A:42-45_94-96	703	1201	IL
6WTL_A:38-41_90-92	703	1201	IL
6WTR_A:39-42_91-93	703	1201	IL
6N5N_A:39-42_91-93	703	1201	IL
4QK8_A:36-39_88-90	703	1201	IL
6ZM7_S2:1007-1009_1033-1035	706	1207	IL
6Z6N_S2:1007-1009_1033-1035	706	1207	IL
6ZMO_S2:1007-1009_1033-1035	706	1207	IL
6Z6M_S2:1007-1009_1033-1035	706	1207	IL
6Z6L_S2:1007-1009_1033-1035	706	1207	IL
6ZME_S2:1007-1009_1033-1035	706	1207	IL
6ZMI_S2:1007-1009_1033-1035	706	1207	IL
6LSS_2:729-734_946-952	711	1213	IL
6Y57_L5:728-734_946-953	711	1213	IL
6ZM7_L5:729-734_946-952	711	1213	IL
6ZME_L5:729-734_946-952	711	1213	IL
6ZMI_L5:729-734_946-952	711	1213	IL
8XSX_L5:729-734_946-952	711	1213	IL
6ZMO_L5:729-734_946-952	711	1213	IL
6LQM_2:729-734_946-952	711	1213	IL
6LU8_2:729-734_946-952	711	1213	IL
6Z6L_L5:730-734_946-951	711	1215	IL
6Z6M_L5:730-734_946-951	711	1215	IL
6Z6N_L5:730-734_946-951	711	1215	IL
6Y6X_L5:730-734_946-951	711	1215	IL
5DM6_X:1321-1328_1347-1351	711	1215	IL
7UO5_B:20-22_57-59	711	1215	IL
6OLF_S2:1195-1197_1372-1373	719	1227	IL
6QZP_S2:1195-1197_1372-1373	719	1227	IL
6OM0_S2:1195-1197_1372-1373	719	1227	IL
6OM7_S2:1195-1197_1372-1373	719	1227	IL
6ZVH_2:1195-1197_1372-1373	719	1227	IL
6OLI_S2:1195-1197_1372-1373	719	1227	IL
6OLE_S2:1195-1197_1372-1373	719	1227	IL
6Z6M_S2:804-808_1153-1157	720	1230	IL
6ZME_S2:804-808_1153-1157	720	1230	IL
6ZMI_S2:804-808_1153-1157	720	1230	IL
6Z6N_S2:804-808_1153-1157	720	1230	IL
6ZMO_S2:804-808_1153-1157	720	1230	IL
6ZM7_S2:804-808_1153-1157	720	1230	IL
6Z6L_S2:804-808_1153-1157	720	1230	IL
3JBO_AA:2926-2930_2951-2955	721	1231	IL
6G5H_2:1010-1017_1051-1057	721	1231	IL
8B0J_K:21-28_52-59	721	1231	IL
6ZLW_2:1010-1017_1051-1057	721	1231	IL
7K5I_2:1010-1017_1051-1057	721	1231	IL
5A2Q_2:1010-1017_1051-1057	721	1231	IL
6Z6M_L5:2575-2577_2588-2589	738	1259	IL
6Y57_L5:2575-2577_2588-2589	738	1259	IL
6Y0G_L5:2575-2577_2588-2589	738	1259	IL
6ZMI_L5:2575-2577_2588-2589	738	1259	IL
6Y6X_L5:2575-2577_2588-2589	738	1259	IL
7BHP_L5:2575-2577_2588-2589	738	1259	IL
6Z6N_L5:2575-2577_2588-2589	738	1259	IL
6ZME_L5:2575-2577_2588-2589	738	1259	IL
6Z6L_L5:2575-2577_2588-2589	738	1259	IL
6ZM7_L5:2575-2577_2588-2589	738	1259	IL
8XSX_L5:2575-2577_2588-2589	738	1259	IL
6ZMO_L5:2575-2577_2588-2589	738	1259	IL
6IP5_1A:2575-2577_2588-2589	738	1260	IL
6LQM_2:2575-2577_2588-2589	738	1260	IL
6LU8_2:2575-2577_2588-2589	738	1260	IL
6LSS_2:2575-2577_2588-2589	738	1260	IL
6IP8_1A:2575-2577_2588-2589	738	1260	IL
6IP6_1A:2575-2577_2588-2589	738	1260	IL
6OLF_S2:1420-1428_1447-1452	739	1261	IL
6OLI_S2:1420-1428_1447-1452	739	1261	IL
6OM7_S2:1420-1428_1447-1453	739	1261	IL
6OLE_S2:1420-1428_1447-1452	739	1261	IL
6OM0_S2:1420-1428_1447-1452	739	1261	IL
6QZP_S2:1420-1428_1447-1452	739	1261	IL
6Z6M_S2:663-665_674-676	742	1268	IL
6ZM7_S2:663-665_674-676	742	1268	IL
6ZMI_S2:663-665_674-676	742	1268	IL
6ZMO_S2:663-665_674-676	742	1268	IL
6Z6L_S2:663-665_674-676	742	1268	IL
6Z6N_S2:663-665_674-676	742	1268	IL
6Y57_B4:3-5_65-67	742	1268	IL
6OLI_t:952-953_968-971	743	1269	IL
6OLF_t:952-953_968-971	743	1269	IL
6OLE_t:952-953_968-971	743	1269	IL
6OM0_t:952-953_968-971	743	1269	IL
6OM7_t:952-953_968-971	743	1269	IL
3DIS_A:37-40_53-54	745	1274	IL
3DIQ_A:37-40_53-54	745	1274	IL
3DIR_A:37-40_53-54	745	1274	IL
3DIM_A:37-40_53-54	745	1274	IL
3DIZ_A:37-40_53-54	745	1274	IL
6OM0_t:1305-1310_1365-1370	748	1279	IL
6OLF_t:1305-1310_1365-1370	748	1279	IL
6OLE_t:1305-1310_1365-1370	748	1279	IL
6OM7_t:1305-1310_1365-1370	748	1279	IL
6OLI_t:1305-1310_1365-1370	748	1279	IL
6ZMO_S2:1050-1051_1147-1150	749	1281	IL
6ZM7_S2:1050-1051_1147-1150	749	1281	IL
6ZME_S2:1050-1051_1147-1150	749	1281	IL
6ZMI_S2:1050-1051_1147-1150	749	1281	IL
6Z6M_S2:1050-1051_1147-1150	749	1281	IL
6Z6N_S2:1050-1051_1147-1150	749	1281	IL
6Z6L_S2:1050-1051_1147-1150	749	1281	IL
7C7A_A:38-40_85-87	749	1281	IL
7OIF_1:1711-1717_1741-1745	756	1289	IL
7UPH_I:3205-3211_3235-3239	756	1289	IL
7OTC_A:1711-1717_1741-1745	756	1289	IL
4V7E_Aa:30-35_44-50	756	1289	IL
6Z1P_Aa:136-141_150-156	756	1289	IL
7JT1_1:1711-1717_1741-1745	756	1289	IL
6OLF_S2:1038-1045_1056-1061	757	1290	IL
6OM7_S2:1038-1045_1056-1061	757	1290	IL
6OLE_S2:1038-1045_1056-1061	757	1290	IL
6OLI_S2:1038-1045_1056-1061	757	1290	IL
6ZVH_2:1038-1045_1056-1061	757	1290	IL
6QZP_S2:1038-1045_1056-1061	757	1290	IL
6OM0_S2:1038-1045_1056-1061	757	1290	IL
5VYC_i6:1002-1004_1034-1036	758	1293	IL
5VYC_i1:1002-1004_1034-1036	758	1293	IL
5VYC_i2:1002-1004_1034-1036	758	1293	IL
5VYC_i4:1002-1004_1034-1036	758	1293	IL
6IP6_2m:1002-1004_1034-1036	758	1293	IL
4UG0_S2:1002-1004_1034-1036	758	1293	IL
5VYC_i5:1002-1004_1034-1036	758	1293	IL
5VYC_i3:1002-1004_1034-1036	758	1293	IL
7S0S_C:698-702_711-715	765	1304	IL
7Y41_A:698-702_711-715	765	1304	IL
5O60_A:698-702_711-715	765	1304	IL
7QGH_N:2692-2696_2723-2727	765	1304	IL
5O61_A:698-702_711-715	765	1304	IL
7LHD_A:1489-1491_1499-1501	765	1304	IL
7UPH_I:2104-2109_2117-2122	765	1305	IL
7OTC_A:605-609_617-621	765	1305	IL
7JT1_1:605-609_617-621	765	1305	IL
7OIF_1:605-609_617-621	765	1305	IL
6T3K_A:266-269_282-285	765	1305	IL
3GX7_A:63-68_81-84	766	1306	IL
3GX6_A:63-68_81-84	766	1306	IL
5FK5_A:63-68_81-84	766	1306	IL
3IQN_A:63-68_81-84	766	1306	IL
5FK2_A:63-68_81-84	766	1306	IL
5O61_A:2680-2682_2716-2717	767	1308	IL
7S0S_C:2680-2682_2716-2717	767	1308	IL
7Y41_A:2680-2682_2716-2717	767	1308	IL
7OTC_A:2456-2458_2492-2493	767	1308	IL
7JT1_1:2456-2458_2492-2493	767	1308	IL
5X8P_A:2473-2475_2509-2510	767	1308	IL
7OIF_1:2456-2458_2492-2493	767	1308	IL
7UPH_I:3950-3952_3986-3987	767	1308	IL
7S0S_C:355-363_437-438	769	1312	IL
6Z1P_Ab:353-357_472-479	769	1312	IL
6DZI_A:354-363_435-437	769	1312	IL
5O60_A:355-363_437-438	769	1312	IL
5O61_A:355-363_437-438	769	1312	IL
7Y41_A:355-363_437-438	769	1312	IL
6DZP_A:354-363_435-437	769	1312	IL
5VYC_i4:617-621_634-635	773	1317	IL
5VYC_i3:617-621_634-635	773	1317	IL
5VYC_i6:617-621_634-635	773	1317	IL
5VYC_i2:617-621_634-635	773	1317	IL
5VYC_i1:617-621_634-635	773	1317	IL
6IP6_2m:617-621_634-635	773	1319	IL
5T2C_AA:617-621_634-635	773	1319	IL
6IP8_2m:617-621_634-635	773	1319	IL
6IP5_2m:617-621_634-635	773	1319	IL
5VYC_i5:617-621_634-635	773	1319	IL
4UG0_S2:617-621_634-635	773	1319	IL
7S0S_C:2876-2881_2886-2890	775	1322	IL
5O61_A:2876-2881_2886-2890	775	1322	IL
7JT1_1:2652-2657_2662-2666	775	1322	IL
5O60_A:2876-2881_2886-2890	775	1322	IL
7OIF_1:2652-2657_2662-2666	775	1322	IL
7Y41_A:2876-2881_2886-2890	775	1322	IL
7OTC_A:2652-2657_2662-2666	775	1322	IL
5X8P_A:2669-2674_2679-2683	775	1322	IL
8RW1_2:1144-1145_1627-1629	778	1327	IL
7OTC_a:921-922_1392-1394	778	1327	IL
4V4B_B3:1063-1065_1197-1199	778	1327	IL
5J8A_BA:921-922_1392-1394	778	1327	IL
6ZVK_K3:1202-1203_1693-1695	778	1327	IL
7OIG_2:921-922_1392-1394	778	1327	IL
7UPH_I:920-921_1391-1393	778	1327	IL
8QBT_i:921-922_1392-1394	778	1327	IL
4V85_AA:921-922_1392-1394	778	1327	IL
8RW1_2:1633-1635_1761-1764	782	1334	IL
5J8A_BA:1398-1400_1500-1503	782	1334	IL
4V85_AA:1398-1400_1500-1503	782	1334	IL
7OIG_2:1398-1400_1500-1503	782	1334	IL
6GAW_AA:842-844_926-929	782	1334	IL
7OTC_a:1398-1400_1500-1503	782	1334	IL
8QBT_i:1398-1400_1500-1503	782	1334	IL
5VYC_i6:175-177_602-603	789	1343	IL
5VYC_i4:175-177_602-603	789	1343	IL
5VYC_i1:175-177_602-603	789	1343	IL
4UG0_S2:175-177_602-603	789	1343	IL
5VYC_i5:175-177_602-603	789	1343	IL
5VYC_i3:175-177_602-603	789	1343	IL
5T2C_AA:175-177_602-603	789	1343	IL
5VYC_i2:175-177_602-603	789	1343	IL
5X8P_A:1045-1051_1166-1170	798	1361	IL
7Y41_A:1135-1141_1257-1262	798	1361	IL
5O61_A:1135-1141_1257-1262	798	1361	IL
7S0S_C:1135-1141_1257-1262	798	1361	IL
5O60_A:1135-1141_1257-1262	798	1361	IL
7OTC_a:248-251_273-274	803	1370	IL
4V85_AA:248-251_273-274	803	1370	IL
7UPH_I:247-250_272-273	803	1370	IL
7OIG_2:248-251_273-274	803	1370	IL
8QBT_i:248-251_273-274	803	1370	IL
5VYC_i1:654-657_679-683	815	1391	IL
4UG0_S2:654-657_679-683	815	1391	IL
5VYC_i5:654-657_679-683	815	1391	IL
5VYC_i2:654-657_679-683	815	1391	IL
5VYC_i6:654-657_679-683	815	1391	IL
5O60_A:77-81_94-101	816	1392	IL
7Y41_A:77-81_94-101	816	1392	IL
5O61_A:77-81_94-101	816	1392	IL
7S0S_C:77-81_94-101	816	1392	IL
6FEC_A:186-190_203-207	816	1392	IL
7OTC_a:886-893_904-909	823	1404	IL
4V85_AA:886-893_904-909	823	1404	IL
8QBT_i:886-893_904-909	823	1404	IL
7UPH_I:885-892_903-908	823	1404	IL
5J8A_BA:886-893_904-909	823	1404	IL
7OIG_2:886-893_904-909	823	1404	IL
7JT3_3:885-892_903-908	823	1405	IL
4YAZ_R:15-19_34-38	823	1405	IL
6SPE_a:879-886_897-902	823	1405	IL
4V77_AA:885-892_903-908	823	1405	IL
4V7E_Aa:1690-1694_1744-1749	823	1405	IL
8A3L_A:885-892_903-908	823	1405	IL
6Z6N_L5:1356-1357_1464-1466	826	1408	IL
6ZMO_L5:1356-1357_1464-1466	826	1408	IL
6ZMI_L5:1356-1357_1464-1466	826	1408	IL
8XSX_L5:1356-1357_1464-1466	826	1408	IL
6ZME_L5:1356-1357_1464-1466	826	1408	IL
6Z6M_L5:1356-1357_1464-1466	826	1408	IL
1S03_B:8-10_38-39	826	1408	IL
6LQM_2:1356-1357_1464-1466	826	1408	IL
6Y6X_L5:1356-1357_1464-1466	826	1408	IL
7OTC_A:1207-1214_1233-1237	837	1424	IL
7UPH_I:1872-1874_1898-1901	837	1424	IL
7OIF_1:1207-1214_1233-1237	837	1424	IL
7UPH_I:2701-2708_2727-2731	837	1424	IL
7JT1_1:1207-1214_1233-1237	837	1424	IL
6ZME_S2:623-624_634-636	843	1433	IL
6ZMI_S2:623-624_634-636	843	1433	IL
6ZMO_S2:623-624_634-636	843	1433	IL
6Z6N_S2:623-624_634-636	843	1433	IL
6Z6L_S2:623-624_634-636	843	1433	IL
6Z6M_S2:623-624_634-636	843	1433	IL
6RXU_C1:129-130_143-145	843	1433	IL
6ZM7_S2:623-624_634-636	843	1433	IL
6LQM_2:4860-4866_4871-4876	845	1435	IL
7BHP_L5:4860-4866_4871-4876	845	1435	IL
6Y57_L5:4860-4866_4871-4876	845	1435	IL
6Y0G_L5:4860-4866_4871-4876	845	1435	IL
6LSS_2:4860-4866_4871-4876	845	1435	IL
6Y6X_L5:4860-4866_4871-4876	845	1436	IL
6Z6L_L5:4860-4866_4871-4876	845	1436	IL
6LU8_2:4859-4866_4871-4877	845	1436	IL
6Z6M_L5:4860-4866_4871-4876	845	1436	IL
8XSX_L5:4860-4866_4871-4876	845	1436	IL
6Z6N_L5:4860-4866_4871-4876	845	1436	IL
5VYC_i2:1537-1545_1554-1560	849	1443	IL
5VYC_i4:1537-1545_1554-1560	849	1443	IL
5VYC_i5:1537-1545_1554-1560	849	1443	IL
5VYC_i6:1537-1545_1554-1560	849	1443	IL
5VYC_i1:1537-1545_1554-1560	849	1443	IL
4UG0_S2:1537-1545_1554-1560	849	1443	IL
5VYC_i3:1537-1545_1554-1560	849	1443	IL
4TZP_C:15-22_82-89	854	1450	IL
3DIZ_A:21-29_62-69	854	1450	IL
3DIM_A:21-29_62-69	854	1450	IL
3DIQ_A:21-29_62-69	854	1450	IL
3DIS_A:21-29_62-69	854	1450	IL
3DIR_A:21-29_62-69	854	1450	IL
6Y0G_L5:443-452_515-519	855	1451	IL
6Z6M_L5:443-452_515-519	855	1451	IL
6Z6N_L5:443-452_515-519	855	1451	IL
6Y6X_L5:443-452_515-519	855	1451	IL
6Z6L_L5:443-452_515-519	855	1451	IL
6LSS_2:443-452_515-519	855	1451	IL
6LQM_2:443-452_515-519	855	1451	IL
7BHP_L5:443-452_515-519	855	1451	IL
6Y57_L5:443-452_515-519	855	1451	IL
6LU8_2:443-452_515-519	855	1451	IL
6Y0G_L8:63-64_92-94	857	1455	IL
6Y57_L8:63-64_92-94	857	1455	IL
6XB7_A:4-6_35-36	857	1455	IL
6Y6X_L8:63-64_92-94	857	1455	IL
6Y2L_L8:63-64_92-94	857	1455	IL
6FTG_w:63-64_92-94	857	1456	IL
6LQM_8:63-64_92-94	857	1456	IL
6LSS_8:63-64_92-94	857	1456	IL
6OM0_D:63-64_92-94	857	1456	IL
6LU8_8:63-64_92-94	857	1456	IL
6OLF_D:63-64_92-94	857	1457	IL
6OLE_D:63-64_92-94	857	1457	IL
6OLG_A3:63-64_92-94	857	1457	IL
6OLZ_A3:63-64_92-94	857	1457	IL
6OLI_D:63-64_92-94	857	1457	IL
6QZP_L8:63-64_92-94	857	1457	IL
6ZMO_L5:4173-4175_4648-4649	869	1475	IL
4V8P_A1:707-708_737-739	869	1475	IL
6ZME_L5:4173-4175_4648-4649	869	1475	IL
6ZM7_L5:4173-4175_4648-4649	869	1475	IL
6ZMI_L5:4173-4175_4648-4649	869	1475	IL
4V8Z_B7:27-28_48-51	870	1477	IL
7UQB_3:27-28_48-51	870	1477	IL
5I4L_7:27-28_48-51	870	1477	IL
4V91_3:27-28_48-51	870	1477	IL
7ZRS_4:27-28_48-51	870	1477	IL
4V8T_7:27-28_48-51	870	1477	IL
6OM7_t:1477-1481_1639-1643	872	1482	IL
6OM0_t:1477-1481_1639-1643	872	1482	IL
6OLI_t:1477-1480_1640-1643	872	1482	IL
6OLE_t:1477-1481_1639-1643	872	1482	IL
6OLF_t:1477-1481_1639-1643	872	1482	IL
6OLI_t:2668-2670_2798-2801	876	1488	IL
6O8Z_A:2087-2088_2455-2458	876	1488	IL
6OLE_t:2668-2670_2798-2801	876	1488	IL
6OLF_t:2668-2670_2798-2801	876	1488	IL
6OM0_t:2668-2670_2798-2801	876	1488	IL
6OM7_t:2668-2670_2798-2801	876	1488	IL
6OM0_t:2445-2446_2486-2489	878	1490	IL
6OLI_t:2445-2446_2486-2489	878	1490	IL
6OLF_t:2445-2446_2486-2489	878	1490	IL
6OLE_t:2445-2446_2486-2489	878	1490	IL
6OM7_t:2445-2446_2486-2489	878	1490	IL
6ZMI_S2:539-541_552-557	879	1492	IL
6ZMO_S2:539-541_552-557	879	1492	IL
6ZME_S2:539-541_552-557	879	1492	IL
6ZM7_S2:539-541_552-557	879	1492	IL
6Z6M_S2:539-541_552-557	879	1492	IL
6Z6L_S2:539-541_552-557	879	1492	IL
6Z6M_S2:1363-1364_1649-1651	880	1495	IL
6Z6L_S2:1363-1364_1649-1651	880	1495	IL
6ZMI_S2:1363-1364_1649-1651	880	1495	IL
6Z6N_S2:1363-1364_1649-1651	880	1495	IL
6ZMO_S2:1363-1364_1649-1651	880	1495	IL
7S0S_C:2682-2683_2713-2716	886	1503	IL
5X8P_A:2475-2476_2506-2509	886	1503	IL
5O60_A:2682-2683_2713-2716	886	1503	IL
8OIQ_B8:1281-1282_1312-1315	886	1503	IL
7Y41_A:2682-2683_2713-2716	886	1503	IL
5O61_A:2682-2683_2713-2716	886	1503	IL
5O61_B:30-31_51-54	890	1508	IL
6FTG_v:27-28_47-50	890	1508	IL
7MSM_B:28-29_49-52	890	1508	IL
7Y41_B:30-31_51-54	890	1508	IL
6Y6X_L7:27-28_47-50	890	1508	IL
6Y2L_L7:27-28_47-50	890	1508	IL
6QZP_L7:27-28_47-50	890	1508	IL
6LU8_5:27-28_47-50	890	1508	IL
6LSS_5:27-28_47-50	890	1508	IL
7BHP_L7:27-28_47-50	890	1508	IL
5O60_B:30-31_51-54	890	1508	IL
3JAI_7:27-28_47-50	890	1508	IL
9F1C_B7:27-28_47-50	890	1509	IL
6DZI_B:30-31_51-54	890	1509	IL
3J7R_7:27-28_47-50	890	1509	IL
6DZP_B:30-31_51-54	890	1509	IL
6LQM_5:27-28_47-50	890	1509	IL
6OLE_S2:1217-1219_1250-1252	907	1534	IL
6QZP_S2:1217-1219_1250-1252	907	1534	IL
6OM0_S2:1217-1219_1250-1252	907	1534	IL
6OLI_S2:1217-1219_1250-1252	907	1534	IL
6ZVH_2:1217-1219_1250-1252	907	1534	IL
6OLF_S2:1217-1219_1250-1252	907	1534	IL
6Z6M_S2:185-190_214-216	910	1538	IL
6ZMI_S2:185-190_214-216	910	1538	IL
6Z6N_S2:185-190_214-216	910	1538	IL
6Z6L_S2:185-190_214-216	910	1538	IL
6ZM7_S2:185-190_214-216	910	1538	IL
6ZMO_S2:185-190_214-216	910	1538	IL
7OIF_1:1436-1439_1550-1554	913	1542	IL
7UPH_I:2930-2933_3044-3048	913	1542	IL
6GAW_AA:418-421_439-442	913	1542	IL
7OTC_A:1436-1439_1550-1554	913	1542	IL
7JT1_1:1436-1439_1550-1554	913	1542	IL
6ZVH_2:971-973_999-1001	914	1543	IL
6OLI_S2:971-973_999-1001	914	1543	IL
6OM0_S2:971-973_999-1001	914	1543	IL
6QZP_S2:971-973_999-1001	914	1543	IL
6OLE_S2:971-973_999-1001	914	1543	IL
6OM7_S2:971-973_999-1001	914	1543	IL
7OTC_A:1031-1033_1120-1121	926	1561	IL
7OIF_1:1031-1033_1120-1121	926	1561	IL
7UPH_I:2525-2527_2614-2615	926	1561	IL
7Y41_A:1149-1151_1238-1239	926	1561	IL
7JT1_1:1031-1033_1120-1121	926	1561	IL
5O60_A:1149-1151_1238-1239	926	1561	IL
6ZM7_S2:565-567_582-584	927	1563	IL
6ZMI_S2:565-567_582-584	927	1563	IL
6Z6M_S2:565-567_582-584	927	1563	IL
6ZME_S2:565-567_582-584	927	1563	IL
6Z6L_S2:565-567_582-584	927	1563	IL
6ZVK_K3:1699-1701_1832-1835	936	1575	IL
6TMF_A:1347-1349_1446-1449	936	1575	IL
4V4N_B2:1358-1360_1455-1458	936	1575	IL
3JD5_A:836-838_919-922	936	1575	IL
7UPH_I:1397-1399_4404-4407	936	1575	IL
6OLI_S2:822-826_837-844	938	1579	IL
6SPD_A:2675-2680_2685-2689	938	1579	IL
6OM0_S2:822-826_837-844	938	1579	IL
6OLE_S2:822-826_837-844	938	1579	IL
6OM7_S2:822-826_837-844	938	1579	IL
6QZP_S2:822-826_837-844	938	1579	IL
6ZVH_2:822-826_837-844	938	1579	IL
6OLF_S2:822-826_837-844	938	1579	IL
6RM3_L50:1580-1587_1870-1873	942	1584	IL
4UN5_A:27-30_41-46	942	1584	IL
5VZL_B:27-30_59-64	942	1584	IL
6AEB_A:27-30_41-46	942	1584	IL
5FW3_A:27-30_41-46	942	1584	IL
7UPH_I:3291-3297_3306-3314	954	1601	IL
7OIF_1:1797-1803_1812-1820	954	1601	IL
7OTC_A:1797-1803_1812-1820	954	1601	IL
7JT1_1:1797-1803_1812-1820	954	1601	IL
5MYJ_BA:1797-1803_1812-1820	954	1601	IL
5O60_A:2859-2863_2997-3005	958	1608	IL
5O61_A:2859-2863_2997-3005	958	1608	IL
5X8P_A:2652-2656_2791-2799	958	1608	IL
7S0S_C:2859-2863_2997-3005	958	1608	IL
5X8P_A:1559-1562_1575-1579	958	1608	IL
7Y41_A:2859-2863_2997-3005	958	1608	IL
6DZP_A:2858-2862_2996-3004	958	1608	IL
6DZI_A:2858-2862_2996-3004	958	1608	IL
6OLI_t:1285-1294_1413-1414	959	1612	IL
6OLF_t:1285-1294_1413-1414	959	1612	IL
6OM0_t:1285-1294_1413-1414	959	1612	IL
6OLE_t:1285-1294_1413-1414	959	1612	IL
6OM7_t:1285-1294_1413-1414	959	1612	IL
7UPH_I:4231-4235_4255-4259	970	1627	IL
4V6U_B1:2849-2854_2874-2879	970	1627	IL
7OTC_A:2737-2741_2761-2765	970	1627	IL
5X8P_A:2755-2759_2779-2783	970	1627	IL
7OIF_1:2737-2741_2761-2765	970	1627	IL
7JT1_1:2737-2741_2761-2765	970	1627	IL
6ZSA_AA:875-876_903-905	972	1630	IL
6ZSG_AA:875-876_903-905	972	1630	IL
8BH7_a:1071-1072_1205-1207	972	1630	IL
4V8M_BA:199-201_253-254	972	1630	IL
6ZSB_AA:875-876_903-905	972	1630	IL
6ZSD_AA:875-876_903-905	972	1630	IL
6ZSC_AA:875-876_903-905	972	1630	IL
6OLE_t:117-121_144-150	975	1635	IL
6OM0_t:117-121_144-150	975	1635	IL
6OLI_t:117-122_143-150	975	1635	IL
6OLF_t:117-121_144-150	975	1635	IL
6OLZ_A2:117-121_144-150	975	1635	IL
6OM7_t:117-121_144-150	975	1635	IL
6Z6L_L5:4190-4192_4444-4447	979	1642	IL
6LQM_2:4190-4192_4444-4447	979	1642	IL
6IP5_1A:4190-4192_4444-4447	979	1642	IL
7BHP_L5:4190-4192_4444-4447	979	1642	IL
6Z6M_L5:4190-4192_4444-4447	979	1642	IL
6IP8_1A:4190-4192_4444-4447	979	1642	IL
6IP6_1A:4190-4192_4444-4447	979	1642	IL
4V8T_7:71-79_99-105	983	1648	IL
7ZRS_4:71-79_99-105	983	1648	IL
7Z34_2:71-79_99-105	983	1648	IL
8Q5I_3:71-79_99-105	983	1648	IL
5I4L_7:71-79_99-105	983	1648	IL
7UQB_3:71-79_99-105	983	1648	IL
4V91_3:71-79_99-105	983	1648	IL
6SPD_A:1956-1967_1983-1986	988	1655	IL
6PCT_I:1030-1036_1130-1146	988	1655	IL
6OLZ_A2:1277-1286_1405-1406	988	1655	IL
7QGH_N:1029-1035_1129-1145	988	1655	IL
7UNR_A:1020-1026_1120-1136	988	1655	IL
5VYC_i3:621-622_632-634	991	1659	IL
5VYC_i6:621-622_632-634	991	1659	IL
5VYC_i5:621-622_632-634	991	1659	IL
5VYC_i1:621-622_632-634	991	1659	IL
5VYC_i2:621-622_632-634	991	1659	IL
5VYC_i4:621-622_632-634	991	1659	IL
6ZMO_L5:1849-1851_1869-1870	993	1662	IL
6ZME_L5:1849-1851_1869-1870	993	1662	IL
8XSX_L5:1849-1851_1869-1870	993	1662	IL
6Z6M_L5:1849-1851_1869-1870	993	1662	IL
6ZMI_L5:1849-1851_1869-1870	993	1662	IL
6ZM7_L5:1849-1851_1869-1870	993	1662	IL
6IP5_1A:1849-1851_1869-1870	993	1663	IL
6Y0G_L5:1849-1851_1869-1870	993	1663	IL
6Y57_L5:1849-1851_1869-1870	993	1663	IL
6Y6X_L5:1849-1851_1869-1870	993	1663	IL
6LQM_2:1849-1851_1869-1870	993	1663	IL
6IP8_1A:1849-1851_1869-1870	993	1663	IL
7BHP_L5:1849-1851_1869-1870	993	1663	IL
4D5Y_2:4629-4636_4664-4673	1003	1676	IL
5T2C_A:4669-4676_4704-4713	1003	1676	IL
4UG0_L5:4669-4676_4704-4713	1003	1676	IL
4UJC_A2:4629-4636_4664-4673	1003	1676	IL
7CPV_L5:4322-4329_4357-4366	1003	1676	IL
6CFJ_1B:34-38_44-48	1010	1688	IL
6FXC_BB:31-35_41-45	1010	1688	IL
7P48_B:32-36_42-46	1010	1688	IL
8Y39_B:31-35_41-45	1010	1688	IL
7JIL_3:31-35_41-45	1010	1688	IL
7P7T_B:32-36_42-46	1010	1688	IL
8UU6_B:32-36_42-46	1010	1688	IL
8P2F_B:32-36_42-46	1010	1688	IL
6OLF_t:1483-1492_1635-1637	1013	1694	IL
6OM0_t:1483-1492_1635-1637	1013	1694	IL
6OM7_t:1483-1492_1635-1637	1013	1694	IL
6OLI_t:1483-1492_1635-1637	1013	1694	IL
6OLE_t:1483-1492_1635-1637	1013	1694	IL
7OYC_51:2024-2025_2029-2031	1024	1708	IL
7S0S_C:1657-1660_1770-1774	1024	1708	IL
5O60_A:1657-1660_1770-1774	1024	1708	IL
5O61_A:1657-1660_1770-1774	1024	1708	IL
7Y41_A:1657-1660_1770-1774	1024	1708	IL
6OM7_t:2286-2291_2578-2581	1025	1709	IL
6OM0_t:2286-2291_2578-2581	1025	1709	IL
5XY3_1:531-535_547-551	1025	1709	IL
6OLI_t:2286-2291_2578-2581	1025	1709	IL
6OLE_t:2286-2291_2578-2581	1025	1709	IL
6ZME_L5:2002-2007_2049-2052	1028	1713	IL
8XSX_L5:2002-2007_2049-2052	1028	1713	IL
6Z6M_L5:2002-2007_2049-2052	1028	1713	IL
6ZM7_L5:2002-2007_2049-2052	1028	1713	IL
6ZMI_L5:2002-2007_2049-2052	1028	1713	IL
6ZMO_L5:2002-2007_2049-2052	1028	1713	IL
3J2D_N:146-151_166-172	1031	1719	IL
8A3L_A:146-151_166-172	1031	1719	IL
6TMF_A:626-630_641-648	1031	1719	IL
3J28_N:145-151_166-173	1031	1719	IL
3J2C_N:145-151_166-173	1031	1719	IL
6TMF_A:125-130_145-151	1031	1719	IL
7JT3_3:146-151_166-172	1031	1719	IL
4V77_AA:146-151_166-172	1031	1719	IL
6SPE_a:140-145_160-166	1031	1719	IL
4V4N_B2:132-137_152-158	1031	1719	IL
4V4N_B2:637-641_652-659	1031	1719	IL
3J2G_N:145-151_166-173	1031	1719	IL
6Z6N_S2:1453-1455_1630-1631	1046	1739	IL
6Z6L_S2:1453-1455_1630-1631	1046	1739	IL
6ZMO_S2:1453-1455_1630-1631	1046	1739	IL
6ZMI_S2:1453-1455_1630-1631	1046	1739	IL
6ZM7_S2:1453-1455_1630-1631	1046	1739	IL
6Z6M_S2:1453-1455_1630-1631	1046	1739	IL
6ZME_S2:1453-1455_1630-1631	1046	1739	IL
5VYC_i4:1579-1582_1596-1601	1069	1774	IL
4UG0_S2:1579-1582_1596-1601	1069	1774	IL
5VYC_i5:1579-1582_1596-1601	1069	1774	IL
6IP6_2m:1579-1582_1596-1601	1069	1774	IL
6OF6_XA:1398-1400_1495-1498	1069	1774	IL
7OIG_2:932-934_1379-1383	1072	1779	IL
5J8A_BA:932-934_1379-1383	1072	1779	IL
7OTC_a:932-934_1379-1383	1072	1779	IL
7UPH_I:931-933_1378-1382	1072	1779	IL
4V85_AA:932-934_1379-1383	1072	1779	IL
8QBT_i:932-934_1379-1383	1072	1779	IL
4UG0_S2:1340-1343_1807-1811	1089	1806	IL
5VYC_i5:1340-1343_1807-1811	1089	1806	IL
5VYC_i6:1340-1343_1807-1811	1089	1806	IL
5VYC_i2:1340-1343_1807-1811	1089	1806	IL
5VYC_i3:1340-1343_1807-1811	1089	1806	IL
5VYC_i4:1340-1343_1807-1811	1089	1806	IL
5VYC_i1:1340-1343_1807-1811	1089	1806	IL
6Z6M_S2:440-442_464-465	1090	1807	IL
6Z6N_S2:440-442_464-465	1090	1807	IL
6ZMO_S2:440-442_464-465	1090	1807	IL
6ZME_S2:440-442_464-465	1090	1807	IL
6ZM7_S2:440-442_464-465	1090	1807	IL
6Z6L_S2:440-442_464-465	1090	1807	IL
6ZMI_S2:440-442_464-465	1090	1807	IL
6OM7_t:2441-2444_2490-2491	1090	1808	IL
6OLI_t:2441-2444_2490-2491	1090	1808	IL
6OLF_t:2441-2444_2490-2491	1090	1808	IL
6OM0_t:2441-2444_2490-2491	1090	1808	IL
6OLE_t:2441-2444_2490-2491	1090	1808	IL
6OM7_S2:1278-1279_1302-1308	1092	1812	IL
6OM0_S2:1278-1279_1302-1308	1092	1812	IL
6OLE_S2:1278-1279_1302-1308	1092	1812	IL
6OLI_S2:1278-1279_1302-1308	1092	1812	IL
6OLF_S2:1278-1279_1302-1308	1092	1812	IL
6IP8_1A:4675-4679_4689-4693	1099	1824	IL
6LSS_2:4675-4679_4689-4693	1099	1824	IL
6IP6_1A:4675-4679_4689-4693	1099	1824	IL
6LU8_2:4675-4679_4689-4693	1099	1824	IL
6IP5_1A:4675-4679_4689-4693	1099	1824	IL
6Y0G_L5:4190-4192_4444-4447	1103	1829	IL
8XSX_L5:4190-4192_4444-4447	1103	1829	IL
6Y6X_L5:4190-4192_4444-4447	1103	1829	IL
6Y57_L5:4190-4192_4444-4447	1103	1829	IL
6Z6N_L5:4190-4192_4444-4447	1103	1829	IL
6ZSA_AA:881-886_894-898	1110	1837	IL
6ZSD_AA:881-886_894-898	1110	1837	IL
6ZSG_AA:881-886_894-898	1110	1837	IL
6ZSB_AA:881-886_894-898	1110	1837	IL
6ZSC_AA:881-886_894-898	1110	1837	IL
7BHP_L5:1349-1350_1472-1474	1116	1845	IL
6Y6X_L5:1349-1350_1472-1474	1116	1845	IL
6Z6M_L5:1349-1350_1472-1474	1116	1845	IL
6ZME_L5:1349-1350_1472-1474	1116	1845	IL
8XSX_L5:1349-1350_1472-1474	1116	1845	IL
6ZM7_L5:1349-1350_1472-1474	1116	1845	IL
6ZMO_L5:1349-1350_1472-1474	1116	1845	IL
6ZMI_L5:1349-1350_1472-1474	1116	1845	IL
6Z6N_L5:1349-1350_1472-1474	1116	1845	IL
6Z6L_L5:1349-1350_1472-1474	1116	1845	IL
6LU8_2:1349-1350_1472-1474	1116	1846	IL
6LQM_2:1349-1350_1472-1474	1116	1846	IL
6LSS_2:1349-1350_1472-1474	1116	1846	IL
6Y57_L5:1349-1350_1472-1474	1116	1846	IL
6IP5_1A:1349-1350_1472-1474	1116	1846	IL
6IP6_1A:1349-1350_1472-1474	1116	1846	IL
6Y0G_L5:1349-1350_1472-1474	1116	1846	IL
6IP8_1A:1349-1350_1472-1474	1116	1846	IL
6Z6M_L5:2554-2555_2605-2607	1118	1849	IL
6Y0G_L5:2554-2555_2605-2607	1118	1849	IL
6ZME_L5:2554-2555_2605-2607	1118	1849	IL
6Z6N_L5:2554-2555_2605-2607	1118	1849	IL
8XSX_L5:2554-2555_2605-2607	1118	1849	IL
6ZM7_L5:2554-2555_2605-2607	1118	1849	IL
6Y57_L5:2554-2555_2605-2607	1118	1849	IL
6ZMI_L5:2554-2555_2605-2607	1118	1849	IL
6Z6L_L5:2554-2555_2605-2607	1118	1849	IL
6ZMO_L5:2554-2555_2605-2607	1118	1849	IL
6Y6X_L5:2554-2555_2605-2607	1118	1849	IL
7BHP_L5:2554-2555_2605-2607	1118	1849	IL
7A09_2:56-61_85-87	1122	1857	IL
6QZP_S2:56-61_85-87	1122	1857	IL
8RW1_2:57-62_86-88	1122	1857	IL
6OLI_S2:56-61_85-87	1122	1857	IL
6ZVJ_2:56-61_85-87	1122	1857	IL
6ZVH_2:56-61_85-87	1122	1857	IL
6QZP_S2:349-351_362-367	1123	1858	IL
6ZVH_2:349-351_362-367	1123	1858	IL
6OLF_S2:349-351_362-367	1123	1858	IL
6OLE_S2:349-351_362-367	1123	1858	IL
3J7P_S2:349-351_362-367	1123	1858	IL
6OLI_S2:349-351_362-367	1123	1858	IL
5O61_A:1377-1383_2234-2239	1139	1884	IL
1FQZ_A:2-8_19-24	1139	1884	IL
4V6U_B1:227-233_241-246	1139	1884	IL
7Y41_A:1377-1383_2234-2239	1139	1884	IL
5O60_A:1377-1383_2234-2239	1139	1884	IL
4V6U_B1:1622-1626_1674-1679	1139	1884	IL
6RM3_L70:71-78_98-104	1139	1884	IL
7S0S_C:1377-1383_2234-2239	1139	1884	IL
1F84_A:3-9_20-25	1139	1884	IL
8Q5I_A:1489-1492_1643-1650	1145	1894	IL
6SPB_A:693-698_715-721	1145	1894	IL
7OTC_A:701-706_723-729	1145	1894	IL
7JT1_1:701-706_723-729	1145	1894	IL
7UPH_I:2201-2206_2223-2229	1145	1894	IL
5O60_A:2351-2358_2377-2381	1145	1894	IL
5O61_A:2351-2358_2377-2381	1145	1894	IL
7OIF_1:701-706_723-729	1145	1894	IL
5LZS_7:26-27_52-56	1159	1911	IL
6Z6N_L7:26-27_52-56	1159	1911	IL
6ZMO_L7:26-27_52-56	1159	1911	IL
6Z6M_L7:26-27_52-56	1159	1911	IL
6IP8_1B:26-27_52-56	1159	1911	IL
6ZMI_L7:26-27_52-56	1159	1911	IL
7OIF_1:2453-2454_2495-2497	1172	1929	IL
5X8P_A:2470-2471_2512-2514	1172	1929	IL
7OTC_A:2453-2454_2495-2497	1172	1929	IL
7Y41_A:2677-2678_2719-2721	1172	1929	IL
7S0S_C:2677-2678_2719-2721	1172	1929	IL
5O60_A:2677-2678_2719-2721	1172	1929	IL
5O61_A:2677-2678_2719-2721	1172	1929	IL
6ZMI_S2:1060-1062_1136-1137	1173	1931	IL
6ZM7_S2:1060-1062_1136-1137	1173	1931	IL
6ZME_S2:1060-1062_1136-1137	1173	1931	IL
6Z6N_S2:1060-1062_1136-1137	1173	1931	IL
6Z6M_S2:1060-1062_1136-1137	1173	1931	IL
6Z6L_S2:1060-1062_1136-1137	1173	1931	IL
6ZMO_S2:1060-1062_1136-1137	1173	1931	IL
3DIZ_A:11-13_77-78	1175	1934	IL
3DIQ_A:11-13_77-78	1175	1934	IL
3DIR_A:11-13_77-78	1175	1934	IL
3DIS_A:11-13_77-78	1175	1934	IL
3DIM_A:11-13_77-78	1175	1934	IL
6IP5_1A:341-348_359-365	1177	1937	IL
6Y2L_L5:343-349_360-365	1177	1937	IL
6ZMO_L5:341-348_359-365	1177	1937	IL
6LSS_2:341-348_359-365	1177	1937	IL
6IP6_1A:341-348_359-365	1177	1937	IL
4V6U_B1:601-606_619-625	1184	1947	IL
4V4N_B2:732-736_752-756	1184	1947	IL
4MEG_B:81-88_103-111	1184	1947	IL
3CCJ_9:74-80_100-105	1184	1947	IL
3G6E_9:74-80_100-105	1184	1947	IL
7P48_A:498-505_513-519	1184	1947	IL
4V6U_B1:1404-1410_2134-2139	1184	1947	IL
3CCR_9:74-80_100-105	1184	1947	IL
4V4N_B2:844-851_862-867	1184	1947	IL
6ZME_S2:1669-1677_1711-1720	1197	1961	IL
6Z6L_S2:1669-1677_1711-1720	1197	1961	IL
6ZMI_S2:1669-1677_1711-1720	1197	1961	IL
6ZMO_S2:1669-1677_1711-1720	1197	1961	IL
6Z6N_S2:1669-1677_1711-1720	1197	1961	IL
6ZM7_S2:1669-1677_1711-1720	1197	1961	IL
5J8A_BA:445-449_482-487	1201	1967	IL
7OIG_2:445-449_482-487	1201	1967	IL
4V85_AA:445-449_482-487	1201	1967	IL
7UPH_I:444-448_481-486	1201	1967	IL
7OTC_a:445-449_482-487	1201	1967	IL
4UG0_L7:28-29_48-51	1222	1996	IL
8P2F_B:28-29_49-52	1222	1996	IL
7OYC_71:28-29_48-51	1222	1996	IL
5LZS_7:28-29_48-51	1222	1996	IL
6CFJ_1B:30-31_51-54	1222	1996	IL
4V9P_EB:30-31_51-54	1222	1996	IL
8AM9_b:30-31_51-54	1222	1996	IL
6Z6N_L7:28-29_48-51	1222	1997	IL
6ZME_L7:28-29_48-51	1222	1997	IL
6YSI_5:29-30_50-53	1222	1997	IL
6Z6M_L7:28-29_48-51	1222	1997	IL
7P7T_B:28-29_49-52	1222	1997	IL
6ZM7_L7:28-29_48-51	1222	1997	IL
6ZMI_L7:28-29_48-51	1222	1997	IL
6Z6L_L7:28-29_48-51	1222	1997	IL
6ZTO_AA:895-902_913-918	1230	2010	IL
7MT7_a:890-897_908-913	1230	2010	IL
7SFR_a:890-897_908-913	1230	2010	IL
8Q5I_A:1106-1112_1123-1132	1230	2010	IL
5O61_BA:879-886_897-902	1230	2010	IL
6UZ7_5:468-471_482-495	1230	2010	IL
6XZA_A1:897-904_915-920	1230	2010	IL
6OLZ_A4:27-30_45-50	1233	2015	IL
6OLG_A4:27-30_45-50	1233	2015	IL
6OLF_E:27-30_45-50	1233	2015	IL
6OM0_E:27-30_45-50	1233	2015	IL
6SWA_s:27-31_44-50	1233	2015	IL
6W6L_E:27-30_45-50	1233	2015	IL
8RW1_2:560-566_573-581	1237	2020	IL
6HIV_CA:229-235_242-250	1237	2020	IL
6ZVK_K3:610-616_623-631	1237	2020	IL
7OIG_2:514-520_527-535	1237	2020	IL
7PUB_CA:229-235_242-250	1237	2020	IL
8QBT_i:514-520_527-535	1237	2020	IL
4UER_A:561-567_574-582	1237	2020	IL
6OF6_XA:515-521_528-536	1237	2020	IL
4D5Y_2:4641-4645_4655-4659	1244	2029	IL
4UG0_L5:4681-4685_4695-4699	1244	2029	IL
5LKS_L5:4681-4685_4695-4699	1244	2029	IL
5T2C_A:4681-4685_4695-4699	1244	2029	IL
4UJC_A2:4641-4645_4655-4659	1244	2029	IL
1TLR_A:3-7_16-19	1244	2029	IL
7CPV_L5:4335-4338_4348-4351	1244	2029	IL
5O60_A:2303-2305_2459-2462	1258	2050	IL
7S0S_C:2303-2305_2459-2462	1258	2050	IL
7Y41_A:2303-2305_2459-2462	1258	2050	IL
5O61_A:2303-2305_2459-2462	1258	2050	IL
4V6U_B1:2203-2205_2348-2351	1258	2050	IL
3DIZ_A:83-84_108-110	1259	2052	IL
3DIS_A:83-84_108-110	1259	2052	IL
3DIM_A:83-84_108-110	1259	2052	IL
3DIR_A:83-84_108-110	1259	2052	IL
3DIQ_A:83-84_108-110	1259	2052	IL
6OLF_t:1748-1750_1761-1762	1261	2056	IL
6OLI_t:1748-1750_1761-1762	1261	2056	IL
6OLE_t:1748-1750_1761-1762	1261	2056	IL
6OM0_t:1748-1750_1761-1762	1261	2056	IL
6OM7_t:1748-1750_1761-1762	1261	2056	IL
1P5N_A:3-8_24-30	1269	2065	IL
5X8P_A:222-229_237-243	1269	2065	IL
7UPH_I:2755-2762_3504-3510	1269	2065	IL
8OIQ_B8:72-78_86-91	1269	2065	IL
1IE2_A:3-8_13-18	1269	2065	IL
4V7E_Aa:1446-1452_2352-2357	1269	2065	IL
7OTC_A:1262-1268_2010-2015	1269	2065	IL
7JT1_1:1262-1268_2010-2015	1269	2065	IL
1P5P_A:27-32_48-54	1269	2065	IL
7OIF_1:1262-1268_2010-2015	1269	2065	IL
7M4W_a:1313-1317_1340-1344	1280	2080	IL
7UW1_a:1313-1317_1340-1344	1280	2080	IL
7UNU_a:1310-1314_1337-1341	1280	2080	IL
6V3E_sN1:1313-1317_1340-1344	1280	2080	IL
5ZEP_a:1298-1302_1325-1329	1280	2080	IL
7JT1_1:856-861_914-919	1286	2089	IL
6TMF_A:721-725_741-745	1286	2089	IL
7OIF_1:856-861_914-919	1286	2089	IL
5X8P_A:866-871_923-928	1286	2089	IL
7OTC_A:856-861_914-919	1286	2089	IL
7UPH_I:2356-2361_2408-2413	1286	2089	IL
4V6U_B1:993-997_1050-1054	1286	2089	IL
6LSS_2:4895-4900_4925-4929	1289	2095	IL
6LQM_2:4895-4900_4925-4929	1289	2095	IL
6LU8_2:4895-4900_4925-4929	1289	2095	IL
6Y6X_L5:4895-4900_4925-4929	1289	2095	IL
6Z6N_L5:4895-4900_4925-4929	1289	2095	IL
8XSX_L5:4895-4900_4925-4929	1289	2095	IL
6Z6M_L5:4895-4900_4925-4929	1289	2095	IL
6Z6L_L5:4895-4900_4925-4929	1289	2095	IL
6OM7_S2:961-963_1022-1028	1304	2114	IL
6QZP_S2:961-963_1022-1028	1304	2114	IL
6OLF_S2:961-963_1022-1028	1304	2114	IL
6OM0_S2:961-963_1022-1028	1304	2114	IL
6OLE_S2:961-963_1022-1028	1304	2114	IL
6ZVH_2:961-963_1022-1028	1304	2114	IL
4V4P_B1:21-23_43-47	1304	2114	IL
6OLI_S2:961-963_1022-1028	1304	2114	IL
5O60_A:1886-1891_2213-2216	1305	2115	IL
8OIQ_B8:803-808_984-987	1305	2115	IL
5X8P_A:1704-1709_2003-2006	1305	2115	IL
5O61_A:1886-1891_2213-2216	1305	2115	IL
7Y41_A:1886-1891_2213-2216	1305	2115	IL
4WZJ_VVVV:45-48_55-59	1331	2153	IL
4WZJ_XXX:45-48_55-59	1331	2153	IL
4WZJ_YYY:45-48_55-59	1331	2153	IL
4WZJ_VV:45-48_55-59	1331	2153	IL
4WZJ_VVV:45-48_55-59	1331	2153	IL
4WZJ_YY:45-48_55-59	1331	2153	IL
4WZJ_Y:45-48_55-59	1331	2153	IL
4WZJ_XX:45-48_55-59	1331	2153	IL
4WZJ_YYYY:45-48_55-59	1331	2153	IL
4WZJ_XXXX:45-48_55-59	1331	2153	IL
4WZJ_V:45-48_55-59	1331	2153	IL
4WZJ_X:45-48_55-59	1331	2153	IL
6OLI_t:1794-1800_2599-2604	1338	2162	IL
6OLE_t:1794-1800_2599-2604	1338	2162	IL
6OLF_t:1794-1800_2599-2604	1338	2162	IL
6OM7_t:1794-1800_2599-2604	1338	2162	IL
6OM0_t:1794-1800_2599-2604	1338	2162	IL
6OLF_S2:549-556_561-570	1345	2171	IL
6OLI_S2:549-555_562-570	1345	2171	IL
7QH4_W:457-466_491-500	1345	2171	IL
6OLE_S2:549-555_562-570	1345	2171	IL
6OM0_S2:549-555_562-570	1345	2171	IL
6OM7_S2:549-555_562-570	1345	2171	IL
6ZLW_2:1743-1751_1785-1794	1359	2192	IL
7K5I_2:1743-1751_1785-1794	1359	2192	IL
6OLG_A2:1476-1485_1628-1630	1359	2192	IL
6G5H_2:1743-1752_1785-1794	1359	2192	IL
5A2Q_2:1743-1751_1785-1794	1359	2192	IL
7JIL_1:418-419_484-498	1359	2192	IL
6O8Z_A:2145-2155_2171-2177	1359	2192	IL
6ZVH_2:912-916_942-943	1385	2230	IL
6OM7_S2:912-916_942-943	1385	2230	IL
6OLE_S2:912-916_942-943	1385	2230	IL
6OLF_S2:912-916_942-943	1385	2230	IL
6QZP_S2:912-916_942-943	1385	2230	IL
5VYC_i3:1048-1049_1145-1148	1386	2232	IL
5VYC_i5:1048-1049_1145-1148	1386	2232	IL
5VYC_i6:1048-1049_1145-1148	1386	2232	IL
5VYC_i1:1048-1049_1145-1148	1386	2232	IL
4UG0_S2:1048-1049_1145-1148	1386	2232	IL
5VYC_i2:1048-1049_1145-1148	1386	2232	IL
5VYC_i4:1048-1049_1145-1148	1386	2232	IL
6IP5_2m:1048-1049_1145-1148	1386	2232	IL
7OTC_A:35-36_441-443	1387	2235	IL
5O60_A:32-33_529-531	1387	2235	IL
5X8P_A:34-35_453-455	1387	2235	IL
7OIF_1:35-36_441-443	1387	2235	IL
5O61_A:32-33_529-531	1387	2235	IL
7Y41_A:32-33_529-531	1387	2235	IL
6Y0G_S2:1096-1097_1186-1188	1387	2235	IL
4V7E_Aa:836-840_857-861	1388	2236	IL
5FK5_A:16-20_30-37	1388	2236	IL
5FJ1_E:2-6_15-22	1388	2236	IL
4Y1I_A:4-11_88-93	1388	2236	IL
5FK2_A:16-20_30-37	1388	2236	IL
2J37_Z:226-231_241-247	1388	2236	IL
4V6U_B1:1639-1645_1655-1661	1388	2236	IL
5FJ4_D:2-6_25-32	1388	2236	IL
8RW1_2:1675-1679_1716-1720	1388	2236	IL
6OLE_t:1310-1311_1363-1365	1389	2238	IL
6OLI_t:1310-1311_1363-1365	1389	2238	IL
6OLF_t:1310-1311_1363-1365	1389	2238	IL
6OM7_t:1310-1311_1363-1365	1389	2238	IL
6OM0_t:1310-1311_1363-1365	1389	2238	IL
6OLF_S2:1161-1163_1176-1178	1395	2246	IL
6OM7_S2:1161-1163_1176-1178	1395	2246	IL
6OLE_S2:1161-1163_1176-1178	1395	2246	IL
6OLI_S2:1161-1163_1176-1178	1395	2246	IL
6OM0_S2:1161-1163_1176-1178	1395	2246	IL
6QZP_S2:1161-1163_1176-1178	1395	2246	IL
6ZVH_2:1199-1202_1369-1370	1401	2258	IL
6OLI_S2:1199-1202_1369-1370	1401	2258	IL
6QZP_S2:1199-1202_1369-1370	1401	2258	IL
6OM7_S2:1199-1202_1369-1370	1401	2258	IL
6OLE_S2:1199-1202_1369-1370	1401	2258	IL
6OM0_S2:1199-1202_1369-1370	1401	2258	IL
7R6Q_6:29-32_45-47	1405	2263	IL
6ZVK_K3:1645-1650_1672-1679	1405	2263	IL
7Y41_A:373-375_424-428	1405	2263	IL
7S0S_C:373-375_424-428	1405	2263	IL
5O61_A:373-375_424-428	1405	2263	IL
5O60_A:373-375_424-428	1405	2263	IL
5V8I_2A:54-59_567-572	1415	2277	IL
6UZ7_5:2267-2279_2288-2298	1415	2277	IL
8OO0_1:2262-2267_2279-2286	1415	2277	IL
5TGA_6:631-635_972-976	1415	2277	IL
7OLC_1:2262-2267_2279-2286	1415	2277	IL
7Z3O_1:2262-2267_2279-2286	1415	2277	IL
4UG0_S2:1489-1491_1500-1501	1417	2279	IL
6IP5_2m:1489-1491_1500-1501	1417	2279	IL
6IP6_2m:1489-1491_1500-1501	1417	2279	IL
5T2C_AA:1489-1491_1500-1501	1417	2279	IL
6IP8_2m:1489-1491_1500-1501	1417	2279	IL
5LKS_S2:1489-1491_1500-1501	1417	2279	IL
5VYC_i5:1489-1491_1500-1501	1417	2279	IL
5VYC_i2:1489-1491_1500-1501	1417	2279	IL
5VYC_i4:1489-1491_1500-1501	1417	2279	IL
5X8P_A:684-688_809-816	1423	2289	IL
4V8M_BA:903-907_1029-1036	1423	2289	IL
4V7E_Aa:807-811_933-940	1423	2289	IL
6SY6_D:6-17_28-36	1423	2289	IL
4V6U_B1:806-810_933-940	1423	2289	IL
6NY3_B:69-70_98-100	1432	2302	IL
7LHD_A:622-626_640-642	1432	2302	IL
6ZSB_AA:753-757_779-783	1432	2302	IL
6ZSA_AA:753-757_779-783	1432	2302	IL
6ZSD_AA:753-757_779-783	1432	2302	IL
6ZSG_AA:753-757_779-783	1432	2302	IL
6ZSC_AA:753-757_779-783	1432	2302	IL
5VYC_i3:802-806_1151-1155	1436	2306	IL
5VYC_i4:802-806_1151-1155	1436	2306	IL
5VYC_i5:802-806_1151-1155	1436	2306	IL
4UG0_S2:802-806_1151-1155	1436	2306	IL
5VYC_i1:802-806_1151-1155	1436	2306	IL
5VYC_i2:802-806_1151-1155	1436	2306	IL
5VYC_i6:802-806_1151-1155	1436	2306	IL
7S0S_C:1121-1128_1268-1269	1448	2323	IL
6DZI_A:1120-1127_1267-1268	1448	2323	IL
5O60_A:1121-1128_1268-1269	1448	2323	IL
7Y41_A:1121-1128_1268-1269	1448	2323	IL
5X8P_A:1031-1038_1176-1177	1448	2323	IL
5O61_A:1121-1128_1268-1269	1448	2323	IL
6DZP_A:1120-1127_1267-1268	1448	2323	IL
7OTC_a:604-610_628-632	1449	2324	IL
8QBT_i:604-611_627-632	1449	2324	IL
5J8A_BA:604-610_628-632	1449	2324	IL
4V85_AA:604-610_628-632	1449	2324	IL
7UPH_I:603-608_627-631	1449	2324	IL
7OIG_2:604-610_628-632	1449	2324	IL
6Z6N_S2:658-659_681-683	1471	2353	IL
6ZME_S2:658-659_681-683	1471	2353	IL
6ZM7_S2:658-659_681-683	1471	2353	IL
6Z6M_S2:658-659_681-683	1471	2353	IL
6ZMO_S2:658-659_681-683	1471	2353	IL
6ZMI_S2:658-659_681-683	1471	2353	IL
6Z6L_S2:658-659_681-683	1471	2353	IL
6OM0_t:380-383_394-407	1479	2363	IL
6SWA_q:380-383_394-407	1479	2363	IL
6QZP_L5:386-389_400-413	1479	2363	IL
6ZVK_e2:386-389_400-413	1479	2363	IL
6OLE_t:380-383_394-407	1479	2363	IL
3J7R_5:388-391_402-415	1479	2363	IL
6OLF_t:380-383_394-407	1479	2363	IL
6OM7_t:380-383_394-407	1479	2363	IL
6OLI_t:380-383_394-407	1479	2363	IL
6OLG_A2:380-383_394-407	1479	2363	IL
6OLZ_A2:380-383_394-407	1479	2363	IL
4V85_AA:568-574_879-880	1480	2365	IL
7OIG_2:568-574_879-880	1480	2365	IL
7OTC_a:568-574_879-880	1480	2365	IL
8QBT_i:568-574_879-880	1480	2365	IL
5J8A_BA:568-574_879-880	1480	2365	IL
5VYC_i1:1394-1396_1639-1640	1490	2380	IL
5VYC_i3:1394-1396_1639-1640	1490	2380	IL
5VYC_i2:1394-1396_1639-1640	1490	2380	IL
5VYC_i5:1394-1396_1639-1640	1490	2380	IL
5VYC_i4:1394-1396_1639-1640	1490	2380	IL
5VYC_i6:1394-1396_1639-1640	1490	2380	IL
4UG0_S2:1394-1396_1639-1640	1490	2380	IL
6OLE_t:2303-2308_2313-2319	1493	2383	IL
6OM0_t:2303-2308_2313-2319	1493	2383	IL
6OM7_t:2303-2308_2313-2319	1493	2383	IL
6QZP_L5:2324-2329_2334-2340	1493	2383	IL
6OLI_t:2303-2308_2313-2319	1493	2383	IL
5J8A_BA:62-65_102-103	1494	2386	IL
7OTC_a:62-65_102-103	1494	2386	IL
7OIG_2:62-65_102-103	1494	2386	IL
4V85_AA:62-65_102-103	1494	2386	IL
8QBT_i:62-65_102-103	1494	2386	IL
7UPH_I:61-64_101-102	1494	2386	IL
6Y2L_S2:1323-1330_1341-1346	1529	2431	IL
7Z3O_1:3276-3284_3293-3298	1529	2431	IL
7OLC_1:3276-3284_3293-3298	1529	2431	IL
6V3E_sN1:418-425_436-442	1529	2431	IL
8OO0_1:3276-3284_3293-3298	1529	2431	IL
7OTC_B:70-78_96-104	1534	2437	IL
4V71_BB:70-78_96-104	1534	2437	IL
8PPK_2:854-882_883-884	1534	2437	IL
3J3V_B:68-79_91-102	1534	2437	IL
7NWW_3:70-78_96-104	1534	2437	IL
4V4N_B2:532-536_710-714	1534	2437	IL
6TMF_A:521-525_699-703	1534	2437	IL
1C2X_C:70-78_96-104	1534	2437	IL
1SCL_A:7-12_17-21	1539	2443	IL
4V6U_B1:1492-1496_1519-1524	1539	2443	IL
5O61_A:2961-2965_2985-2989	1539	2443	IL
7S0S_C:2961-2965_2985-2989	1539	2443	IL
5O60_A:2961-2965_2985-2989	1539	2443	IL
7Y41_A:2961-2965_2985-2989	1539	2443	IL
6ZME_S2:619-623_636-637	1547	2455	IL
6ZMO_S2:619-623_636-637	1547	2455	IL
6Z6N_S2:619-623_636-637	1547	2455	IL
6Z6L_S2:619-623_636-637	1547	2455	IL
6ZMI_S2:619-623_636-637	1547	2455	IL
6Z6M_S2:619-623_636-637	1547	2455	IL
5T2A_D:71-78_98-104	1550	2460	IL
1JBT_C:6-12_17-22	1550	2460	IL
6UFM_B:34-40_63-71	1550	2460	IL
430D_A:5-12_17-23	1550	2460	IL
1C04_F:5-12_17-23	1550	2460	IL
5XY3_3:72-78_98-103	1550	2460	IL
1Q93_C:5-11_16-21	1550	2460	IL
4V8M_BA:78-86_94-100	1550	2460	IL
4V7E_Aa:81-87_95-100	1550	2460	IL
6ZM7_S2:1057-1059_1138-1140	1553	2465	IL
6ZMO_S2:1057-1059_1138-1140	1553	2465	IL
6Z6L_S2:1057-1059_1138-1140	1553	2465	IL
6ZMI_S2:1057-1059_1138-1140	1553	2465	IL
6ZME_S2:1057-1059_1138-1140	1553	2465	IL
5O61_B:23-28_59-60	1565	2481	IL
6DZP_B:23-28_59-60	1565	2481	IL
6DZI_B:23-28_59-60	1565	2481	IL
5O60_B:23-28_59-60	1565	2481	IL
7MSM_B:21-26_57-58	1565	2481	IL
8CRX_b:22-27_58-59	1565	2481	IL
5FK5_A:43-46_55-57	1568	2486	IL
4L81_A:23-26_45-47	1568	2486	IL
5FK2_A:43-46_55-57	1568	2486	IL
3GX6_A:43-46_55-57	1568	2486	IL
3GX7_A:43-46_55-57	1568	2486	IL
4OQU_A:23-26_45-47	1568	2486	IL
6OM7_S2:467-471_489-494	1586	2511	IL
6OLE_S2:466-470_490-494	1586	2511	IL
6OLF_S2:467-471_488-494	1586	2511	IL
6OLI_S2:466-470_490-494	1586	2511	IL
6OM0_S2:466-470_490-494	1586	2511	IL
6OLF_S2:375-377_392-394	1591	2517	IL
6OLI_S2:375-377_392-394	1591	2517	IL
6QZP_S2:375-377_392-394	1591	2517	IL
3J7P_S2:375-377_392-394	1591	2517	IL
6ZVH_2:375-377_392-394	1591	2517	IL
6OM0_S2:375-377_392-394	1591	2517	IL
6OM7_S2:375-377_392-394	1591	2517	IL
6OLE_S2:375-377_392-394	1591	2517	IL
5VYC_i4:1332-1334_1817-1818	1596	2524	IL
4UG0_S2:1332-1334_1817-1818	1596	2524	IL
5VYC_i2:1332-1334_1817-1818	1596	2524	IL
5VYC_i5:1332-1334_1817-1818	1596	2524	IL
5VYC_i1:1332-1334_1817-1818	1596	2524	IL
5VYC_i6:1332-1334_1817-1818	1596	2524	IL
5VYC_i3:1332-1334_1817-1818	1596	2524	IL
6OLI_S2:1576-1578_1670-1672	1603	2535	IL
6OLF_S2:1576-1578_1670-1672	1603	2535	IL
6OM7_S2:1576-1578_1670-1672	1603	2535	IL
6OM0_S2:1576-1578_1670-1672	1603	2535	IL
6OLE_S2:1576-1578_1670-1672	1603	2535	IL
6OM7_S2:1603-1606_1642-1645	1605	2538	IL
6OLE_S2:1603-1606_1642-1645	1605	2538	IL
6OM0_S2:1603-1606_1642-1645	1605	2538	IL
6OLI_S2:1603-1606_1642-1645	1605	2538	IL
6OLF_S2:1603-1606_1642-1645	1605	2538	IL
5T2C_AA:1676-1684_1703-1709	1632	2573	IL
5VYC_i6:1676-1684_1703-1708	1632	2573	IL
5VYC_i3:1676-1684_1703-1708	1632	2573	IL
5VYC_i1:1676-1684_1703-1708	1632	2573	IL
4V4B_B3:1745-1750_1760-1766	1632	2573	IL
5VYC_i3:1000-1002_1036-1037	1648	2594	IL
5VYC_i1:1000-1002_1036-1037	1648	2594	IL
5T2C_AA:587-588_593-595	1648	2594	IL
5VYC_i2:1000-1002_1036-1037	1648	2594	IL
4UG0_S2:1000-1002_1036-1037	1648	2594	IL
5VYC_i4:1000-1002_1036-1037	1648	2594	IL
5VYC_i6:1000-1002_1036-1037	1648	2594	IL
5VYC_i5:1000-1002_1036-1037	1648	2594	IL
6OM0_t:1913-1915_1935-1936	1649	2596	IL
6OM7_t:1913-1915_1935-1936	1649	2596	IL
6OLE_t:1913-1915_1935-1936	1649	2596	IL
6OLI_t:1913-1915_1935-1936	1649	2596	IL
6OLF_t:1913-1915_1935-1936	1649	2596	IL
5X8P_A:712-717_734-740	1650	2599	IL
7S0S_C:816-821_838-844	1650	2599	IL
5O60_A:816-821_838-844	1650	2599	IL
5O61_A:816-821_838-844	1650	2599	IL
7Y41_A:816-821_838-844	1650	2599	IL
6ZSC_AA:848-850_931-934	1651	2601	IL
6ZSA_AA:848-850_931-934	1651	2601	IL
6ZSG_AA:848-850_931-934	1651	2601	IL
6ZSD_AA:848-850_931-934	1651	2601	IL
6ZSB_AA:848-850_931-934	1651	2601	IL
5NPM_B:24-31_50-54	1659	2611	IL
4V6U_B1:262-265_293-294	1659	2611	IL
3NMU_E:13-16_23-29	1659	2611	IL
1RLG_C:3-7_14-21	1659	2611	IL
6HYK_A:4-10_23-26	1659	2611	IL
3ID5_H:12-15_24-30	1659	2611	IL
4V6U_B3:72-77_97-101	1662	2616	IL
2HGH_B:23-28_39-43	1662	2616	IL
4V6W_A7:71-77_97-102	1662	2616	IL
6SPB_A:240-246_254-259	1662	2616	IL
6AZ3_4:45-52_57-63	1662	2616	IL
7QEP_2:70-77_97-103	1662	2616	IL
8OVE_BG:45-52_57-63	1662	2616	IL
4V8M_BG:45-52_57-63	1662	2616	IL
4V6U_B1:176-181_190-196	1662	2616	IL
3JBP_AB:70-76_96-101	1662	2616	IL
4V8P_C3:71-77_97-102	1662	2616	IL
4V4N_A3:72-77_97-101	1662	2616	IL
7OTC_a:952-953_1225-1227	1694	2657	IL
5J8A_BA:952-953_1225-1227	1694	2657	IL
8QBT_i:952-953_1225-1227	1694	2657	IL
7OIG_2:952-953_1225-1227	1694	2657	IL
4V85_AA:952-953_1225-1227	1694	2657	IL
6SPE_a:771-775_791-795	1696	2659	IL
8A3L_A:777-781_797-801	1696	2659	IL
7JT3_3:777-781_797-801	1696	2659	IL
4V77_AA:777-781_797-801	1696	2659	IL
3J2D_N:777-781_797-801	1696	2659	IL
6ZMO_S2:1475-1477_1508-1510	1707	2673	IL
6Z6M_S2:1475-1477_1508-1510	1707	2673	IL
6Z6N_S2:1475-1477_1508-1510	1707	2673	IL
6Z6L_S2:1475-1477_1508-1510	1707	2673	IL
6ZMI_S2:1475-1477_1508-1510	1707	2673	IL
6ZME_S2:1475-1477_1508-1510	1707	2673	IL
6ZM7_S2:1475-1477_1508-1510	1707	2673	IL
5T2C_A:2571-2578_2598-2602	1711	2678	IL
4D5Y_2:2547-2554_2574-2579	1711	2678	IL
4UJC_A2:2547-2554_2574-2579	1711	2678	IL
4UG0_L5:2571-2578_2598-2602	1711	2678	IL
5LKS_L5:2571-2578_2598-2602	1711	2678	IL
5X8P_A:2703-2707_2735-2739	1719	2686	IL
7JT1_1:2686-2690_2717-2721	1719	2686	IL
7OTC_A:2686-2690_2717-2721	1719	2686	IL
7OIF_1:2686-2690_2717-2721	1719	2686	IL
7UPH_I:4180-4184_4211-4215	1719	2686	IL
5VYC_i2:1294-1301_1312-1317	1721	2688	IL
6GB2_BA:94-100_108-113	1721	2688	IL
5VYC_i4:1294-1301_1312-1317	1721	2688	IL
5VYC_i6:1294-1301_1312-1317	1721	2688	IL
5VYC_i1:1294-1301_1312-1317	1721	2688	IL
5VYC_i3:1294-1301_1312-1317	1721	2688	IL
4UG0_S2:1294-1301_1312-1317	1721	2688	IL
5VYC_i5:1294-1301_1312-1317	1721	2688	IL
5VYC_i2:563-565_580-582	1738	2710	IL
5VYC_i6:563-565_580-582	1738	2710	IL
5VYC_i3:563-565_580-582	1738	2710	IL
5VYC_i4:563-565_580-582	1738	2710	IL
5VYC_i5:563-565_580-582	1738	2710	IL
6Y0G_S2:197-199_817-819	1738	2710	IL
4UG0_S2:563-565_580-582	1738	2710	IL
5VYC_i1:563-565_580-582	1738	2710	IL
6OLF_t:2707-2713_2778-2781	1741	2716	IL
6OLE_t:2707-2713_2778-2781	1741	2716	IL
6OM0_t:2707-2713_2778-2781	1741	2716	IL
6OM7_t:2707-2713_2778-2781	1741	2716	IL
6OLI_t:2707-2713_2778-2781	1741	2716	IL
7MSM_B:26-27_53-57	1742	2717	IL
5V7Q_B:26-27_53-57	1742	2717	IL
5O60_B:28-29_55-59	1742	2717	IL
7S0S_i:28-29_55-59	1742	2717	IL
5O61_B:28-29_55-59	1742	2717	IL
7UVV_B:27-28_48-51	1743	2719	IL
8Y39_B:27-28_48-51	1743	2719	IL
7M4W_B:27-28_48-51	1743	2719	IL
7NWW_3:29-30_50-53	1743	2719	IL
7OTC_B:29-30_50-53	1743	2719	IL
4V71_BB:29-30_50-53	1743	2719	IL
5VYC_i3:537-539_550-555	1763	2744	IL
5VYC_i6:537-539_550-555	1763	2744	IL
5VYC_i4:537-539_550-555	1763	2744	IL
5VYC_i1:537-539_550-555	1763	2744	IL
5VYC_i2:537-539_550-555	1763	2744	IL
5MQF_5:18-27_53-57	1809	2801	IL
5O9Z_5:18-27_53-57	1809	2801	IL
6OLG_A2:1298-1303_1358-1363	1809	2801	IL
6AHD_B:18-27_53-57	1809	2801	IL
6AH0_B:18-27_53-57	1809	2801	IL
4V9F_0:1658-1663_1673-1679	1828	2824	IL
8EUG_1:1844-1851_1971-1976	1828	2824	IL
5ZET_A:2174-2185_2201-2204	1828	2824	IL
5ZEB_A:2174-2185_2201-2204	1828	2824	IL
5ZEP_A:2174-2185_2201-2204	1828	2824	IL
6ZMO_S2:1415-1416_1439-1442	1836	2832	IL
6ZMI_S2:1415-1416_1439-1442	1836	2832	IL
6Z6L_S2:1415-1416_1439-1442	1836	2832	IL
6Z6N_S2:1415-1416_1439-1442	1836	2832	IL
6Z6M_S2:1415-1416_1439-1442	1836	2832	IL
6ZME_S2:1415-1416_1439-1442	1836	2832	IL
6ZM7_S2:1415-1416_1439-1442	1836	2832	IL
6OLF_t:1498-1505_1625-1630	1852	2851	IL
6OM7_t:1498-1505_1625-1630	1852	2851	IL
6OM0_t:1498-1505_1625-1630	1852	2851	IL
6OLI_t:1498-1505_1625-1630	1852	2851	IL
6OLE_t:1498-1505_1625-1630	1852	2851	IL
8HL5_A23S:1869-1874_1879-1885	1868	2873	IL
5ZEB_A:585-588_599-612	1868	2873	IL
5ZEP_A:585-588_599-612	1868	2873	IL
5ZET_A:585-588_599-612	1868	2873	IL
4V9F_0:2046-2057_2073-2076	1868	2873	IL
4V9F_0:1641-1645_1693-1698	1868	2873	IL
6DZP_B:34-38_44-48	1870	2876	IL
7S0S_i:34-38_44-48	1870	2876	IL
6DZI_B:34-38_44-48	1870	2876	IL
7Y41_B:34-38_44-48	1870	2876	IL
5O61_B:34-38_44-48	1870	2876	IL
5O60_B:34-38_44-48	1870	2876	IL
6ZVK_K3:1167-1174_1185-1190	1889	2898	IL
6ZU5_L70:70-77_97-103	1889	2898	IL
6DZP_A:1376-1382_2233-2238	1889	2898	IL
8RW1_2:1109-1116_1127-1132	1889	2898	IL
6DZI_A:1376-1382_2233-2238	1889	2898	IL
4V85_AA:408-415_426-432	1901	2913	IL
5J8A_BA:408-415_426-432	1901	2913	IL
7OTC_a:408-415_426-432	1901	2913	IL
7UPH_I:407-416_423-431	1901	2913	IL
7OIG_2:408-415_426-432	1901	2913	IL
8QBT_i:408-416_425-432	1901	2913	IL
5ZEP_a:305-306_317-321	1903	2916	IL
7M4W_a:301-302_313-317	1903	2916	IL
6HA1_a:313-314_325-329	1903	2916	IL
7UW1_a:301-302_313-317	1903	2916	IL
6V3E_sN1:301-302_313-317	1903	2916	IL
4V8T_7:31-35_40-44	1917	2938	IL
4U50_3:31-35_40-44	1917	2938	IL
4U4Z_3:31-35_40-44	1917	2938	IL
5I4L_7:31-35_40-44	1917	2938	IL
4V8Z_B7:31-35_40-44	1917	2938	IL
8Q5I_3:31-35_40-44	1917	2939	IL
4V91_3:31-35_40-44	1917	2939	IL
7UQB_3:31-35_40-44	1917	2939	IL
7ZRS_4:31-35_40-44	1917	2939	IL
4V8M_BD:31-35_40-44	1917	2939	IL
7S0S_C:1332-1333_1342-1344	1919	2943	IL
5O61_A:1332-1333_1342-1344	1919	2943	IL
7Y41_A:1332-1333_1342-1344	1919	2943	IL
7QH4_A:911-912_962-964	1919	2943	IL
5O60_A:1332-1333_1342-1344	1919	2943	IL
6OLF_t:1738-1745_1765-1769	1943	2972	IL
6OM7_t:1738-1745_1765-1769	1943	2972	IL
6OM0_t:1738-1745_1765-1769	1943	2972	IL
6OLI_t:1738-1745_1765-1769	1943	2972	IL
6OLE_t:1738-1745_1765-1769	1943	2972	IL
6Z6L_S2:1053-1054_1143-1145	1951	2980	IL
6ZMI_S2:1053-1054_1143-1145	1951	2980	IL
6Z6N_S2:1053-1054_1143-1145	1951	2980	IL
6ZME_S2:1053-1054_1143-1145	1951	2980	IL
6G18_2:430-431_518-523	1951	2980	IL
4V6W_A5:1558-1560_1701-1702	1951	2980	IL
6ZM7_S2:1053-1054_1143-1145	1951	2980	IL
6OM0_S2:917-921_937-941	1972	3005	IL
6OM7_S2:917-921_937-941	1972	3005	IL
6QZP_S2:917-921_937-941	1972	3005	IL
6OLF_S2:917-921_937-941	1972	3005	IL
6ZVH_2:917-921_937-941	1972	3005	IL
6Z1P_Bb:466-470_481-488	1972	3005	IL
6OLI_S2:917-921_937-941	1972	3005	IL
6OLE_S2:917-921_937-941	1972	3005	IL
7SFR_a:595-597_645-646	1981	3018	IL
7MT7_a:595-597_645-646	1981	3018	IL
4V4B_AA:604-606_654-655	1981	3018	IL
5O61_BA:584-586_634-635	1981	3018	IL
8HL5_A23S:999-1000_1104-1106	1981	3018	IL
6XZA_A1:604-606_654-655	1981	3018	IL
6TMF_A:456-462_469-477	1988	3027	IL
7OTC_a:514-520_527-535	1988	3027	IL
5J8A_BA:514-520_527-535	1988	3027	IL
4V85_AA:514-520_527-535	1988	3027	IL
8BH7_a:522-528_535-543	1988	3027	IL
4V4N_B2:467-473_480-488	1988	3027	IL
7UPH_I:513-519_526-534	1988	3027	IL
7PNW_A:238-244_251-259	1988	3027	IL
6GAW_AA:240-246_253-261	1988	3027	IL
7MT3_A:2047-2053_2062-2070	2012	3055	IL
7KGB_A:2047-2053_2062-2070	2012	3055	IL
5V93_A:2047-2053_2062-2070	2012	3055	IL
7JIL_1:335-341_349-354	2012	3055	IL
5V7Q_A:2047-2053_2062-2070	2012	3055	IL
6ZM7_L5:1785-1789_1911-1918	2013	3056	IL
6ZMI_L5:1785-1789_1911-1918	2013	3056	IL
6Z6L_L5:1785-1789_1911-1918	2013	3056	IL
8XSX_L5:1785-1789_1911-1918	2013	3056	IL
6Z6M_L5:1785-1789_1911-1918	2013	3056	IL
6ZME_L5:1785-1789_1911-1918	2013	3056	IL
6Z6N_L5:1785-1789_1911-1918	2013	3056	IL
7OTC_a:683-687_698-705	2016	3060	IL
7OIG_2:683-687_698-705	2016	3060	IL
8QBT_i:683-687_698-705	2016	3060	IL
5J8A_BA:683-687_698-705	2016	3060	IL
4V85_AA:683-687_698-705	2016	3060	IL
6RM3_L50:326-332_340-345	2016	3060	IL
8BH7_a:691-695_706-713	2016	3060	IL
6OLE_S2:1587-1592_1655-1660	2017	3061	IL
6OM0_S2:1587-1592_1655-1660	2017	3061	IL
6OLF_S2:1587-1592_1655-1660	2017	3061	IL
6OM7_S2:1587-1592_1655-1660	2017	3061	IL
6OLI_S2:1587-1592_1655-1660	2017	3061	IL
5XY3_1:2367-2371_2381-2385	2017	3061	IL
7UNR_A:1408-1409_1578-1583	2017	3061	IL
7P7S_A:749-754_771-777	2017	3061	IL
6Y2L_L7:25-26_51-55	2032	3080	IL
6LQM_5:25-26_51-55	2032	3080	IL
6FTG_v:25-26_51-55	2032	3080	IL
6OM0_E:25-26_51-55	2032	3080	IL
7CPV_L7:25-26_51-55	2032	3080	IL
6Y57_L7:25-26_51-55	2032	3080	IL
6Y6X_L7:25-26_51-55	2032	3080	IL
5LKS_L7:71-78_98-104	2044	3093	IL
6SKG_BB:76-82_102-107	2044	3093	IL
6IP8_1B:71-78_98-104	2044	3093	IL
6IP5_1B:71-78_98-104	2044	3093	IL
6IP6_1B:71-78_98-104	2044	3093	IL
8OVE_BD:71-77_97-102	2044	3093	IL
7OLC_3:72-79_99-105	2044	3093	IL
6ZM7_L7:71-78_98-104	2044	3094	IL
5LZS_7:71-78_98-104	2044	3094	IL
6Z6L_L7:71-78_98-104	2044	3094	IL
5T2C_B:71-78_98-104	2044	3094	IL
7OYC_71:71-78_98-104	2044	3094	IL
4UG0_L7:71-78_98-104	2044	3094	IL
6ZMI_L7:71-78_98-104	2044	3094	IL
6Z6M_L7:71-78_98-104	2044	3094	IL
6ZME_L7:71-78_98-104	2044	3094	IL
6Z6N_L7:71-78_98-104	2044	3094	IL
6ZMO_L7:71-78_98-104	2044	3094	IL
6ZME_S2:494-499_521-522	2066	3120	IL
6Z6M_S2:494-499_521-522	2066	3120	IL
6ZM7_S2:494-499_521-522	2066	3120	IL
6Z6L_S2:494-499_521-522	2066	3120	IL
6Z6N_S2:494-499_521-522	2066	3120	IL
6ZMI_S2:494-499_521-522	2066	3120	IL
6ZMO_S2:494-499_521-522	2066	3120	IL
8EVS_B5:333-338_360-361	2082	3141	IL
6ZME_S2:1732-1736_1759-1763	2082	3141	IL
6ZMI_S2:1732-1736_1759-1763	2082	3141	IL
6ZMO_S2:1732-1736_1759-1763	2082	3141	IL
6ZM7_S2:1732-1736_1759-1763	2082	3141	IL
4V6X_A7:31-35_40-44	2123	3193	IL
7BHP_L7:31-35_40-44	2123	3193	IL
3JAI_7:31-35_40-44	2123	3193	IL
9F1C_B7:31-35_40-44	2123	3193	IL
6OM0_E:31-35_40-44	2123	3193	IL
6LQM_5:31-35_40-44	2123	3193	IL
6Y2L_L7:31-35_40-44	2123	3193	IL
6QZP_L7:31-35_40-44	2123	3193	IL
6FTG_v:31-35_40-44	2123	3193	IL
6Y57_L7:31-35_40-44	2123	3193	IL
3J7R_7:31-35_40-44	2123	3193	IL
6Y6X_L7:31-35_40-44	2123	3193	IL
6ZMO_L5:2746-2750_2755-2758	2166	3246	IL
6LQM_2:2746-2750_2754-2758	2166	3246	IL
8XSX_L5:2746-2750_2755-2758	2166	3246	IL
6ZM7_L5:2746-2750_2755-2758	2166	3246	IL
6ZME_L5:2746-2750_2755-2758	2166	3246	IL
6ZMI_L5:2746-2750_2755-2758	2166	3246	IL
7OTC_A:2509-2510_2574-2577	2176	3259	IL
7JT1_1:2509-2510_2574-2577	2176	3259	IL
5O60_A:2733-2734_2798-2801	2176	3259	IL
7S0S_C:2733-2734_2798-2801	2176	3259	IL
5O61_A:2733-2734_2798-2801	2176	3259	IL
7OIF_1:2509-2510_2574-2577	2176	3259	IL
7Y41_A:2733-2734_2798-2801	2176	3259	IL
5VYC_i2:1521-1527_1571-1576	2179	3263	IL
5VYC_i1:1521-1527_1571-1576	2179	3263	IL
5VYC_i6:1521-1527_1571-1576	2179	3263	IL
5VYC_i3:1521-1527_1571-1576	2179	3263	IL
5VYC_i5:1521-1527_1571-1576	2179	3263	IL
5VYC_i4:1521-1527_1571-1576	2179	3263	IL
4UG0_S2:1521-1527_1571-1576	2179	3263	IL
6OM7_E:72-79_99-105	2189	3275	IL
5AJ0_A4:72-79_99-105	2189	3275	IL
4V4G_HB:214-221_229-235	2189	3275	IL
5X8P_A:172-177_186-192	2189	3275	IL
6OLI_E:72-79_99-105	2189	3275	IL
6OLE_E:72-79_99-105	2189	3275	IL
7JT1_1:1017-1023_1139-1143	2207	3296	IL
7UPH_I:2511-2517_2633-2637	2207	3296	IL
5T2C_AA:1294-1302_1311-1317	2207	3296	IL
7OTC_A:1017-1023_1139-1143	2207	3296	IL
7OIF_1:1017-1023_1139-1143	2207	3296	IL
5ZEP_a:657-659_733-734	2211	3302	IL
6V3E_sN1:674-676_750-751	2211	3302	IL
7M4W_a:674-676_750-751	2211	3302	IL
6HA1_a:686-688_762-763	2211	3302	IL
7UW1_a:674-676_750-751	2211	3302	IL
7MT3_A:1001-1006_1059-1064	2267	3372	IL
1X8W_D:125-129_161-165	2267	3372	IL
5V7Q_A:1001-1006_1059-1064	2267	3372	IL
7KGB_A:1001-1006_1059-1064	2267	3372	IL
5V93_A:1001-1006_1059-1064	2267	3372	IL
5VYC_i1:1451-1453_1628-1629	2303	3415	IL
4UG0_S2:1451-1453_1628-1629	2303	3415	IL
5LKS_S2:1451-1453_1628-1629	2303	3415	IL
5VYC_i2:1451-1453_1628-1629	2303	3415	IL
5VYC_i5:1451-1453_1628-1629	2303	3415	IL
5VYC_i4:1451-1453_1628-1629	2303	3415	IL
5VYC_i3:1451-1453_1628-1629	2303	3415	IL
5VYC_i6:1451-1453_1628-1629	2303	3415	IL
4V8M_BD:70-77_97-103	2326	3441	IL
7UPH_I:1738-1744_1752-1757	2326	3441	IL
7OIF_1:238-244_252-257	2326	3441	IL
7JT1_1:238-244_252-257	2326	3441	IL
7OTC_A:238-244_252-257	2326	3441	IL
6OLI_t:1882-1886_1945-1950	2370	3489	IL
6OLF_t:1882-1886_1945-1950	2370	3489	IL
6OLE_t:1882-1886_1945-1950	2370	3489	IL
6OM0_t:1882-1886_1945-1950	2370	3489	IL
6OM7_t:1882-1886_1945-1950	2370	3489	IL
6OLE_S2:36-39_452-456	2389	3512	IL
6OLF_S2:36-39_452-456	2389	3512	IL
6OLI_S2:36-39_452-456	2389	3512	IL
3J7P_S2:36-39_452-456	2389	3512	IL
6OM0_S2:36-39_452-456	2389	3512	IL
6QZP_S2:36-39_452-456	2389	3512	IL
6ZVH_2:36-39_452-456	2389	3512	IL
