Motif_location (PDB)	Cluster_id	Subcluster_id	Family_label
7OIG_2:408-415_426-432	0	0	IL
7OTC_a:408-415_426-432	0	0	IL
8OIQ_B8:681-686_693-696	0	0	IL
4V85_AA:408-415_426-432	0	0	IL
4V7E_Aa:995-1000_1055-1060	0	0	IL
5J8A_BA:408-415_426-432	0	0	IL
3J2G_N:61-64_101-102	1	1	IL
6SPE_a:61-64_95-96	1	1	IL
7JT3_3:61-64_101-102	1	1	IL
4V77_AA:61-64_101-102	1	1	IL
3J28_N:61-64_101-102	1	1	IL
3J2D_N:61-64_101-102	1	1	IL
6ZP4_2:1750-1754_1777-1781	2	2	IL
6SWA_s:27-31_44-50	2	2	IL
8UU5_A:2713-2718_2723-2727	2	2	IL
6ZVK_e2:167-172_262-266	2	2	IL
6ZVK_e2:181-188_251-254	3	3	IL
4V4B_AA:514-521_550-551	3	3	IL
6LQM_2:1434-1438_1449-1453	3	3	IL
4V8P_A1:1093-1097_1114-1118	3	3	IL
4V5K_CW:49-53_61-65	3	3	IL
8RW1_2:654-657_669-674	3	3	IL
6GAW_AA:859-862_906-909	4	4	IL
2RKJ_K:91-94_113-115	4	4	IL
6T3K_A:157-160_215-218	4	4	IL
4V8M_AA:37-40_559-563	4	4	IL
7UPH_I:2035-2038_2053-2056	5	5	IL
4V85_AA:1415-1418_1480-1483	5	5	IL
7OIG_2:1415-1418_1480-1483	5	5	IL
6QX9_1:52-55_82-85	5	5	IL
5X8P_A:546-549_563-566	5	5	IL
5J8A_BA:1415-1418_1480-1483	5	5	IL
7OIF_1:535-538_553-556	5	5	IL
7UPH_I:1414-1417_4384-4387	5	5	IL
3IZZ_E:19-22_79-82	5	5	IL
7OTC_a:1415-1418_1480-1483	5	5	IL
7LHD_A:2236-2239_2251-2253	5	5	IL
8QBT_i:1415-1418_1480-1483	5	5	IL
6T3K_A:266-269_282-285	5	5	IL
7JT1_1:535-538_553-556	5	5	IL
7OTC_A:535-538_553-556	5	5	IL
4V6U_B1:329-332_384-387	5	5	IL
6OM7_S2:145-150_166-172	6	6	IL
6QZP_S2:145-150_166-172	6	6	IL
7UPH_I:146-151_166-172	6	6	IL
6OLE_S2:145-150_166-172	6	6	IL
6ZVH_2:145-150_166-172	6	6	IL
6ZVK_K3:145-150_166-172	6	6	IL
6FEC_A:145-150_166-172	6	6	IL
3J7P_S2:145-150_166-172	6	6	IL
4V4N_B2:132-137_152-158	6	6	IL
6TMF_A:125-130_145-151	6	6	IL
4V85_AA:147-152_167-173	6	6	IL
7OTC_a:147-152_167-173	6	6	IL
5J8A_BA:147-152_167-173	6	6	IL
6OLF_S2:145-150_166-172	6	6	IL
8BH7_a:147-152_167-173	6	6	IL
7OIG_2:147-152_167-173	6	6	IL
6OM0_S2:145-150_166-172	6	6	IL
6OLI_S2:145-150_166-172	6	6	IL
8QBT_i:147-152_167-173	6	6	IL
6ZVK_e2:2020-2024_2083-2088	7	7	IL
3J7R_5:1503-1510_1630-1635	7	7	IL
6XZA_A1:897-904_915-920	7	7	IL
7SFR_a:890-897_908-913	7	7	IL
5O61_BA:879-886_897-902	7	7	IL
6ZTO_AA:895-902_913-918	7	7	IL
7MT7_a:890-897_908-913	7	7	IL
8UU5_A:217-222_231-237	7	7	IL
8OIQ_B8:808-816_981-984	7	7	IL
4V8M_BA:1102-1107_1149-1152	8	8	IL
3J7R_7:20-25_52-56	8	8	IL
6ZU5_L70:31-35_40-44	8	8	IL
4V7E_Aa:1002-1007_1049-1052	8	8	IL
5MRF_A:2290-2296_2299-2300	8	8	IL
4V6U_B1:999-1003_1044-1047	8	8	IL
7UW1_a:449-450_503-507	9	9	IL
7M4W_a:449-450_503-507	9	9	IL
7LHD_A:3010-3012_3071-3072	10	10	IL
6OLZ_B1:550-552_579-580	10	10	IL
7LHD_A:3861-3863_3894-3895	10	10	IL
6ZXE_2:357-371_402-409	11	11	IL
3J3V_A:570-573_584-597	11	11	IL
6ZXD_2:357-371_402-409	11	11	IL
6SPD_A:881-886_939-944	11	11	IL
6Y2L_S2:301-306_322-329	11	11	IL
6YDW_AA:336-342_349-357	11	11	IL
6YDP_AA:336-342_349-357	11	11	IL
2KRL_A:65-72_81-88	11	11	IL
6SPB_A:1922-1933_1949-1952	11	11	IL
7KGB_A:51-52_546-548	12	12	IL
6WLN_A:71-73_232-234	12	12	IL
7MT3_A:51-52_546-548	12	12	IL
5AJ0_B1:1497-1498_1648-1650	12	12	IL
3J7P_S2:433-434_444-446	12	12	IL
1X8W_C:140-141_160-162	12	12	IL
6ZU5_L50:2400-2401_2410-2412	12	12	IL
6T3K_A:331-334_345-349	13	13	IL
7OTC_A:1436-1439_1550-1554	13	13	IL
7OIF_1:1436-1439_1550-1554	13	13	IL
7UPH_I:2930-2933_3044-3048	13	13	IL
1KXK_A:14-18_53-56	13	13	IL
7JT1_1:1436-1439_1550-1554	13	13	IL
5X8P_A:1457-1460_1584-1588	13	13	IL
7Z3O_1:1344-1352_1409-1413	14	14	IL
8OO0_1:1344-1351_1410-1413	14	14	IL
7OLC_1:1344-1352_1409-1413	14	14	IL
6IP6_1B:71-78_98-104	15	15	IL
6IP8_1B:71-78_98-104	15	15	IL
7OYC_71:71-78_98-104	15	15	IL
6IP5_1B:71-78_98-104	15	15	IL
7OLC_3:72-79_99-105	15	15	IL
5LZS_7:71-78_98-104	15	15	IL
6SKG_BB:76-82_102-107	15	15	IL
5T2C_B:71-78_98-104	15	15	IL
4U56_5:275-280_289-295	16	16	IL
8BH7_a:1133-1138_1155-1161	16	16	IL
4V8M_BA:506-513_688-694	16	16	IL
4V8M_AA:1036-1039_1075-1080	16	16	IL
8CVM_a:751-754_765-778	16	16	IL
7D0F_A:362-368_542-548	16	16	IL
3J7R_5:32-38_45-52	16	16	IL
7OLC_2:1251-1259_1280-1286	16	16	IL
7Y41_A:816-821_838-844	17	17	IL
5X8P_A:712-717_734-740	17	17	IL
5O60_A:816-821_838-844	17	17	IL
7S0S_C:816-821_838-844	17	17	IL
2CKY_B:9-12_25-35	17	17	IL
5O61_A:816-821_838-844	17	17	IL
7UPH_I:2104-2109_2117-2122	17	17	IL
4U56_5:325-332_340-346	18	18	IL
8UU9_a:473-479_500-506	18	18	IL
8Q5I_1:811-817_834-841	18	18	IL
8P2F_A:1806-1811_1816-1822	18	18	IL
8EVS_B5:243-245_250-252	19	19	IL
7OIF_1:1086-1089_1100-1101	19	19	IL
6AWB_A:297-300_307-308	19	19	IL
6SKG_BA:413-416_501-502	19	19	IL
8Y39_a:305-308_330-331	19	19	IL
8QBT_A:2856-2857_2860-2862	19	19	IL
7P48_a:305-308_330-331	19	19	IL
4V4N_A1:1423-1430_1449-1453	20	20	IL
4V6U_B1:1808-1814_2127-2129	20	20	IL
7ZHG_2:958-965_985-989	20	20	IL
4V4N_B2:614-619_693-697	20	20	IL
6SPB_A:693-698_715-721	20	20	IL
6OLF_E:70-77_97-103	21	21	IL
6OLZ_A4:70-77_97-103	21	21	IL
6OLG_A4:70-77_97-103	21	21	IL
9BH5_A7:70-77_97-103	21	21	IL
7CPV_L7:70-77_97-103	21	22	IL
6AZ3_4:45-52_57-63	21	21	IL
6W6L_E:70-77_97-103	21	22	IL
6QZP_L7:70-77_97-103	21	21	IL
3J7R_7:70-77_97-103	21	22	IL
6T3K_A:295-302_315-320	21	21	IL
6Y2L_L7:70-77_97-103	21	23	IL
6SWA_s:70-77_97-103	21	23	IL
9F1C_B7:70-77_97-103	21	23	IL
4V8P_C3:71-77_97-102	21	21	IL
6Y57_L7:70-77_97-103	21	23	IL
6Y6X_L7:70-77_97-103	21	21	IL
6LQM_5:70-77_97-103	21	22	IL
6FTG_v:70-77_97-103	21	23	IL
6LU8_5:71-77_97-102	21	21	IL
3JAI_7:70-77_97-103	21	22	IL
8OVE_BD:71-77_97-102	21	21	IL
6OM0_E:70-77_97-103	21	21	IL
6Y0G_L7:70-77_97-103	21	23	IL
7BHP_L7:70-77_97-103	21	21	IL
6LSR_5:70-77_97-103	21	22	IL
6LSS_5:70-77_97-103	21	22	IL
4V6X_A7:71-77_97-102	21	21	IL
8BH7_a:1252-1255_1302-1305	22	24	IL
3JBP_AB:19-24_54-55	22	24	IL
6ZU5_S60:1370-1373_1391-1394	22	24	IL
8OIQ_B8:1281-1282_1312-1315	22	24	IL
8BQD_BQ:1354-1358_1367-1369	22	24	IL
5XXB_1:2382-2387_2856-2858	22	24	IL
5TGA_6:322-327_349-350	22	24	IL
4V4S_BB:31-32_52-55	23	25	IL
5X8P_A:41-42_445-447	23	25	IL
5K0Y_N:1-3_67-69	23	25	IL
8FON_RB:31-32_52-55	23	25	IL
6SPB_A:1028-1030_1107-1109	23	25	IL
7Y41_A:321-323_451-453	23	25	IL
7S0S_C:976-977_1027-1029	23	25	IL
5LKS_L7:30-32_45-48	23	25	IL
7JT1_1:2101-2103_2184-2186	23	25	IL
6N5K_A:33-39_93-96	24	26	IL
6WTR_A:33-39_93-96	24	26	IL
6N5O_A:34-40_94-97	24	26	IL
4QK8_A:30-36_90-93	24	26	IL
6N5S_A:32-38_92-95	24	26	IL
6N5Q_A:36-42_96-99	24	26	IL
6N5P_A:35-41_95-98	24	26	IL
6N5N_A:33-39_93-96	24	26	IL
6N5T_A:34-40_94-97	24	26	IL
6WTL_A:32-38_92-95	24	26	IL
5VOF_A:5-10_26-30	24	26	IL
5XYM_A:1428-1435_1455-1459	25	27	IL
7NWW_3:23-27_55-58	25	27	IL
7RQE_1A:2399-2402_2413-2416	25	27	IL
4V4B_B3:701-705_720-725	25	27	IL
5JPQ_2:486-491_507-513	25	27	IL
8BD5_B:119-123_158-163	25	27	IL
8T8B_1A:2399-2402_2413-2416	25	27	IL
7QH4_A:2711-2715_2756-2758	25	27	IL
7PNW_A:117-121_128-131	26	28	IL
7ABF_5:18-23_60-61	26	28	IL
3JBO_AA:1201-1208_1285-1286	26	28	IL
4UER_A:1206-1212_1239-1241	26	28	IL
7LHD_A:1907-1912_2003-2006	26	28	IL
3JBO_AA:2628-2635_2663-2672	27	29	IL
4UG0_L5:4866-4872_4877-4882	27	29	IL
4V4N_A1:593-596_608-619	27	29	IL
4V8B_BA:1070-1076_1170-1185	27	29	IL
4V8E_AA:1070-1076_1170-1185	27	29	IL
6OM7_t:1541-1543_1567-1590	27	29	IL
7S0S_C:2350-2358_2377-2382	28	30	IL
5O60_A:1321-1328_1348-1352	28	30	IL
4V4N_B2:732-736_752-756	28	30	IL
4V7E_Aa:1389-1397_1417-1422	28	30	IL
7S0S_C:1321-1328_1348-1352	28	30	IL
4V6U_B1:2251-2258_2277-2281	28	30	IL
7Y41_A:1321-1328_1348-1352	28	30	IL
5O61_A:1321-1328_1348-1352	28	30	IL
5X8P_A:1228-1235_1254-1258	28	30	IL
4V6U_B1:1349-1356_1375-1379	28	30	IL
4V8M_BA:28-34_41-48	29	31	IL
6OM0_t:30-35_44-50	29	31	IL
6OLG_A2:30-35_44-50	29	31	IL
6OLE_t:30-35_44-50	29	31	IL
6OLI_t:30-35_44-50	29	31	IL
6QZP_L5:30-35_44-50	29	31	IL
6OM7_S2:1597-1599_1649-1651	30	32	IL
6Z6M_CC:11-13_19-22	30	32	IL
8Y39_a:502-506_539-544	31	33	IL
4V4N_A1:1205-1209_1365-1369	31	33	IL
7P48_a:502-506_539-544	31	33	IL
3J2C_N:60-64_101-103	32	34	IL
4V8M_BB:380-383_428-429	32	34	IL
7ABI_5:23-27_53-55	32	34	IL
5XXB_1:68-73_82-88	33	35	IL
4WFA_X:2102-2105_2112-2116	33	35	IL
4WZJ_XXXX:45-48_55-59	33	35	IL
4WZJ_X:45-48_55-59	33	35	IL
4WZJ_VVVV:45-48_55-59	33	35	IL
4WZJ_YYY:45-48_55-59	33	35	IL
4WZJ_V:45-48_55-59	33	35	IL
4WZJ_VV:45-48_55-59	33	35	IL
6FEC_A:36-39_480-484	33	35	IL
4WZJ_Y:45-48_55-59	33	35	IL
4WZJ_XXX:45-48_55-59	33	35	IL
4WZJ_XX:45-48_55-59	33	35	IL
6ZU5_S60:1205-1209_1222-1226	33	35	IL
4WZJ_YY:45-48_55-59	33	35	IL
4WZJ_VVV:45-48_55-59	33	35	IL
4WZJ_YYYY:45-48_55-59	33	35	IL
5O60_B:28-29_55-59	34	36	IL
5O61_B:28-29_55-59	34	36	IL
7MSM_B:26-27_53-57	34	36	IL
3G6E_9:32-36_42-46	35	37	IL
3CCJ_9:32-36_42-46	35	37	IL
4V4N_A1:658-665_708-712	35	37	IL
3CCR_9:32-36_42-46	35	37	IL
7LHD_A:2031-2032_2126-2128	36	38	IL
4V9F_0:32-33_449-451	36	38	IL
1EXY_A:4-5_24-27	36	38	IL
7OYC_51:2024-2025_2029-2031	36	38	IL
8BH7_a:424-425_432-434	36	38	IL
4V8M_BE:90-91_127-129	36	38	IL
4V4S_BB:18-19_66-68	36	38	IL
4V7E_Aa:430-431_627-629	36	38	IL
4V8M_BA:818-819_848-850	36	38	IL
1C2X_C:16-17_64-66	36	38	IL
8FON_RB:18-19_66-68	36	38	IL
7S0S_C:39-40_521-523	36	38	IL
6TMF_A:833-840_851-856	37	39	IL
6ZVK_K3:1167-1174_1185-1190	37	39	IL
8RW1_2:1109-1116_1127-1132	37	39	IL
6AWB_A:605-607_632-634	38	40	IL
5X8P_A:2111-2113_2202-2204	38	40	IL
8RW1_2:1680-1682_1713-1715	38	40	IL
8CVM_a:1142-1145_1163-1166	38	40	IL
7OIF_1:2137-2139_2150-2152	38	40	IL
9BH5_B2:1469-1471_1484-1486	38	40	IL
7OTC_A:2137-2139_2150-2152	38	40	IL
1C2W_B:2137-2139_2150-2152	38	40	IL
6XYW_1:2432-2433_2474-2476	38	40	IL
1NBS_B:100-101_147-150	38	40	IL
4KR7_X:7-15_26-27	39	41	IL
5O60_A:2332-2343_2399-2401	39	41	IL
7S0S_C:2332-2343_2399-2401	39	41	IL
5O61_A:2332-2343_2399-2401	39	41	IL
7QGH_O:34-38_44-48	40	42	IL
7PNW_A:537-541_819-823	40	42	IL
6YSI_5:33-37_43-47	40	42	IL
4V4B_B4:35-39_45-49	40	42	IL
7OLC_3:32-36_41-45	40	42	IL
8AM9_b:34-38_44-48	40	42	IL
7MT7_a:81-82_104-106	41	43	IL
8RW1_2:1304-1306_1315-1316	41	43	IL
7UPH_I:4000-4001_4073-4075	41	43	IL
5AJ0_B1:1038-1039_1067-1069	41	43	IL
6ZVK_K3:1362-1364_1373-1374	41	43	IL
8BH7_a:63-66_101-102	41	43	IL
6QZP_L5:3715-3717_3738-3739	41	43	IL
5O60_A:1121-1128_1268-1269	42	44	IL
5O61_A:1121-1128_1268-1269	42	44	IL
7Y41_A:1121-1128_1268-1269	42	44	IL
7S0S_C:1121-1128_1268-1269	42	44	IL
6ME0_A:351-352_377-383	42	44	IL
5X8P_A:1031-1038_1176-1177	42	44	IL
7Y41_A:1579-1581_1589-1590	43	45	IL
4V8P_A1:1092-1093_1118-1120	43	45	IL
6OM7_t:164-166_260-261	43	45	IL
8CKU_Bb:27-29_39-41	43	45	IL
6SPB_A:729-731_748-749	43	45	IL
7JT1_1:1167-1169_1178-1180	43	45	IL
7OIG_2:1128-1131_1141-1142	43	45	IL
3J7R_5:161-162_275-277	43	45	IL
5XYM_A:1439-1440_1449-1451	43	45	IL
1XJR_A:9-12_38-39	43	45	IL
8BH7_a:1140-1143_1152-1153	43	45	IL
6IP6_2m:1405-1407_1443-1444	43	45	IL
7P7S_A:2533-2534_2592-2595	43	45	IL
8T2O_R:53-55_64-65	43	45	IL
6GB2_BA:901-904_919-920	43	45	IL
6GZR_A:4-5_41-43	43	45	IL
5VYC_i5:189-194_207-211	44	46	IL
5VYC_i6:189-194_207-211	44	46	IL
4V4B_B3:797-801_813-817	44	46	IL
5VYC_i3:189-194_207-211	44	46	IL
5VYC_i1:189-194_207-211	44	46	IL
5VYC_i2:189-194_207-211	44	46	IL
4UG0_S2:189-194_207-211	44	46	IL
5VYC_i4:189-194_207-211	44	46	IL
6N5N_A:28-32_97-101	45	47	IL
6N5S_A:27-31_96-100	45	47	IL
6WTR_A:28-32_97-101	45	47	IL
6N5Q_A:31-35_100-104	45	47	IL
6N5K_A:28-32_97-101	45	47	IL
6N5T_A:29-33_98-102	45	47	IL
4V7E_Aa:1878-1883_2345-2347	45	47	IL
6N5O_A:29-33_98-102	45	47	IL
6OF6_XA:779-783_799-803	45	47	IL
6N5P_A:30-34_99-103	45	47	IL
6WTL_A:27-31_96-100	45	47	IL
4QK8_A:25-29_94-98	45	47	IL
7OTC_A:2296-2298_2316-2320	46	48	IL
4V7E_Aa:3333-3336_3351-3354	46	48	IL
1U63_B:9-12_32-39	46	48	IL
4XW7_A:6-9_35-38	47	49	IL
3AGV_U:3-8_17-19	47	49	IL
5X8P_A:2703-2707_2735-2739	47	49	IL
8T2O_R:13-21_75-76	47	49	IL
6DZP_A:1687-1690_1740-1744	47	49	IL
6DZI_A:1687-1690_1740-1744	47	49	IL
6FEC_A:186-190_203-207	47	49	IL
6OF6_XA:580-584_757-761	47	49	IL
7P48_B:69-77_94-102	48	50	IL
4V61_BB:69-77_96-104	48	50	IL
7UPH_I:407-416_423-431	48	50	IL
4V4S_BB:72-80_99-107	48	50	IL
8P2F_B:69-77_94-102	48	50	IL
6N5Q_A:42-45_94-96	49	51	IL
6N5P_A:41-44_93-95	49	51	IL
6N5N_A:39-42_91-93	49	51	IL
6N5K_A:39-42_91-93	49	51	IL
6N5T_A:40-43_92-94	49	51	IL
6N5O_A:40-43_92-94	49	51	IL
4QK8_A:36-39_88-90	49	51	IL
6WTL_A:38-41_90-92	49	51	IL
6N5S_A:38-41_90-92	49	51	IL
6WTR_A:39-42_91-93	49	51	IL
7OIF_1:1023-1029_1123-1139	50	52	IL
7UPH_I:2517-2523_2617-2633	50	52	IL
6SPB_A:1015-1022_1114-1131	50	52	IL
7OTC_A:1023-1029_1123-1139	50	52	IL
7UO5_B:252-264_284-295	50	52	IL
7JT1_1:1023-1029_1123-1139	50	52	IL
6W77_A:1429-1431_1513-1526	50	52	IL
6OM0_v:1-3_69-71	51	53	IL
6IP8_2m:1068-1070_1108-1110	51	53	IL
6OM7_v:1-3_69-71	51	53	IL
6OLI_v:1-3_69-71	51	53	IL
6OLF_v:1-3_69-71	51	53	IL
7UO5_B:26-28_50-53	51	53	IL
3J7R_S6:1-3_69-71	51	53	IL
3J2D_N:1301-1306_1327-1332	52	54	IL
3J28_N:1301-1306_1327-1332	52	54	IL
3J2G_N:1301-1306_1327-1332	52	54	IL
4V8M_BB:460-471_487-490	52	54	IL
1Q93_C:5-11_16-21	52	54	IL
4V9F_0:576-580_595-600	52	54	IL
6Y0G_L5:4663-4670_4698-4707	53	55	IL
6Z6M_L5:4663-4670_4698-4707	53	55	IL
8HFR_1e:1122-1135_1153-1164	53	56	IL
4V7H_B5:2206-2211_2389-2395	53	56	IL
8HFR_1e:2105-2116_2141-2152	53	56	IL
6IP6_1A:4663-4670_4698-4707	53	55	IL
6IP5_1A:4663-4670_4698-4707	53	55	IL
8XSX_L5:4663-4670_4698-4707	53	55	IL
6Y57_L5:4663-4670_4698-4707	53	55	IL
7BHP_L5:4663-4670_4698-4707	53	55	IL
6Z6L_L5:4663-4670_4698-4707	53	55	IL
6ZXG_2:347-361_392-399	53	56	IL
6Y6X_L5:4663-4670_4698-4707	53	55	IL
6ZXH_2:347-361_392-399	53	56	IL
4V8P_A1:1456-1466_1560-1574	53	56	IL
4V6W_A5:3518-3525_3553-3562	53	56	IL
6Z6N_L5:4663-4670_4698-4707	53	55	IL
6Y2L_L5:4664-4671_4699-4708	53	55	IL
6ZQA_D3:938-960_1222-1223	53	56	IL
6IP8_1A:4663-4670_4698-4707	53	55	IL
4V8M_AA:1941-1950_2008-2017	53	56	IL
6LQM_2:4663-4670_4698-4707	53	55	IL
7P48_A:1176-1203_1204-1205	53	56	IL
8HFR_1e:2066-2078_2200-2216	53	56	IL
2N7M_X:27-33_42-45	54	57	IL
4V8M_BA:522-525_584-589	54	57	IL
8A3L_A:1253-1256_1275-1280	54	57	IL
4V77_AA:1253-1256_1275-1280	54	57	IL
7JT3_3:1253-1256_1275-1280	54	57	IL
4V4G_HB:163-169_178-185	55	58	IL
8AM9_b:24-28_56-59	56	59	IL
7QGH_O:24-28_56-59	56	59	IL
6ZXE_2:1642-1650_1651-1652	56	59	IL
5XXB_3:37-41_46-50	56	59	IL
4V9P_EB:24-28_56-59	56	59	IL
8Q5I_1:2538-2549_2565-2568	57	60	IL
6W7N_A:578-588_594-602	57	60	IL
8SA6_A:102-111_132-136	57	60	IL
6Y57_S2:1751-1759_1793-1802	57	60	IL
8QBT_A:735-739_860-867	57	60	IL
6OM0_S2:1411-1419_1453-1462	57	60	IL
3J7P_S2:1414-1422_1454-1463	57	60	IL
6W6P_a:1277-1283_1314-1320	57	60	IL
5XXB_1:2208-2214_2224-2230	57	60	IL
6XYW_1:1943-1954_1970-1973	57	60	IL
6ZVH_2:1411-1419_1453-1462	57	60	IL
4V8P_A1:609-612_623-634	57	60	IL
4V4N_B2:1375-1378_1435-1438	58	61	IL
6OF6_XA:684-688_699-706	58	61	IL
3ID5_H:12-15_24-30	58	61	IL
6ZOJ_2:486-487_491-493	59	62	IL
7OIF_1:2521-2522_2539-2542	59	62	IL
6WLK_A:7-8_121-124	59	62	IL
7LHD_A:2448-2449_2470-2472	59	62	IL
7UVZ_A:2473-2474_2492-2494	59	62	IL
6K0A_Y:109-110_155-158	59	62	IL
5T2C_AA:621-623_631-634	59	62	IL
3JD5_A:76-77_101-103	60	63	IL
4V6U_B1:971-972_1077-1079	60	63	IL
3IYQ_A:134-136_160-164	60	63	IL
5ZEB_B:30-31_51-54	60	63	IL
3IYR_A:134-135_161-164	60	63	IL
7D82_A:23-24_31-33	60	63	IL
6OLF_S2:614-618_895-899	61	64	IL
6XYW_3:31-33_51-56	61	64	IL
6V3B_AN1:896-899_909-913	61	64	IL
6AWB_A:1349-1352_1371-1376	61	64	IL
4V8M_BD:27-29_46-50	61	64	IL
5MRF_aa:56-61_505-507	62	65	IL
5XYI_2:624-630_999-1000	62	65	IL
7OIF_1:1668-1673_1989-1992	63	66	IL
5TGA_6:315-320_352-359	63	66	IL
7JT1_1:1668-1673_1989-1992	63	66	IL
7OTC_A:1668-1673_1989-1992	63	66	IL
4V8M_BB:340-345_357-364	64	67	IL
7CPU_S2:890-894_1239-1243	64	67	IL
5DM6_X:1466-1468_1489-1492	64	67	IL
7UNR_A:1055-1058_1072-1075	64	67	IL
6SPB_A:1341-1343_1364-1367	65	68	IL
6SPB_A:1421-1423_1548-1551	65	68	IL
8RW1_2:1274-1276_1427-1433	66	69	IL
7OTC_A:2846-2851_2864-2868	66	69	IL
7OIF_1:2846-2851_2864-2868	66	69	IL
7JT1_1:2846-2851_2864-2868	66	69	IL
4V7E_Aa:373-376_387-400	67	70	IL
7OIF_1:480-483_495-508	67	70	IL
5I4L_2:329-334_366-373	67	70	IL
7OTC_A:480-483_495-508	67	70	IL
5X8P_A:492-495_506-519	67	70	IL
4V6U_B1:519-522_534-545	67	70	IL
2AU4_A:5-13_32-35	67	70	IL
7UPH_I:1980-1983_1995-2008	67	70	IL
7JT1_1:480-483_495-508	67	70	IL
7OYC_22:1101-1108_1141-1147	67	70	IL
6SPD_A:1112-1115_1126-1127	68	71	IL
6OLI_S2:1598-1600_1648-1649	68	71	IL
7P48_A:999-1000_1065-1067	68	71	IL
7LHD_A:1616-1618_1636-1637	68	71	IL
8UVR_2a:591-593_641-642	68	71	IL
5MRF_A:878-880_888-889	68	71	IL
4V4S_AA:56-58_353-354	68	71	IL
8SH5_R:24-26_71-72	68	71	IL
7UO5_B:271-273_279-281	68	71	IL
6OLE_S2:1598-1600_1648-1649	68	71	IL
4MEG_B:81-88_103-111	69	72	IL
7UG6_1:369-374_383-389	69	72	IL
4TZP_C:36-46_68-70	69	72	IL
6SY4_C:8-19_32-40	69	72	IL
6XYW_1:2116-2132_2169-2176	69	72	IL
5VYC_i6:791-797_1287-1288	70	73	IL
5VYC_i2:791-797_1287-1288	70	73	IL
4V6X_B2:64-69_93-95	70	73	IL
5T2C_AA:791-797_1287-1289	70	73	IL
5VYC_i4:791-797_1287-1288	70	73	IL
5VYC_i1:791-797_1287-1288	70	73	IL
4FRN_B:5-13_74-75	70	73	IL
5LKS_S2:791-797_1287-1288	70	73	IL
4UG0_S2:791-797_1287-1288	70	73	IL
5VYC_i5:791-797_1287-1288	70	73	IL
5VYC_i3:791-797_1287-1288	70	73	IL
7UPH_I:369-373_387-388	71	74	IL
8QBT_i:370-374_388-389	71	74	IL
7PNW_A:187-191_205-206	71	74	IL
5J8A_BA:370-374_388-389	71	74	IL
8RW1_2:441-445_458-459	71	74	IL
7OIG_2:370-374_388-389	71	74	IL
4V85_AA:370-374_388-389	71	74	IL
7OTC_a:370-374_388-389	71	74	IL
6ZME_S2:565-567_582-584	72	75	IL
6ZM7_S2:565-567_582-584	72	75	IL
6ZMI_S2:565-567_582-584	72	75	IL
6Z6M_S2:565-567_582-584	72	75	IL
6Z6L_S2:565-567_582-584	72	75	IL
6OF6_XA:597-598_640-643	72	75	IL
6Z6N_S2:565-567_582-584	72	75	IL
6ZMO_S2:565-567_582-584	72	75	IL
6DZP_A:1134-1140_1256-1261	73	76	IL
7Y41_A:1548-1556_1613-1620	73	76	IL
6DZI_A:1134-1140_1256-1261	73	76	IL
6LSR_2:1623-1624_1639-1642	74	77	IL
6IP8_1A:1623-1624_1639-1642	74	78	IL
6Y57_L5:1623-1624_1639-1642	74	78	IL
6LSS_2:1623-1624_1639-1642	74	77	IL
6Y0G_L5:1623-1624_1639-1642	74	78	IL
5AJ0_A2:1605-1606_1621-1624	74	78	IL
6LQM_2:1623-1624_1639-1642	74	77	IL
6ZMO_L5:3970-3974_3999-4001	74	78	IL
6IP6_1A:1623-1624_1639-1642	74	78	IL
6LU8_2:1623-1624_1639-1642	74	77	IL
6IP5_1A:1623-1624_1639-1642	74	78	IL
7BHP_L5:1623-1624_1639-1642	74	78	IL
5O60_A:1467-1469_1490-1493	75	79	IL
7OIF_1:1352-1354_1375-1378	75	79	IL
5X8P_A:1373-1375_1396-1399	75	79	IL
6RM3_L50:1436-1437_1458-1463	75	79	IL
5O61_A:1467-1469_1490-1493	75	79	IL
7S0S_C:1467-1469_1490-1493	75	79	IL
7OTC_A:1352-1354_1375-1378	75	79	IL
8BH7_a:661-663_757-761	75	79	IL
7Y41_A:1467-1469_1490-1493	75	79	IL
7JT1_1:1352-1354_1375-1378	75	79	IL
5T5H_A:362-365_376-388	76	80	IL
7P48_A:784-787_798-811	76	80	IL
7UPH_I:290-291_302-306	77	81	IL
4V85_AA:291-292_303-307	77	81	IL
7OTC_a:291-292_303-307	77	81	IL
8BH7_a:465-467_482-485	77	81	IL
7OIG_2:291-292_303-307	77	81	IL
6ZSE_AA:807-809_888-891	77	81	IL
4V6W_A8:62-64_89-92	77	81	IL
5J8A_BA:291-292_303-307	77	81	IL
8QBT_i:291-292_303-307	77	81	IL
8Q5I_4:63-65_92-95	77	81	IL
4KZE_R:24-28_52-62	78	82	IL
7PIS_3:2665-2670_2802-2811	78	82	IL
4V7H_B5:370-373_384-397	78	82	IL
4UJC_A2:4208-4211_4275-4288	78	82	IL
7P7S_A:1819-1825_1834-1842	78	82	IL
6B3K_R:23-27_51-61	78	82	IL
4V8M_BA:257-258_262-272	78	82	IL
6XYW_1:2618-2622_2749-2757	78	82	IL
4D5Y_2:4208-4211_4275-4288	78	82	IL
4U56_5:1631-1638_1658-1662	78	82	IL
8SA5_A:96-103_135-142	78	82	IL
5MYJ_BA:513-516_527-540	78	82	IL
7P48_A:2082-2088_2097-2105	78	82	IL
8Y39_A:1858-1864_1873-1881	78	82	IL
8Q5I_A:1106-1112_1123-1132	78	82	IL
4Q9R_R:24-28_52-62	78	82	IL
6XYW_3:20-29_58-67	78	82	IL
6ZLW_2:348-353_369-375	79	83	IL
6G5H_2:347-353_369-376	79	83	IL
7K5I_2:348-353_369-375	79	83	IL
5A2Q_2:348-353_369-375	79	83	IL
7JT1_1:2652-2657_2662-2666	80	84	IL
1C2W_B:2652-2657_2662-2666	80	84	IL
7S0S_C:2876-2881_2886-2890	80	84	IL
7OIF_1:2652-2657_2662-2666	80	84	IL
5O61_A:2876-2881_2886-2890	80	84	IL
5O60_A:2876-2881_2886-2890	80	84	IL
7Y41_A:2903-2907_2948-2950	81	85	IL
5MRF_aa:276-280_375-377	81	85	IL
5O61_A:2903-2907_2948-2950	81	85	IL
4V8E_AA:911-915_955-958	81	85	IL
5O60_A:2903-2907_2948-2950	81	85	IL
4V8B_BA:911-915_955-958	81	85	IL
5X8P_A:2696-2700_2742-2744	81	85	IL
7S0S_C:2903-2907_2948-2950	81	85	IL
6AZ3_1:1761-1765_1773-1775	81	85	IL
8OIQ_B8:1482-1486_1496-1498	81	85	IL
6IP6_2m:312-318_333-339	82	86	IL
6IP8_2m:314-318_333-337	82	86	IL
3J7R_5:2575-2588_2600-2605	82	86	IL
5LKS_S2:312-318_333-339	82	86	IL
6IP5_2m:312-318_333-339	82	86	IL
5DAT_5:3047-3054_3082-3091	83	87	IL
6QZP_S2:1619-1625_1647-1655	83	87	IL
4V6W_A5:1573-1583_1677-1691	83	87	IL
7LHD_A:2226-2228_2260-2261	84	88	IL
6CZR_1a:1404-1406_1454-1455	84	88	IL
6OF6_XA:594-596_644-645	84	88	IL
6HA1_a:1152-1155_1164-1165	84	88	IL
7OIG_2:1401-1402_1497-1499	84	88	IL
6DME_A:15-18_36-37	84	88	IL
4V7E_Aa:1615-1617_1820-1821	84	88	IL
8I9R_C4:82-84_93-94	84	88	IL
6OLE_t:2456-2461_2474-2479	85	89	IL
6ZVK_e2:2475-2479_2491-2500	85	89	IL
6OLI_t:2456-2461_2474-2479	85	89	IL
6CZR_1a:1415-1422_1438-1443	85	89	IL
6OM0_t:2456-2461_2474-2479	85	89	IL
8QBT_A:300-306_314-319	85	89	IL
7JIL_2:463-466_510-516	85	89	IL
6OM7_t:2456-2461_2474-2479	85	89	IL
6OLF_t:2456-2462_2473-2479	85	89	IL
7S1K_A:49-51_61-63	86	90	IL
6UZ7_3:48-50_63-64	86	90	IL
8BVJ_B:23-24_47-50	86	90	IL
8HL5_A23S:1229-1230_1240-1242	86	90	IL
8KDA_T:27-29_41-42	86	90	IL
6FEC_A:284-286_297-299	86	90	IL
1S03_B:15-16_33-35	86	90	IL
6AWB_A:770-772_806-808	86	90	IL
6SPB_A:2090-2092_2174-2175	86	90	IL
6OF6_XA:1127-1131_1141-1142	86	90	IL
4YAZ_R:46-49_67-68	86	90	IL
7LHD_A:1696-1698_1734-1735	86	90	IL
4V6U_B1:2919-2921_2928-2929	86	90	IL
7BHP_L5:381-385_410-416	87	91	IL
6IP8_1A:381-385_410-416	87	91	IL
6LSS_2:381-385_410-416	87	91	IL
6LSR_2:381-385_410-416	87	91	IL
8EUG_1:1491-1496_1513-1519	87	91	IL
6LQM_2:381-385_410-416	87	91	IL
6Y57_L5:381-385_410-416	87	91	IL
6LU8_2:381-385_410-416	87	91	IL
6DZP_A:1432-1436_1444-1446	88	92	IL
3IYR_A:321-323_335-337	88	92	IL
3IYQ_A:321-323_335-337	88	92	IL
3IYR_A:3-6_338-340	88	92	IL
6DZI_A:1432-1436_1444-1446	88	92	IL
6SGA_CA:114-117_129-131	89	93	IL
7OIG_2:1123-1126_1146-1148	89	93	IL
6SGB_CA:114-117_129-131	89	93	IL
7SUK_8:891-896_918-919	89	93	IL
7UPH_I:2910-2914_3070-3074	90	94	IL
7OIF_1:1416-1420_1576-1580	90	94	IL
7OTC_A:1416-1420_1576-1580	90	94	IL
7JT1_1:1416-1420_1576-1580	90	94	IL
7OTC_a:1157-1159_1175-1180	91	95	IL
8QBT_i:1157-1159_1175-1180	91	95	IL
4V85_AA:1157-1159_1175-1180	91	95	IL
5J8A_BA:1157-1159_1175-1180	91	95	IL
7OIG_2:1157-1159_1175-1180	91	95	IL
4V4N_B2:1117-1119_1135-1140	91	95	IL
6TMF_A:1106-1108_1124-1129	91	95	IL
7UPH_I:1156-1158_1174-1179	91	95	IL
6Z6N_L7:26-27_52-56	92	96	IL
5LKS_L7:26-27_52-56	92	96	IL
4UG0_L7:26-27_52-56	92	96	IL
6Z6M_L7:26-27_52-56	92	96	IL
6ZMI_L7:26-27_52-56	92	96	IL
6ZM7_L7:26-27_52-56	92	96	IL
6ZMO_L7:26-27_52-56	92	96	IL
6ZME_L7:26-27_52-56	92	96	IL
6Z6L_L7:26-27_52-56	92	96	IL
7LHD_A:3856-3857_3899-3902	93	97	IL
7LHD_A:2270-2272_2311-2314	93	97	IL
6SPB_A:2447-2448_2478-2481	93	97	IL
6RM3_L50:418-422_425-426	93	97	IL
4V7H_B5:1458-1462_1470-1472	93	97	IL
6ZTO_AA:1137-1140_1150-1151	94	98	IL
8P2F_B:28-29_49-52	94	98	IL
6FEC_A:787-789_813-815	94	98	IL
5LZS_7:28-29_48-51	94	98	IL
8AM9_b:30-31_51-54	94	98	IL
8QBT_i:1128-1131_1141-1142	94	98	IL
5T2C_B:28-29_48-51	94	98	IL
5J8A_BA:1128-1131_1141-1142	94	98	IL
8Q5I_A:961-963_1011-1013	94	98	IL
5TGA_6:443-445_467-468	94	98	IL
7P48_B:28-29_49-52	94	98	IL
6SKG_BB:30-31_51-54	94	98	IL
7OYC_71:28-29_48-51	94	98	IL
8Y39_B:27-28_48-51	95	99	IL
7QEP_1:410-412_423-425	95	99	IL
7QEP_2:27-28_47-50	95	99	IL
7OTC_B:29-30_50-53	95	99	IL
6WLO_A:170-171_192-194	95	99	IL
7NWW_3:29-30_50-53	95	99	IL
4V71_BB:29-30_50-53	95	99	IL
6MCC_B:86-88_95-97	95	99	IL
6FXC_BB:27-28_48-51	95	99	IL
6D6V_B:78-80_93-95	95	99	IL
6SPE_a:589-590_632-635	95	99	IL
6WLO_A:80-81_131-133	95	99	IL
5XXB_1:1497-1514_1522-1523	96	100	IL
4V6X_A5:2465-2493_2611-2613	96	100	IL
6SWA_q:1499-1509_1603-1617	96	100	IL
7UQB_1:2676-2701_2702-2706	96	100	IL
8XSX_L5:1957-1984_2104-2105	96	100	IL
4V4B_AA:169-174_189-195	96	100	IL
6SKG_BA:1253-1263_1357-1371	96	100	IL
5ZEB_B:19-29_55-65	96	100	IL
4V61_AA:470-476_483-491	96	100	IL
6TH6_BA:1253-1263_1357-1371	96	100	IL
6ZVK_e2:1381-1410_1525-1527	96	100	IL
6ZVK_e2:3657-3668_3718-3728	96	100	IL
8HFR_1e:2087-2101_2156-2171	96	100	IL
4V4N_A1:1232-1242_1336-1350	96	100	IL
4V8M_BH:34-44_106-118	96	100	IL
4V9F_0:1193-1205_1299-1313	96	100	IL
4V91_1:1386-1396_1490-1504	96	100	IL
6XYW_2:954-966_985-996	96	100	IL
4WFA_X:521-540_608-616	96	100	IL
6OLZ_A2:1498-1508_1602-1616	96	100	IL
4V4G_HB:1374-1386_1523-1540	96	100	IL
1JBT_C:6-12_17-22	97	101	IL
4V6U_B1:2767-2773_2778-2783	97	101	IL
6QZP_L5:81-87_95-100	97	101	IL
4V7E_Aa:3019-3025_3030-3035	97	101	IL
6ZVK_e2:81-87_95-100	97	101	IL
5XY3_3:72-78_98-103	97	101	IL
3IZ4_A:21-24_342-345	98	102	IL
6VZC_A:6-8_19-21	98	102	IL
3Q1R_B:236-239_252-256	98	102	IL
7OIF_1:879-882_892-896	98	102	IL
4V8M_BA:754-758_777-781	98	102	IL
5VYC_i3:1294-1301_1312-1317	99	103	IL
4UG0_S2:1294-1301_1312-1317	99	103	IL
5VYC_i1:1294-1301_1312-1317	99	103	IL
5T2C_AA:1294-1302_1311-1317	99	103	IL
5VYC_i4:1294-1301_1312-1317	99	103	IL
5VYC_i5:1294-1301_1312-1317	99	103	IL
5VYC_i6:1294-1301_1312-1317	99	103	IL
5VYC_i2:1294-1301_1312-1317	99	103	IL
3J3V_A:1497-1505_1670-1674	100	104	IL
6ZVK_e2:1419-1424_1479-1484	100	104	IL
6YWY_A:2132-2144_2365-2367	100	104	IL
6FTG_v:27-28_47-50	101	105	IL
7Y41_B:30-31_51-54	101	105	IL
6GAW_AA:77-78_102-104	101	105	IL
7BHP_L7:27-28_47-50	101	105	IL
3JAI_7:27-28_47-50	101	105	IL
6LSS_5:27-28_47-50	101	105	IL
7CPV_L7:27-28_47-50	101	105	IL
6LU8_5:27-28_47-50	101	105	IL
5V7Q_B:28-29_49-52	101	105	IL
4V6X_A7:27-28_47-50	101	105	IL
6Y2L_L7:27-28_47-50	101	105	IL
6GB2_BA:830-838_1003-1006	102	106	IL
7UPH_I:1243-1251_1282-1290	102	106	IL
6OF6_XA:1245-1251_1282-1288	102	106	IL
7PNW_A:304-316_386-392	102	106	IL
8QBT_i:1246-1252_1283-1289	102	106	IL
7OIG_2:1246-1252_1283-1289	102	106	IL
4V77_AA:1245-1251_1282-1288	102	106	IL
8BH7_a:1256-1263_1294-1301	102	106	IL
7JT3_3:1245-1251_1282-1288	102	106	IL
7OTC_a:1246-1252_1283-1289	102	106	IL
8A3L_A:1245-1251_1282-1288	102	106	IL
6ZVK_K3:1452-1455_1469-1474	102	106	IL
7LHD_A:1059-1065_1214-1220	102	106	IL
4V85_AA:1246-1252_1283-1289	102	106	IL
5J8A_BA:1246-1252_1283-1289	102	106	IL
8RW1_2:1477-1484_1516-1524	103	107	IL
7UPH_I:1301-1307_1326-1332	103	107	IL
4V8T_7:25-26_52-56	104	108	IL
7ZRS_4:25-26_52-56	104	108	IL
7UQB_3:25-26_52-56	104	108	IL
6ZU5_L70:25-26_51-55	104	108	IL
8OVE_BD:25-26_51-55	104	108	IL
5ZET_A:203-208_217-223	105	109	IL
5ZEB_A:203-208_217-223	105	109	IL
7KGB_A:205-210_219-225	105	109	IL
5ZEP_A:203-208_217-223	105	109	IL
7MT3_A:205-210_219-225	105	109	IL
8RW1_2:512-514_534-541	105	109	IL
6O8Z_A:900-906_956-963	105	109	IL
7UPH_I:991-995_1042-1043	106	110	IL
6ZMW_A:1544-1547_1597-1599	106	110	IL
5J8A_BA:992-996_1043-1044	106	110	IL
8HL5_A23S:627-629_660-662	106	110	IL
7S0S_i:23-28_59-60	107	111	IL
5V7Q_B:21-26_57-58	107	111	IL
6DZP_B:23-28_59-60	107	111	IL
5O61_B:23-28_59-60	107	111	IL
7MSM_B:21-26_57-58	107	111	IL
5O60_B:23-28_59-60	107	111	IL
8CRX_b:22-27_58-59	107	111	IL
6DZI_B:23-28_59-60	107	111	IL
5MYJ_BA:734-739_756-762	108	112	IL
5MYJ_BA:891-896_949-954	108	112	IL
8CVM_a:376-381_390-396	109	113	IL
6ZVK_K3:1741-1745_1787-1791	109	113	IL
4V61_BC:47-52_65-69	109	113	IL
7UPH_I:3213-3217_3229-3233	109	113	IL
4V4N_B2:1262-1266_1289-1293	109	113	IL
7OIF_1:1719-1723_1735-1739	109	113	IL
7OTC_A:1719-1723_1735-1739	109	113	IL
7JT1_1:1719-1723_1735-1739	109	113	IL
7UPH_I:3291-3297_3306-3314	110	114	IL
5O61_A:2014-2020_2029-2037	110	114	IL
5O60_A:2014-2020_2029-2037	110	114	IL
7Y41_A:2014-2020_2029-2037	110	114	IL
7S0S_C:2014-2020_2029-2037	110	114	IL
6DZP_A:2013-2019_2028-2036	110	114	IL
7OTC_A:1797-1803_1812-1820	110	114	IL
6DZI_A:2013-2019_2028-2036	110	114	IL
7OIF_1:1797-1803_1812-1820	110	114	IL
7JT1_1:1797-1803_1812-1820	110	114	IL
5O60_A:2157-2168_2184-2187	111	115	IL
5O61_A:2157-2168_2184-2187	111	115	IL
4V6U_B1:1151-1157_1277-1282	111	115	IL
7Y41_A:2157-2168_2184-2187	111	115	IL
8RW1_2:548-555_585-586	112	116	IL
6DZP_A:354-363_435-437	112	116	IL
6DZI_A:354-363_435-437	112	116	IL
7Y41_A:355-363_437-438	112	116	IL
5O60_A:355-363_437-438	112	116	IL
7S0S_C:355-363_437-438	112	116	IL
4UER_A:549-556_586-587	112	116	IL
5O61_A:355-363_437-438	112	116	IL
7UVZ_A:1973-1979_1988-1996	113	117	IL
5ZEP_a:1117-1121_1138-1143	113	117	IL
8HFR_1e:951-956_973-979	113	117	IL
5MRF_A:1828-1835_1857-1864	113	117	IL
7PIS_3:1826-1832_1841-1849	113	117	IL
5LKS_S2:1676-1684_1703-1709	114	118	IL
5VYC_i5:1676-1684_1703-1708	114	118	IL
5VYC_i4:1676-1684_1703-1708	114	118	IL
4UG0_S2:1676-1684_1703-1708	114	118	IL
5VYC_i2:1676-1684_1703-1708	114	118	IL
6SPE_a:879-886_897-902	115	119	IL
4V77_AA:885-892_903-908	115	119	IL
8BH7_a:896-904_913-919	115	119	IL
8A3L_A:885-892_903-908	115	119	IL
7JT3_3:885-892_903-908	115	119	IL
7QEP_2:70-77_97-103	115	119	IL
7Y41_A:2072-2076_2105-2109	116	120	IL
5O61_A:2072-2076_2105-2109	116	120	IL
8RW1_2:1675-1679_1716-1720	116	120	IL
5O60_A:2072-2076_2105-2109	116	120	IL
4V7E_Aa:1641-1645_1801-1805	116	120	IL
7S0S_C:2072-2076_2105-2109	116	120	IL
6OF6_XA:605-611_629-633	117	121	IL
4V4N_A1:2325-2332_2351-2355	117	121	IL
5O61_BA:456-460_473-478	117	121	IL
7SFR_a:455-459_484-489	117	121	IL
7MT7_a:455-459_484-489	117	121	IL
5T83_A:69-75_87-89	117	121	IL
8QBT_A:1730-1735_2051-2054	117	121	IL
6WNV_4:2786-2791_2796-2800	117	121	IL
6OLG_A2:1745-1751_2550-2555	118	122	IL
8QBT_A:1269-1276_1295-1299	118	122	IL
6SWA_q:1745-1751_2550-2555	118	122	IL
4Y1N_B:90-93_117-125	118	122	IL
7OLC_2:1566-1572_1591-1597	118	122	IL
6ZMO_L5:1433-1436_1451-1454	119	123	IL
6SPB_A:867-869_888-891	119	124	IL
6CFJ_1B:24-28_56-59	119	124	IL
6ZMI_L5:1433-1436_1451-1454	119	123	IL
6SPB_A:2069-2071_2224-2227	119	124	IL
6SPB_A:2795-2799_2877-2879	119	124	IL
6Z6L_L5:1433-1436_1451-1454	119	123	IL
6ZME_L5:1433-1436_1451-1454	119	123	IL
4UE5_A:56-59_286-289	119	124	IL
6ZM7_L5:1433-1436_1451-1454	119	123	IL
6ZCE_A:444-446_457-462	119	124	IL
6SPB_A:2338-2341_2352-2355	119	124	IL
6SPB_A:288-290_338-342	119	124	IL
8BUU_A:894-896_906-910	119	124	IL
8SA5_A:112-114_127-131	119	124	IL
6SPB_A:1456-1459_1508-1512	119	124	IL
3J28_N:991-996_1041-1043	120	125	IL
3J2G_N:991-995_1042-1043	120	125	IL
3J7R_5:2494-2497_2543-2544	120	125	IL
3J2D_N:991-995_1042-1043	120	125	IL
5OA3_2:1608-1611_1647-1650	120	125	IL
8A3L_A:991-995_1042-1043	120	125	IL
8QBT_i:1401-1403_1496-1499	121	126	IL
4V85_AA:1401-1403_1496-1499	121	126	IL
6TMF_A:1350-1352_1442-1445	121	126	IL
6ZVK_K3:1702-1704_1828-1831	121	126	IL
6GAW_AA:845-847_922-925	121	126	IL
5J8A_BA:1401-1403_1496-1499	121	126	IL
7OTC_a:1401-1403_1496-1499	121	126	IL
7UPH_I:1400-1402_4400-4403	121	126	IL
4UE5_A:119-121_227-229	122	127	IL
7LHD_A:3984-3986_4005-4007	122	127	IL
6Z6N_L5:3963-3966_4012-4013	122	127	IL
8RW1_2:478-480_503-506	122	127	IL
6ZOK_2:1171-1173_1182-1185	122	127	IL
8RW1_2:26-28_595-597	122	127	IL
6Y6X_L5:3963-3966_4012-4013	122	127	IL
7Y41_A:1540-1542_1626-1630	122	127	IL
5O61_A:2329-2332_2401-2404	123	128	IL
5VZL_B:37-40_50-52	123	128	IL
8CVM_a:1836-1840_1876-1880	123	128	IL
7S0S_C:2329-2331_2402-2404	123	128	IL
5O60_A:2329-2332_2401-2404	123	128	IL
6ZVH_2:62-67_80-84	124	129	IL
6OLG_B1:62-67_80-84	124	129	IL
6FEC_A:62-67_80-84	124	129	IL
6OLZ_B1:62-67_80-84	124	129	IL
3J7P_S2:62-67_80-84	124	129	IL
6OLI_S2:151-153_163-165	125	130	IL
6QZP_S2:151-153_163-165	125	130	IL
6OM0_S2:151-153_163-165	125	130	IL
6OLE_S2:151-153_163-165	125	130	IL
3J7P_S2:151-153_163-165	125	130	IL
3JD5_A:747-749_764-766	125	130	IL
6OLF_S2:151-153_163-165	125	130	IL
6FEC_A:151-153_163-165	125	130	IL
4UER_A:149-151_161-163	125	130	IL
6ZVH_2:151-153_163-165	125	130	IL
6ZVK_K3:151-153_163-165	125	130	IL
6OM7_S2:151-153_163-165	125	130	IL
6ZME_L5:1995-2000_2055-2060	126	131	IL
6Z6M_L5:1995-2000_2055-2060	126	131	IL
6ZMI_L5:1995-2000_2055-2060	126	131	IL
6ZM7_L5:1995-2000_2055-2060	126	131	IL
8XSX_L5:1995-2000_2055-2060	126	131	IL
6ZMO_L5:1995-2000_2055-2060	126	131	IL
3CCJ_9:26-27_53-57	127	132	IL
3G6E_9:26-27_53-57	127	132	IL
3CCR_9:26-27_53-57	127	132	IL
6Z6M_S2:1363-1364_1649-1651	128	133	IL
6Z6N_S2:1363-1364_1649-1651	128	133	IL
6Z6L_S2:1363-1364_1649-1651	128	133	IL
6ZMI_S2:1363-1364_1649-1651	128	133	IL
6ZME_S2:1363-1364_1649-1651	128	134	IL
6ZM7_S2:1363-1364_1649-1651	128	134	IL
6ZMO_S2:1363-1364_1649-1651	128	133	IL
8HL5_A23S:1374-1376_1409-1410	129	135	IL
6UZ7_5:936-938_949-950	129	135	IL
6ZVK_K3:529-531_551-553	129	135	IL
8BQD_BQ:965-967_978-979	129	135	IL
5TGA_6:1646-1648_1761-1763	129	135	IL
7BHP_L5:2009-2011_2045-2047	129	135	IL
7UG6_1:3102-3104_3128-3130	129	135	IL
4V8M_BA:1752-1754_1767-1769	129	135	IL
5X8P_A:285-288_368-369	129	135	IL
6Z1P_Bb:1250-1251_1311-1313	129	135	IL
7UY5_B:124-126_142-143	129	135	IL
7OYC_71:32-36_41-45	130	136	IL
6IP6_1B:32-36_41-45	130	136	IL
5T2C_B:32-36_41-45	130	136	IL
6IP5_1B:32-36_41-45	130	136	IL
5LZS_7:32-36_41-45	130	136	IL
6IP8_1B:32-36_41-45	130	136	IL
6DZP_A:1882-1885_2215-2216	131	137	IL
6DZI_A:1882-1885_2215-2216	131	137	IL
4V8M_BA:1379-1383_1392-1394	131	137	IL
4V4G_HB:336-338_348-350	131	137	IL
8BH7_a:837-839_863-865	131	137	IL
7OLC_3:26-27_53-57	132	138	IL
5XY3_3:25-26_52-56	132	138	IL
4V7E_Aa:2892-2893_2910-2913	132	138	IL
7JIL_3:25-26_52-56	132	138	IL
4V6W_A7:25-26_51-55	132	138	IL
7P48_B:26-27_53-57	132	138	IL
6SKG_BB:28-29_55-59	132	138	IL
7P7T_B:26-27_53-57	132	138	IL
6RM3_L70:26-27_52-56	132	138	IL
8UU6_B:26-27_53-57	132	138	IL
8OIN_AA:840-842_924-927	132	138	IL
8P2F_B:26-27_53-57	132	138	IL
7OYC_51:2022-2024_2031-2033	133	139	IL
3J7P_S2:153-155_161-163	133	139	IL
1M5P_B:71-73_78-80	133	139	IL
5V93_A:1499-1501_1522-1525	133	139	IL
8RW1_2:387-389_404-406	133	139	IL
4UER_A:388-390_405-407	133	139	IL
6ZQA_D3:552-554_585-588	133	139	IL
6ZVK_K3:436-438_453-455	133	139	IL
6ZMI_L5:4898-4900_4919-4921	134	140	IL
6ZMO_L5:4898-4900_4919-4921	134	140	IL
6ZM7_L5:4898-4900_4919-4921	134	140	IL
6ZME_L5:4898-4900_4919-4921	134	140	IL
7OIF_1:1467-1470_1519-1523	135	141	IL
7Y41_A:1688-1691_1741-1745	135	141	IL
7UPH_I:2961-2964_3013-3017	135	141	IL
7OTC_A:1467-1470_1519-1523	135	141	IL
5O61_A:1688-1691_1741-1745	135	141	IL
7S0S_C:1688-1691_1741-1745	135	141	IL
7S0S_C:2910-2914_2941-2945	135	141	IL
7JT1_1:1467-1470_1519-1523	135	141	IL
5O60_A:1688-1691_1741-1745	135	141	IL
3RW6_H:10-17_42-49	136	142	IL
4V6X_A5:4485-4491_4504-4510	136	142	IL
6UFG_A:38-44_56-64	136	142	IL
3JD5_A:108-113_130-137	136	142	IL
4V7E_Aa:2205-2210_2223-2228	136	142	IL
6OM7_t:117-121_144-150	137	143	IL
6SWA_q:117-121_144-150	137	143	IL
4V6U_B1:2849-2854_2874-2879	137	143	IL
6OLZ_A2:117-121_144-150	137	143	IL
6OLE_t:117-121_144-150	137	143	IL
6OLF_t:117-121_144-150	137	143	IL
6OM0_t:117-121_144-150	137	143	IL
4V85_AA:449-454_476-482	138	144	IL
6ZVK_e2:2617-2623_2634-2640	138	144	IL
8BH7_a:453-463_486-495	138	144	IL
5J8A_BA:449-454_476-482	138	144	IL
5OA3_2:395-398_413-416	139	145	IL
5X8P_A:1873-1876_1887-1891	139	145	IL
4V85_AA:514-520_527-535	140	146	IL
7UPH_I:513-519_526-534	140	146	IL
5J8A_BA:514-520_527-535	140	146	IL
7OTC_a:514-520_527-535	140	146	IL
6GAW_AA:240-246_253-261	140	146	IL
8QBT_i:514-520_527-535	140	146	IL
8RW1_2:560-566_573-581	140	146	IL
7UPH_I:3843-3846_3857-3860	141	147	IL
7OTC_A:2349-2352_2363-2366	141	147	IL
5ZEP_a:453-455_485-490	141	147	IL
7JT1_1:2349-2352_2363-2366	141	147	IL
6OLF_t:171-174_252-255	141	147	IL
7OIF_1:2349-2352_2363-2366	141	147	IL
6Z6N_S2:1296-1303_1314-1319	142	148	IL
6ZMI_S2:1296-1303_1314-1319	142	148	IL
6Z6L_S2:1296-1303_1314-1319	142	148	IL
6Z6M_S2:1296-1303_1314-1319	142	148	IL
6ZME_S2:1296-1303_1314-1319	142	148	IL
6ZMO_S2:1296-1303_1314-1319	142	148	IL
6ZM7_S2:1296-1303_1314-1319	142	148	IL
5O60_A:1886-1891_2213-2216	143	149	IL
7UO5_B:264-270_282-284	143	149	IL
8OIQ_B8:803-808_984-987	143	149	IL
2LQZ_A:4-9_20-22	143	149	IL
7Y41_A:1886-1891_2213-2216	143	149	IL
5O61_A:1886-1891_2213-2216	143	149	IL
5X8P_A:1704-1709_2003-2006	143	149	IL
7S0S_C:1886-1891_2213-2216	143	149	IL
4V85_AA:568-574_879-880	144	150	IL
6GAW_AA:289-295_483-484	144	150	IL
4V4N_B2:521-527_837-838	144	150	IL
6TMF_A:510-516_826-827	144	150	IL
5J8A_BA:568-574_879-880	144	150	IL
8EVS_B5:57-63_446-448	144	150	IL
7LHD_A:1474-1477_1516-1520	144	150	IL
7OIG_2:568-574_879-880	144	150	IL
7OTC_a:568-574_879-880	144	150	IL
8QBT_i:568-574_879-880	144	150	IL
7P48_B:21-26_57-58	144	150	IL
5X8P_A:684-688_809-816	145	151	IL
7JT1_1:673-677_798-805	145	151	IL
7OIF_1:673-677_798-805	145	151	IL
9BH5_B2:1720-1726_1745-1750	145	151	IL
7OTC_A:673-677_798-805	145	151	IL
8P2F_A:823-828_845-851	145	151	IL
4V6U_B1:601-606_619-625	145	151	IL
7UPH_I:2173-2177_2298-2305	145	151	IL
7JIL_2:522-529_558-559	146	152	IL
5O60_A:2676-2677_2721-2723	147	153	IL
7UPH_I:3946-3947_3991-3993	147	153	IL
5O61_A:2676-2677_2721-2723	147	153	IL
7OTC_A:2452-2453_2497-2499	147	153	IL
5X8P_A:2469-2470_2514-2516	147	153	IL
7S0S_C:2676-2677_2721-2723	147	153	IL
8BUU_A:1947-1950_1994-1995	147	153	IL
4V8M_AA:2159-2161_2203-2204	147	153	IL
5LKS_L5:2581-2583_2594-2595	147	153	IL
7Y41_A:2676-2677_2721-2723	147	153	IL
7OIF_1:2452-2453_2497-2499	147	153	IL
6K0A_Y:123-125_145-147	147	153	IL
8OIQ_B8:1275-1276_1320-1322	147	153	IL
6ZMO_L5:4885-4889_4929-4932	148	154	IL
6ZME_L5:4885-4889_4929-4932	148	154	IL
6W77_A:1281-1284_1295-1298	148	154	IL
7LHD_A:269-275_294-299	148	154	IL
6ZM7_L5:4885-4889_4929-4932	148	154	IL
6ZMI_L5:4885-4889_4929-4932	148	154	IL
6Z6N_S2:936-943_977-983	149	155	IL
3J7P_S2:23-28_583-588	149	155	IL
6ZM7_S2:936-943_977-983	149	155	IL
6ZME_S2:936-943_977-983	149	155	IL
6Z6M_S2:936-943_977-983	149	155	IL
6Z6L_S2:936-943_977-983	149	155	IL
6ZMI_S2:936-943_977-983	149	155	IL
6ZMO_S2:936-943_977-983	149	155	IL
4UG0_L5:464-465_513-515	150	156	IL
6Z6N_L5:4454-4455_4465-4467	150	156	IL
6Z6L_S2:1540-1541_1555-1557	150	156	IL
7BHP_L5:4454-4455_4465-4467	150	156	IL
6Y57_L5:4454-4455_4465-4467	150	156	IL
7Y41_A:39-40_521-523	150	156	IL
6Y0G_L5:4454-4455_4465-4467	150	156	IL
6IP6_1A:4454-4455_4465-4467	150	156	IL
5AJ0_A2:4416-4417_4427-4429	150	156	IL
6Y6X_L5:4454-4455_4465-4467	150	156	IL
6IP5_1A:4454-4455_4465-4467	150	156	IL
8XSX_L5:4454-4455_4465-4467	150	156	IL
6Z6M_L5:4454-4455_4465-4467	150	156	IL
6ZME_S2:1540-1541_1555-1557	150	156	IL
7R6Q_6:29-32_45-47	151	157	IL
1RHT_A:6-8_15-16	151	157	IL
7JIL_1:420-423_480-483	151	157	IL
7UPH_I:3334-3336_3390-3394	151	157	IL
8BH7_a:1450-1453_1470-1472	151	157	IL
5ZEG_C:4-6_18-20	151	157	IL
6SPB_A:1184-1186_1235-1238	151	157	IL
6Z6M_S2:1732-1736_1759-1763	152	158	IL
6ZME_S2:1732-1736_1759-1763	152	158	IL
6ZM7_S2:1732-1736_1759-1763	152	158	IL
6Z6L_S2:1732-1736_1759-1763	152	158	IL
6ZMI_S2:1732-1736_1759-1763	152	158	IL
6ZMO_S2:1732-1736_1759-1763	152	158	IL
6ZMI_L5:4660-4667_4695-4704	153	159	IL
6ZM7_L5:4660-4667_4695-4704	153	159	IL
3J7P_S2:1279-1285_1305-1311	153	159	IL
6FXC_Ba:453-461_478-486	153	159	IL
6ZMO_L5:4660-4667_4695-4704	153	159	IL
6ZME_L5:4660-4667_4695-4704	153	159	IL
7P7S_A:312-313_410-413	154	160	IL
7QGH_N:1938-1939_1969-1972	154	160	IL
7Z34_2:27-28_48-51	154	160	IL
7UQB_1:3012-3013_3022-3024	154	160	IL
5MRF_A:1748-1749_1951-1953	154	160	IL
6WNV_4:2066-2067_2097-2100	154	160	IL
7UNU_B:72-80_98-106	155	161	IL
7QGH_O:71-79_97-105	155	161	IL
7JIL_3:68-76_89-97	155	161	IL
5T2C_A:4224-4239_4320-4326	155	161	IL
6CFJ_1B:71-79_98-106	155	161	IL
8AM9_b:71-79_97-105	155	161	IL
4V9P_EB:71-79_97-105	155	161	IL
7NWW_3:70-78_96-104	155	161	IL
8UU6_B:69-77_95-103	155	161	IL
1C2X_C:70-78_96-104	155	161	IL
8HFR_1e:1506-1513_1533-1537	156	162	IL
3J7P_S2:1040-1047_1058-1063	156	162	IL
6ZVJ_2:1039-1046_1057-1062	156	162	IL
6ZVK_K3:1040-1046_1070-1073	156	162	IL
6OM7_S2:1038-1045_1056-1061	156	162	IL
6OLE_S2:1038-1045_1056-1061	156	162	IL
5MRF_aa:1094-1101_1112-1117	156	162	IL
7LHD_A:3346-3349_3360-3363	157	163	IL
4V4B_B3:2060-2063_2092-2093	157	163	IL
6WLO_A:49-51_232-236	157	163	IL
7LHD_A:2836-2839_2850-2853	157	163	IL
8RW1_2:1343-1346_1374-1377	157	163	IL
4E48_D:7-9_10-12	158	164	IL
4V5K_CW:2-4_69-70	158	164	IL
5T2A_2:157-159_164-166	158	164	IL
7LHD_A:3231-3233_3262-3263	158	164	IL
6ZU5_L50:2160-2162_2181-2182	158	164	IL
5LMN_A:66-69_99-100	158	164	IL
8B0I_K:18-20_58-59	158	164	IL
6XZA_A1:1139-1142_1152-1153	158	164	IL
6OLI_t:1387-1389_1396-1397	158	164	IL
6XYW_2:358-360_369-371	158	164	IL
1TXS_A:3-6_33-34	158	164	IL
6Y0G_L5:1785-1789_1911-1918	159	165	IL
7BHP_L5:1784-1789_1911-1919	159	165	IL
4V8B_BA:749-754_771-777	159	165	IL
6AWB_A:778-782_793-800	159	165	IL
6Y2L_L5:1786-1790_1912-1919	159	165	IL
6Y57_L5:1785-1789_1911-1918	159	165	IL
7UPH_I:1447-1454_4351-4357	159	165	IL
4V8E_AA:749-754_771-777	159	165	IL
6O8Z_A:2145-2155_2171-2177	160	166	IL
4V6W_B2:559-561_581-588	160	166	IL
5V8I_2A:758-763_780-786	160	166	IL
6O8Z_A:744-749_766-772	160	166	IL
7LHD_A:3921-3926_3935-3938	161	167	IL
6R6G_AF:132-138_163-167	161	167	IL
4V4S_AA:866-873_884-889	161	167	IL
7PIS_3:899-905_987-992	161	167	IL
7UG6_1:1309-1318_1439-1446	161	167	IL
5AJ0_B1:1328-1335_1346-1351	161	167	IL
5VYC_i6:942-957_969-974	162	168	IL
8CST_A:677-685_706-730	162	168	IL
6OLG_B1:1396-1405_1438-1447	162	168	IL
6AH3_A:202-216_239-249	162	168	IL
5VYC_i1:942-957_969-974	162	168	IL
7UG6_1:1328-1338_1386-1395	162	168	IL
3J7R_5:1511-1521_1615-1629	162	168	IL
7QEP_1:2222-2229_2257-2266	162	168	IL
6ZMW_A:508-513_545-552	163	169	IL
7ZHG_2:468-474_481-489	163	169	IL
6SWD_2:468-474_481-489	163	169	IL
7A09_2:686-693_721-727	163	169	IL
1P5P_A:27-32_48-54	164	170	IL
1P5N_A:3-8_24-30	164	170	IL
8RW1_2:1222-1228_1255-1257	164	170	IL
1Q8N_A:7-9_22-27	164	170	IL
4C4W_H:2-6_25-32	164	170	IL
7JT1_1:1685-1690_1695-1701	165	171	IL
8SA6_A:96-100_138-143	165	171	IL
6QZP_L5:3707-3712_3742-3746	165	171	IL
5X8P_A:1721-1726_1731-1737	165	171	IL
7OTC_A:1685-1690_1695-1701	165	171	IL
7OIF_1:1685-1690_1695-1701	165	171	IL
5O61_A:1903-1908_1913-1919	165	171	IL
7S0S_C:1903-1908_1913-1919	165	171	IL
7UPH_I:3179-3184_3190-3195	165	171	IL
5O60_A:1903-1908_1913-1919	165	171	IL
7Y41_A:1903-1908_1913-1919	165	171	IL
7QV3_a:1403-1405_1499-1502	166	172	IL
7Y41_A:2303-2305_2459-2462	166	172	IL
8A3L_A:72-74_91-94	166	172	IL
5O60_A:2303-2305_2459-2462	166	172	IL
7S0S_C:2303-2305_2459-2462	166	172	IL
5O61_A:2303-2305_2459-2462	166	172	IL
4V7E_Aa:1690-1694_1744-1749	167	173	IL
8BH7_a:786-790_806-810	167	173	IL
4YB0_A:14-18_33-37	167	173	IL
6ZMW_A:1240-1242_1301-1307	167	173	IL
6G90_1:88-91_115-123	167	173	IL
3J28_N:240-245_275-282	168	174	IL
3J2G_N:240-245_275-282	168	174	IL
3J2D_N:240-245_275-282	168	174	IL
8A3L_A:240-245_275-282	168	174	IL
3J2C_N:240-245_275-282	168	174	IL
7JT3_3:240-245_275-282	168	174	IL
6O8Z_A:523-526_537-550	169	175	IL
5X8P_A:2652-2656_2791-2799	169	175	IL
7OTC_A:2635-2639_2773-2781	169	175	IL
7OIF_1:2635-2639_2773-2781	169	175	IL
7JT1_1:2635-2639_2773-2781	169	175	IL
7UPH_I:4129-4133_4267-4275	169	175	IL
6ZVH_2:603-609_1031-1032	170	176	IL
6OLE_S2:603-609_1031-1032	170	176	IL
6QZP_S2:603-609_1031-1032	170	176	IL
5O61_BA:595-600_620-623	170	176	IL
6OM0_S2:603-609_1031-1032	170	176	IL
7QEP_3:394-401_431-432	170	176	IL
5TGA_6:554-561_591-592	170	176	IL
3J7P_S2:603-609_1033-1034	170	176	IL
6OLI_S2:603-609_1031-1032	170	176	IL
6ZVH_2:1612-1616_1658-1662	171	177	IL
7Y41_A:2133-2134_2139-2143	171	177	IL
2LUN_A:6-8_19-21	171	177	IL
3J3V_B:21-25_53-56	171	177	IL
3JD5_A:224-231_260-261	171	177	IL
6LQM_2:650-653_664-677	172	178	IL
6Z6L_L5:650-653_664-677	172	179	IL
6ZME_L5:650-653_664-677	172	179	IL
6Y0G_L5:650-653_664-677	172	178	IL
6LSS_2:650-653_664-677	172	178	IL
6Y57_L5:650-653_664-677	172	178	IL
6IP6_1A:650-653_664-677	172	178	IL
6Z6M_L5:650-653_664-677	172	179	IL
6IP5_1A:650-653_664-677	172	178	IL
6IP8_1A:650-653_664-677	172	178	IL
4V6X_A5:1158-1161_1172-1185	172	178	IL
6ZMI_L5:650-653_664-677	172	179	IL
6ZMO_L5:650-653_664-677	172	179	IL
7BHP_L5:650-653_664-677	172	178	IL
4V6X_A5:1760-1763_1822-1835	172	178	IL
6Y6X_L5:650-653_664-677	172	179	IL
6Z6N_L5:650-653_664-677	172	179	IL
6ZM7_L5:650-653_664-677	172	179	IL
8XSX_L5:650-653_664-677	172	179	IL
3J2C_N:682-686_697-704	173	180	IL
3J2D_N:682-686_697-704	173	180	IL
3J2G_N:682-686_697-704	173	180	IL
4V7H_B4:67-70_82-90	173	180	IL
3J28_N:682-686_697-704	173	180	IL
3J28_N:444-448_481-486	174	181	IL
6DZP_A:1656-1659_1769-1773	174	181	IL
3J2G_N:444-448_481-486	174	181	IL
3J2D_N:444-448_481-486	174	181	IL
6DZI_A:1656-1659_1769-1773	174	181	IL
3J2C_N:444-448_481-486	174	181	IL
7Z3N_2:534-536_556-563	174	181	IL
1ZHO_F:9-12_21-28	175	182	IL
5O60_A:1652-1655_1776-1780	175	182	IL
7S0S_C:1652-1655_1776-1780	175	182	IL
4IOC_Y:25-29_57-60	175	182	IL
6DLS_A:76-79_91-95	175	182	IL
5O61_A:1652-1655_1776-1780	175	182	IL
7Y41_A:1652-1655_1776-1780	175	182	IL
7OIG_2:69-72_96-97	176	183	IL
6OM0_S2:1597-1599_1649-1650	176	183	IL
6ZVK_K3:486-488_510-511	176	183	IL
8BH6_a:1134-1137_1146-1147	176	183	IL
7LHD_A:3417-3420_3448-3449	176	183	IL
6FEC_A:1016-1018_1031-1032	176	183	IL
2N7M_X:23-25_47-48	176	183	IL
8WID_a:1102-1105_1116-1117	176	183	IL
8QBT_i:69-72_96-97	176	183	IL
5J8A_BA:69-72_96-97	176	183	IL
7PNW_A:47-49_172-173	176	183	IL
7OTC_a:69-72_96-97	176	183	IL
5VYC_i6:183-188_212-214	177	184	IL
6IP8_2m:183-188_212-214	177	184	IL
5VYC_i3:183-188_212-214	177	184	IL
5T2C_AA:183-188_212-214	177	184	IL
6IP6_2m:183-188_212-214	177	184	IL
6IP5_2m:183-188_212-214	177	184	IL
5VYC_i1:183-188_212-214	177	184	IL
5VYC_i2:183-188_212-214	177	184	IL
5VYC_i5:183-188_212-214	177	184	IL
4UG0_S2:183-188_212-214	177	184	IL
5X8P_A:1559-1562_1575-1579	178	185	IL
7OIF_1:875-878_897-900	178	185	IL
5X8P_A:302-304_351-355	178	185	IL
7OTC_A:875-878_897-900	178	185	IL
7S0S_C:2690-2693_2703-2706	178	185	IL
7JT1_1:2466-2469_2479-2482	178	185	IL
7OIF_1:2466-2469_2479-2482	178	185	IL
6RM3_L50:1472-1476_1484-1491	179	186	IL
8Q5I_A:1489-1492_1643-1650	179	186	IL
5I4L_2:1052-1054_1113-1119	179	186	IL
3J2D_N:777-781_797-801	180	187	IL
3J28_N:777-781_797-801	180	187	IL
3J2G_N:777-781_797-801	180	187	IL
3J2C_N:777-781_797-801	180	187	IL
4V8M_BB:1265-1266_1283-1286	180	187	IL
4V77_AA:777-781_797-801	180	187	IL
4V77_AA:578-582_755-759	181	188	IL
7JT3_3:578-582_755-759	181	188	IL
8A3L_A:578-582_755-759	181	188	IL
6FRK_1:230-234_245-249	181	188	IL
4UE5_A:189-193_204-208	181	188	IL
8UU5_A:1428-1432_1441-1445	181	188	IL
4V7Z_CA:453-457_480-485	181	188	IL
7M4W_a:590-594_767-771	182	189	IL
6HA1_a:602-606_779-783	182	189	IL
7UW1_a:590-594_767-771	182	189	IL
6V3E_sN1:590-594_767-771	182	189	IL
6FXC_Ba:1130-1135_1148-1155	182	189	IL
7UVZ_A:2642-2645_2655-2658	182	189	IL
6QYZ_E:39-50_65-66	183	190	IL
5ZEB_A:1008-1012_1028-1032	183	190	IL
5ZEP_A:1008-1012_1028-1032	183	190	IL
5ZET_A:1008-1012_1028-1032	183	190	IL
8Q5I_A:370-375_391-397	183	190	IL
7LHD_A:1390-1396_1544-1548	184	191	IL
8QBT_i:1429-1434_1465-1469	184	191	IL
7UPH_I:1428-1432_4370-4373	184	191	IL
5J8A_BA:1429-1434_1465-1469	184	191	IL
7OIG_2:1429-1434_1465-1469	184	191	IL
3JD5_A:742-747_766-771	184	191	IL
5XY3_1:58-63_72-78	184	191	IL
6GAW_AA:748-753_772-777	184	191	IL
7OTC_a:1429-1434_1465-1469	184	191	IL
4V85_AA:1429-1434_1465-1469	184	191	IL
8Y39_a:1313-1316_1335-1340	185	192	IL
4V6U_B1:2750-2754_2886-2894	185	192	IL
5O60_A:1694-1698_1734-1738	186	193	IL
7S0S_C:1694-1698_1734-1738	186	193	IL
5O61_A:1694-1698_1734-1738	186	193	IL
7Y41_A:1693-1698_1734-1739	186	193	IL
7JIL_1:1165-1172_1267-1281	187	194	IL
6OLE_t:1506-1516_1610-1624	187	195	IL
7QGH_N:1029-1035_1129-1145	187	194	IL
5MYJ_AA:1053-1062_1195-1206	187	194	IL
6OLF_t:1506-1516_1610-1624	187	195	IL
6OM0_t:1506-1516_1610-1624	187	195	IL
6OM7_t:1506-1516_1610-1624	187	195	IL
6SY6_D:6-17_28-36	187	194	IL
6OLI_t:1506-1516_1610-1624	187	195	IL
6QZP_L5:1526-1536_1630-1644	187	194	IL
7UG6_1:1532-1543_1635-1650	187	194	IL
6ZVK_e2:1619-1629_1723-1737	187	194	IL
8QBT_A:1529-1532_1581-1585	188	196	IL
8W2O_R:68-75_138-141	188	196	IL
7D0G_A:388-393_567-572	188	196	IL
6W6L_t:186-190_213-219	188	196	IL
7QGH_N:1422-1426_1582-1586	188	196	IL
6O8Z_A:1715-1720_2007-2010	188	196	IL
4V8P_A1:684-689_757-761	189	197	IL
4V8P_C3:31-35_40-44	189	197	IL
8CRX_b:33-37_43-47	189	197	IL
8OIQ_B8:718-730_733-736	190	198	IL
6SPE_a:1422-1427_1458-1462	190	198	IL
7PIS_3:213-218_227-233	190	198	IL
4V61_BB:30-36_42-48	190	198	IL
6TMF_A:538-539_582-585	191	199	IL
6Z1P_Bb:253-254_279-283	191	199	IL
7UPH_I:595-596_638-641	191	199	IL
6W6P_a:1429-1431_1532-1535	191	199	IL
7MT3_A:1970-1976_1982-1990	192	200	IL
5V93_A:1968-1973_1985-1991	192	200	IL
4V4N_A1:908-913_930-936	192	200	IL
8CRX_A:692-696_707-714	192	200	IL
5LMN_A:145-150_165-171	192	200	IL
5VYC_i3:1579-1582_1596-1601	193	201	IL
5VYC_i2:1579-1582_1596-1601	193	201	IL
5X8P_A:1377-1381_1390-1394	193	201	IL
6IP8_2m:1579-1582_1596-1601	193	201	IL
5VYC_i5:1579-1582_1596-1601	193	201	IL
5VYC_i6:1579-1582_1596-1601	193	201	IL
5VYC_i4:1579-1582_1596-1601	193	201	IL
6IP6_2m:1579-1582_1596-1601	193	201	IL
4UG0_S2:1579-1582_1596-1601	193	201	IL
5VYC_i1:1579-1582_1596-1601	193	201	IL
2N6W_A:24-27_40-44	194	202	IL
7OIF_1:1711-1717_1741-1745	194	202	IL
7UPH_I:3205-3211_3235-3239	194	202	IL
7JT1_1:1711-1717_1741-1745	194	202	IL
7OTC_A:1711-1717_1741-1745	194	202	IL
6ZMO_L7:32-36_41-45	195	203	IL
6Z6L_L7:32-36_41-45	195	203	IL
6RM3_L70:32-36_41-45	195	204	IL
7PAS_4:34-38_44-48	195	204	IL
4V8M_BE:98-103_115-120	195	204	IL
7UG6_1:1869-1873_1922-1927	195	204	IL
6ZM7_L7:32-36_41-45	195	203	IL
6ZMI_L7:32-36_41-45	195	203	IL
6Z6N_L7:32-36_41-45	195	203	IL
5LKS_L7:32-36_41-45	195	204	IL
6Z6M_L7:32-36_41-45	195	203	IL
4UG0_L7:32-36_41-45	195	203	IL
6ZME_L7:32-36_41-45	195	203	IL
6OLE_S2:466-470_490-494	196	205	IL
6OM0_S2:466-470_490-494	196	205	IL
6OLI_S2:466-470_490-494	196	205	IL
1EHT_A:3-7_25-29	197	206	IL
3OX0_B:37-41_60-65	197	206	IL
3J28_N:931-933_1378-1382	198	207	IL
3IZZ_E:5-7_95-98	198	207	IL
3J2D_N:931-933_1378-1382	198	207	IL
3J2G_N:931-933_1378-1382	198	207	IL
4V4N_B2:1361-1363_1451-1454	198	207	IL
6QZP_S2:129-143_174-181	199	208	IL
5X8P_A:2123-2135_2189-2192	199	208	IL
6OLE_S2:129-143_174-181	199	208	IL
6OM7_S2:129-143_174-181	199	208	IL
7QV3_a:1304-1309_1330-1335	199	208	IL
6OLF_S2:129-143_174-181	199	208	IL
6OM0_S2:129-143_174-181	199	208	IL
6ZVH_2:129-143_174-181	199	208	IL
6G5I_2:354-368_399-406	199	208	IL
6OLI_S2:129-143_174-181	199	208	IL
7OLC_1:3120-3126_3131-3136	200	209	IL
7Z3O_1:3119-3126_3131-3137	200	209	IL
8OO0_1:3120-3126_3131-3136	200	209	IL
4V77_AA:407-413_426-431	201	210	IL
7JT3_3:407-414_425-431	201	210	IL
6SPE_a:401-408_419-425	201	210	IL
8A3L_A:407-414_425-431	201	210	IL
8BH7_a:416-424_434-440	201	210	IL
6ZVH_2:1203-1205_1362-1368	202	211	IL
3CUN_C:22-24_43-47	202	211	IL
7LHD_A:877-881_915-920	202	211	IL
6OLF_S2:1203-1205_1362-1368	202	211	IL
6OM0_S2:1203-1205_1362-1368	202	211	IL
6QZP_S2:1203-1205_1362-1368	202	211	IL
5J8A_BA:1302-1306_1329-1333	203	212	IL
6TMF_A:1251-1255_1278-1282	203	212	IL
4V85_AA:1302-1306_1329-1333	203	212	IL
7OIG_2:1302-1306_1329-1333	203	212	IL
8QBT_i:1302-1306_1329-1333	203	212	IL
7OTC_a:1302-1306_1329-1333	203	212	IL
7OIG_2:653-654_750-753	204	213	IL
5J8A_BA:653-654_750-753	204	213	IL
4V85_AA:653-654_750-753	204	213	IL
8QBT_i:653-654_750-753	204	213	IL
5V93_A:2392-2394_2401-2403	204	213	IL
1RLG_C:1-3_21-23	204	213	IL
7OTC_a:653-654_750-753	204	213	IL
7UPH_I:652-653_749-752	204	213	IL
7S0S_C:77-81_94-101	205	214	IL
7Y41_A:77-81_94-101	205	214	IL
5X8P_A:79-83_95-102	205	214	IL
5O61_A:77-81_94-101	205	214	IL
5OB3_A:17-21_44-54	205	214	IL
6ZVK_K3:1331-1335_1490-1498	205	214	IL
5O60_A:77-81_94-101	205	214	IL
2GIO_A:8-10_19-21	206	215	IL
8BQD_BQ:2080-2083_2122-2125	206	215	IL
4V7H_B5:1341-1345_1379-1383	206	215	IL
5ZEP_a:573-577_750-754	206	215	IL
8XSX_L5:990-994_1201-1202	207	216	IL
6Z6L_L5:990-994_1201-1202	207	216	IL
6Z6M_L5:990-994_1201-1202	207	216	IL
6ZMI_L5:990-994_1201-1202	207	216	IL
6Y0G_L5:990-994_1201-1202	207	216	IL
6ZM7_L5:990-994_1201-1202	207	216	IL
6ZMO_L5:990-994_1201-1202	207	216	IL
3DIQ_A:21-29_62-69	208	217	IL
3DIM_A:21-29_62-69	208	217	IL
3DIS_A:21-29_62-69	208	217	IL
3DIZ_A:21-29_62-69	208	217	IL
4ERL_A:18-26_59-66	208	217	IL
3DIR_A:21-29_62-69	208	217	IL
5X8P_A:885-888_906-909	209	218	IL
8RW1_2:1666-1669_1726-1729	209	218	IL
5X8P_A:2366-2369_2380-2383	209	218	IL
8BH7_a:1269-1272_1283-1286	209	218	IL
4V4G_HB:1988-1991_2541-2545	209	218	IL
7OIF_1:1318-1322_1330-1332	210	219	IL
7UPH_I:2812-2816_2824-2826	210	219	IL
7JT1_1:1318-1322_1330-1332	210	219	IL
7ZHG_2:608-609_705-708	210	219	IL
7OTC_A:1318-1322_1330-1332	210	219	IL
1OOA_D:4-9_20-24	211	220	IL
1OOA_C:4-9_20-24	211	220	IL
4V6X_A5:4552-4563_4579-4582	211	220	IL
6DZP_A:1692-1697_1733-1738	211	220	IL
4V7E_Aa:1623-1627_1806-1812	211	220	IL
6DZI_A:1692-1697_1733-1738	211	220	IL
2JWV_A:4-9_20-24	211	220	IL
7UPH_I:2850-2854_2863-2867	212	221	IL
3J7R_5:2316-2321_2631-2634	212	221	IL
7OTC_B:22-27_55-59	213	222	IL
5MYJ_BB:30-34_40-44	213	222	IL
5ZEB_A:2893-2898_2903-2907	214	223	IL
5ZET_A:2893-2898_2903-2907	214	223	IL
6OM7_S2:467-471_489-494	214	223	IL
6OLZ_A2:2437-2443_2468-2471	214	223	IL
7OLC_2:94-99_111-115	214	223	IL
5ZEP_A:2893-2898_2903-2907	214	223	IL
6QZP_L5:1331-1336_1378-1381	215	224	IL
5ZET_A:1953-1957_1969-1973	215	224	IL
5ZEP_A:1953-1957_1969-1973	215	224	IL
6Q9A_4:36-40_312-316	215	224	IL
5ZEB_A:1953-1957_1969-1973	215	224	IL
5XYU_A:486-490_503-508	215	224	IL
6ZVH_2:537-544_574-575	216	225	IL
6ZTO_AA:512-519_548-549	216	225	IL
4V4G_HB:2667-2672_2692-2697	216	225	IL
7LHD_A:3790-3795_3806-3809	216	225	IL
4V6U_B3:25-26_46-49	217	226	IL
7QH4_W:1417-1419_1507-1509	217	226	IL
3J3V_B:27-28_48-51	217	226	IL
8A3L_A:595-596_638-641	217	226	IL
7JT3_3:595-596_638-641	217	226	IL
4V9F_0:1968-1969_2010-2013	217	226	IL
5DM6_X:2589-2590_2654-2657	217	226	IL
8OIQ_B8:1289-1292_1302-1305	218	227	IL
7JT1_1:1863-1866_1873-1877	218	227	IL
7OIF_1:1863-1866_1873-1877	218	227	IL
7OTC_A:1863-1866_1873-1877	218	227	IL
5X8P_A:2094-2097_2251-2255	218	227	IL
7UPH_I:3357-3360_3367-3371	218	227	IL
6ZQE_D3:538-541_548-551	219	228	IL
2A9L_A:5-6_28-32	219	228	IL
1M5L_A:12-13_24-27	219	228	IL
5XXB_1:1393-1395_1405-1409	219	228	IL
6V3B_AN1:2136-2138_2188-2191	219	228	IL
4OJI_A:6-10_45-51	219	228	IL
7UNU_a:453-457_490-495	220	229	IL
7M4W_a:455-459_493-498	220	229	IL
5T2A_2:151-156_167-171	220	229	IL
7UW1_a:455-459_493-498	220	229	IL
6V3E_sN1:455-459_493-498	220	229	IL
6O8Z_A:907-912_951-955	220	229	IL
6FEC_A:1457-1465_1484-1489	221	230	IL
5MQF_5:5-9_66-74	221	230	IL
5V7Q_A:2889-2893_3027-3035	221	230	IL
4V8M_BB:627-629_683-686	222	231	IL
7OTC_A:2837-2838_2877-2879	222	231	IL
6K0A_Y:93-107_160-170	223	232	IL
5MYJ_BA:1056-1062_1156-1172	223	232	IL
6Z6N_L5:1957-1984_2104-2105	223	232	IL
6AHR_A:140-154_239-248	223	232	IL
7QH4_W:457-466_491-500	223	232	IL
6K0A_Y:9-10_223-246	223	232	IL
6ZQA_D3:554-560_569-585	223	232	IL
6FXC_Ba:68-78_81-91	223	232	IL
6AZ3_6:7-8_43-67	223	232	IL
6IP6_1A:1957-1984_2104-2105	223	232	IL
6AHU_A:140-154_239-248	223	232	IL
8HFR_1e:1313-1323_1417-1431	223	232	IL
5ZEY_A:24-33_323-332	223	232	IL
6Z6L_L5:1957-1984_2104-2105	223	232	IL
6IP8_1A:1957-1984_2104-2105	223	232	IL
6GAW_AA:305-320_388-395	223	232	IL
6IP5_1A:1957-1984_2104-2105	223	232	IL
7AOI_AA:5-19_95-108	223	232	IL
6PCT_I:2135-2156_2158-2165	223	232	IL
6OLG_A2:1499-1509_1603-1617	223	232	IL
6SPB_A:1032-1046_1095-1105	223	232	IL
5T2A_F:9-10_45-69	223	232	IL
6Y6X_L5:1957-1984_2104-2105	223	232	IL
3J28_N:1055-1056_1197-1201	224	233	IL
3J2G_N:1055-1056_1197-1201	224	233	IL
3J2D_N:1055-1056_1197-1201	224	233	IL
5O61_A:1883-1886_2216-2217	225	234	IL
8OIQ_B8:800-803_987-988	225	234	IL
7OIF_1:1665-1668_1992-1993	225	234	IL
7Y41_A:1883-1886_2216-2217	225	234	IL
7OTC_A:1665-1668_1992-1993	225	234	IL
6G5I_2:1587-1589_1598-1599	225	234	IL
6ZMW_A:1478-1482_1647-1649	225	234	IL
7JT1_1:1665-1668_1992-1993	225	234	IL
5X8P_A:1701-1704_2006-2007	225	234	IL
5O60_A:1883-1886_2216-2217	225	234	IL
7S0S_C:1883-1886_2216-2217	225	234	IL
4V4N_B2:200-203_212-213	226	235	IL
6OLG_A2:188-190_242-244	226	235	IL
6OM0_t:188-190_242-243	226	235	IL
4V77_AA:201-204_211-212	226	235	IL
3J2G_N:201-204_211-212	226	235	IL
8CVM_a:2564-2566_2584-2585	226	235	IL
3J2C_N:201-204_211-212	226	235	IL
3J28_N:201-204_211-212	226	235	IL
4V6U_B1:872-874_890-891	226	235	IL
6OM7_t:188-190_242-243	226	235	IL
3J2G_N:407-414_425-431	227	236	IL
3J28_N:407-414_425-431	227	236	IL
3J2D_N:407-414_425-431	227	236	IL
3J2C_N:407-414_425-431	227	236	IL
7OTC_a:445-449_482-487	228	237	IL
5J8A_BA:445-449_482-487	228	237	IL
7UPH_I:444-448_481-486	228	237	IL
4V6U_B1:993-997_1050-1054	228	237	IL
4V6U_B1:1596-1601_1704-1708	228	237	IL
6XZA_A1:1415-1419_1501-1506	228	237	IL
4V85_AA:445-449_482-487	228	237	IL
7OIG_2:445-449_482-487	228	237	IL
8QBT_i:444-449_482-488	228	237	IL
7M4W_B:21-25_53-56	229	238	IL
6SPB_A:1852-1855_1862-1866	229	238	IL
6SPB_A:1425-1428_1542-1546	229	238	IL
5T2C_AA:1537-1545_1554-1560	230	239	IL
7P48_A:1325-1331_1425-1441	230	239	IL
7UVZ_A:455-461_541-548	230	239	IL
6YWY_A:2891-2894_2904-2917	230	239	IL
6ZTO_AA:417-424_435-441	230	239	IL
8PPK_2:1638-1646_1680-1689	230	239	IL
3J2C_N:578-582_755-759	231	240	IL
6ZMT_2:361-366_379-383	231	240	IL
3J28_N:578-582_755-759	231	240	IL
3J2G_N:578-582_755-759	231	240	IL
3J2D_N:578-582_755-759	231	240	IL
6ZMI_L5:1623-1624_1639-1642	232	241	IL
6Z6M_L5:1623-1624_1639-1642	232	241	IL
6ZME_L5:1623-1624_1639-1642	232	241	IL
6ZMO_L5:1623-1624_1639-1642	232	241	IL
6Z6L_L5:1623-1624_1639-1642	232	241	IL
6ZM7_L5:1623-1624_1639-1642	232	241	IL
6Z6N_L5:1623-1624_1639-1642	232	241	IL
6Y6X_L5:1623-1624_1639-1642	232	241	IL
8XSX_L5:1623-1624_1639-1642	232	241	IL
6Y2L_L5:1624-1625_1640-1643	232	241	IL
7UQB_1:732-736_748-752	233	242	IL
6SPE_a:771-775_791-795	233	242	IL
6SPE_a:69-73_86-90	233	242	IL
8A3L_A:777-781_797-801	233	242	IL
7JT3_3:777-781_797-801	233	242	IL
6OLI_t:80-87_95-101	234	243	IL
1C04_F:5-12_17-23	234	243	IL
6OM0_t:80-87_95-101	234	243	IL
6SWA_q:80-87_95-101	234	243	IL
6OLG_A2:80-87_95-101	234	243	IL
6OLZ_A2:80-87_95-101	234	243	IL
6OLE_t:80-87_95-101	234	243	IL
6OM7_t:80-87_95-101	234	243	IL
4V4G_HB:214-221_229-235	234	243	IL
6OLF_t:80-87_95-101	234	243	IL
8UU5_A:1994-2005_2021-2024	235	244	IL
5T2C_A:4050-4061_4077-4080	235	244	IL
6VMI_AA:867-872_889-894	235	244	IL
8UU5_A:267-274_282-288	235	244	IL
4V91_1:1579-1586_1606-1610	235	244	IL
6ZON_2:1750-1756_1775-1781	235	244	IL
6VLZ_AA:867-872_889-894	235	244	IL
7P7S_A:1858-1861_1923-1924	236	245	IL
7JT1_1:1309-1312_1602-1603	236	245	IL
8EUG_1:1375-1377_1400-1402	236	245	IL
7OTC_A:1309-1312_1602-1603	236	245	IL
7OIF_1:1309-1312_1602-1603	236	245	IL
5U3G_B:9-12_27-28	236	245	IL
5J8A_BA:46-51_358-360	237	246	IL
7OTC_a:46-51_358-360	237	246	IL
7UPH_I:45-50_357-359	237	246	IL
4V85_AA:46-51_358-360	237	246	IL
7OIG_2:46-51_358-360	237	246	IL
8QBT_i:46-51_358-360	237	246	IL
7KGB_A:1148-1155_1295-1296	238	247	IL
7OYC_22:371-377_774-776	238	247	IL
5V93_A:1148-1155_1295-1296	238	247	IL
7MT3_A:1148-1155_1295-1296	238	247	IL
5V7Q_A:1148-1155_1295-1296	238	247	IL
6WLU_A:180-184_203-208	239	248	IL
5XYM_B:35-39_45-49	239	248	IL
4V7E_Aa:3226-3229_3240-3244	239	248	IL
6SKG_BB:34-38_44-48	239	248	IL
5XY3_3:31-35_41-45	239	248	IL
7PIS_3:1466-1470_1632-1635	239	248	IL
6ZMO_S2:185-190_214-216	240	249	IL
7LHD_A:1120-1124_1155-1158	240	250	IL
7RQE_1A:1087-1094_1233-1234	240	250	IL
6Z6M_S2:185-190_214-216	240	249	IL
6ZME_S2:185-190_214-216	240	249	IL
6ZMI_S2:185-190_214-216	240	249	IL
6ZM7_S2:185-190_214-216	240	249	IL
6Z6N_S2:185-190_214-216	240	249	IL
6OLG_B1:310-315_337-338	240	250	IL
6Z6L_S2:185-190_214-216	240	249	IL
6OM0_t:174-179_250-252	240	250	IL
4V9F_0:1496-1500_1508-1510	240	250	IL
4V7Z_CA:250-255_285-292	241	251	IL
3J7P_S2:1153-1163_1179-1188	241	251	IL
7A5K_A6:878-883_891-895	241	251	IL
6ZON_2:1545-1554_1585-1593	241	251	IL
8B0J_K:21-28_52-59	241	251	IL
8UVR_2a:251-256_286-293	241	251	IL
3J3V_A:1106-1112_1228-1232	241	251	IL
6TH6_BA:1088-1092_1145-1149	242	252	IL
8Q5I_3:20-25_53-57	242	252	IL
8CDV_A:870-874_1047-1051	242	252	IL
6SKG_BA:1088-1092_1145-1149	242	252	IL
6Q95_4:54-58_298-301	243	253	IL
3J7R_5:1881-1885_1893-1895	243	253	IL
3IZZ_E:43-48_57-59	243	253	IL
6OF6_XA:64-69_371-373	243	253	IL
8CRX_A:577-583_890-891	243	253	IL
6SPB_A:1405-1409_1568-1572	243	253	IL
8BQD_BQ:1480-1487_1507-1511	243	253	IL
6ZVK_K3:598-607_634-636	244	254	IL
6OLZ_A2:1537-1545_1551-1557	244	254	IL
7UPH_I:2535-2545_2600-2606	244	254	IL
5LKS_L5:735-742_950-958	244	254	IL
6ZLW_2:1752-1760_1779-1784	244	254	IL
7K5I_2:1752-1760_1779-1784	244	254	IL
6G5H_2:1752-1760_1779-1785	244	254	IL
7P7S_A:248-255_263-269	244	254	IL
4V8M_AA:847-861_875-879	244	254	IL
5A2Q_2:1752-1760_1779-1784	244	254	IL
5LMN_A:867-874_885-890	244	254	IL
6XYW_2:391-398_411-417	245	255	IL
6FYY_2:769-776_807-813	245	255	IL
5I4L_2:770-777_809-815	245	255	IL
7UQB_1:1239-1246_1366-1371	245	255	IL
7Z34_2:20-26_52-57	245	255	IL
7PAS_5:70-79_374-378	245	255	IL
6YWE_aa:1064-1070_1077-1085	245	255	IL
7RQE_1A:2702-2707_2712-2716	246	256	IL
6DVK_H:18-21_67-74	246	256	IL
8T8B_1A:2702-2707_2712-2716	246	256	IL
4V7H_B5:821-826_843-849	246	256	IL
7OTC_a:241-246_276-283	247	257	IL
8QBT_i:241-246_276-283	247	257	IL
7OIG_2:241-246_276-283	247	257	IL
4V85_AA:241-246_276-283	247	257	IL
5O61_A:1637-1641_1796-1799	248	258	IL
7S0S_C:1637-1641_1796-1799	248	258	IL
5O60_A:1637-1641_1796-1799	248	258	IL
6WLQ_A:15-20_29-31	248	258	IL
7Y41_A:1637-1641_1796-1799	248	258	IL
7QEP_3:460-466_758-759	249	259	IL
8P2F_A:387-392_479-480	249	259	IL
6Z6L_S2:793-799_1289-1290	249	259	IL
6SPB_A:1307-1311_1319-1321	249	259	IL
8PPK_2:463-468_490-491	249	259	IL
4M4O_B:14-22_43-44	249	259	IL
5LKS_L7:21-26_56-57	249	259	IL
7PAS_5:589-595_896-897	249	259	IL
7P48_A:1952-1957_2288-2290	249	259	IL
5V16_A:5-11_34-35	249	259	IL
6FYY_2:496-498_521-524	250	260	IL
7OIG_2:1126-1127_1143-1146	250	260	IL
4V9F_0:1897-1898_2092-2094	250	260	IL
5XXB_3:75-76_109-113	250	260	IL
6Y57_L5:1730-1731_1759-1761	250	260	IL
6UZ7_5:269-270_330-333	250	260	IL
8OO0_1:2518-2519_2909-2912	250	260	IL
4V8M_BA:1699-1703_1801-1806	251	261	IL
6OM7_S2:822-826_837-844	251	261	IL
6OLI_S2:822-826_837-844	251	261	IL
6OLE_S2:822-826_837-844	251	261	IL
6OLF_S2:822-826_837-844	251	261	IL
6OM0_S2:822-826_837-844	251	261	IL
8HFR_1e:1763-1767_1924-1928	252	262	IL
6CZR_1a:1407-1408_1450-1453	252	262	IL
8RW1_2:1684-1687_1708-1711	252	262	IL
8P2F_A:1967-1970_1977-1981	252	262	IL
7LHD_A:3173-3177_3210-3214	252	262	IL
3J3V_A:284-290_298-303	252	262	IL
6Y2L_S2:1557-1560_1596-1599	252	262	IL
5V93_A:639-645_668-674	252	262	IL
5TGA_6:190-193_200-203	252	262	IL
6OLZ_A2:1839-1844_1850-1853	252	262	IL
7Y41_A:20-25_597-602	253	263	IL
5O60_A:20-25_597-602	253	263	IL
7OTC_A:23-28_510-515	253	263	IL
7JT1_1:23-28_510-515	253	263	IL
7OIF_1:23-28_510-515	253	263	IL
7S0S_C:20-25_597-602	253	263	IL
4V6U_B1:23-28_547-552	253	263	IL
5O61_A:20-25_597-602	253	263	IL
6OM7_t:1326-1330_1348-1350	254	264	IL
6DZI_A:2902-2906_2947-2949	254	264	IL
6DZP_A:2902-2906_2947-2949	254	264	IL
7LHD_A:2273-2277_2308-2310	254	264	IL
6AZ3_1:867-870_890-893	254	264	IL
5O61_A:1929-1933_1959-1962	255	265	IL
7Y41_A:1929-1933_1959-1962	255	265	IL
5O60_A:1929-1933_1959-1962	255	265	IL
1C2W_B:2080-2082_2235-2238	255	265	IL
7S0S_C:1929-1933_1959-1962	255	265	IL
3JD5_A:586-589_694-697	255	265	IL
5LKS_S2:1066-1067_1111-1128	256	266	IL
7UNR_A:2116-2121_2153-2168	256	266	IL
8BUU_A:1803-1808_1813-1819	256	266	IL
7UPH_I:2803-2806_3096-3097	257	267	IL
5O61_A:2682-2683_2713-2716	257	267	IL
7Y41_A:2682-2683_2713-2716	257	267	IL
7S0S_C:2682-2683_2713-2716	257	267	IL
5X8P_A:2475-2476_2506-2509	257	267	IL
5O60_A:2682-2683_2713-2716	257	267	IL
4V77_AA:1156-1158_1174-1179	258	268	IL
7JT3_3:1156-1158_1174-1179	258	268	IL
7ZHG_2:1119-1121_1137-1142	258	268	IL
3J2D_N:1156-1158_1174-1179	258	268	IL
7A09_2:1205-1207_1352-1358	258	268	IL
8A3L_A:1156-1158_1174-1179	258	268	IL
4V6U_B1:578-583_639-641	259	269	IL
6N2V_A:44-52_63-64	259	269	IL
4V4N_B2:41-47_354-356	259	269	IL
1OW9_A:3-7_16-19	259	269	IL
4WFA_X:1924-1929_2228-2231	259	269	IL
6TMF_A:41-47_343-345	259	269	IL
4KQY_A:45-48_77-79	259	269	IL
7Z34_2:71-79_99-105	260	270	IL
5X8P_A:222-229_237-243	260	270	IL
7ZRS_4:71-79_99-105	260	270	IL
5I4L_7:71-79_99-105	260	270	IL
4V91_3:71-79_99-105	260	270	IL
8Q5I_3:71-79_99-105	260	270	IL
4V8T_7:71-79_99-105	260	270	IL
4V8Z_B7:71-79_99-105	260	270	IL
7UQB_3:71-79_99-105	260	270	IL
7P48_A:498-505_513-519	260	270	IL
6ZMO_L5:2002-2007_2049-2052	261	271	IL
6ZMI_L5:2002-2007_2049-2052	261	271	IL
8XSX_L5:2002-2007_2049-2052	261	271	IL
6Z6M_L5:2002-2007_2049-2052	261	271	IL
6IP6_1A:2002-2007_2049-2052	261	271	IL
6ZM7_L5:2002-2007_2049-2052	261	271	IL
6ZME_L5:2002-2007_2049-2052	261	271	IL
4U56_5:2399-2404_2416-2423	262	272	IL
5XYI_2:329-334_364-371	262	272	IL
8CRX_A:478-482_487-491	262	272	IL
7OTC_a:77-82_85-90	262	272	IL
4V91_1:1024-1029_1046-1052	262	272	IL
8P2F_A:1954-1958_1990-1994	262	272	IL
7OIF_1:1167-1170_1177-1180	263	273	IL
6TMF_A:1207-1210_1221-1224	263	273	IL
6ZVK_K3:1716-1719_1812-1815	263	273	IL
4ERL_A:15-18_66-69	263	273	IL
7UPH_I:578-582_755-759	264	274	IL
5J8A_BA:579-583_756-760	264	274	IL
8QBT_i:579-583_756-760	264	274	IL
7OIG_2:579-583_756-760	264	274	IL
7OTC_a:579-583_756-760	264	274	IL
4V85_AA:579-583_756-760	264	274	IL
6OLF_E:27-30_45-50	265	275	IL
6W6L_E:27-30_45-50	265	275	IL
6OLZ_A4:27-30_45-50	265	275	IL
6OM0_E:27-30_45-50	265	275	IL
6OLG_A4:27-30_45-50	265	275	IL
8HFR_1e:2888-2891_2905-2906	266	276	IL
6YWE_aa:1663-1665_1810-1811	266	276	IL
3JBO_AA:1904-1907_2202-2203	266	276	IL
7P48_A:1967-1970_2277-2278	266	276	IL
7PIS_3:1707-1711_2032-2033	266	276	IL
7PNW_A:111-116_132-139	267	277	IL
8QBT_A:2748-2752_2779-2783	267	277	IL
1M5K_E:22-25_54-60	267	277	IL
8EVS_B5:766-773_805-811	267	277	IL
1M5P_B:22-25_54-60	267	277	IL
5VYC_i2:1217-1219_1278-1284	268	278	IL
4UG0_S2:1217-1219_1278-1284	268	278	IL
5VYC_i3:1217-1219_1278-1284	268	278	IL
5VYC_i5:1217-1219_1278-1284	268	278	IL
5VYC_i4:1217-1219_1278-1284	268	278	IL
5VYC_i1:1217-1219_1278-1284	268	278	IL
5VYC_i6:1217-1219_1278-1284	268	278	IL
6IP5_2m:1217-1219_1278-1284	268	278	IL
5O61_A:238-244_252-257	269	279	IL
7S0S_C:1377-1383_2234-2239	269	279	IL
7S0S_C:238-244_252-257	269	279	IL
1F84_A:3-9_20-25	269	279	IL
7Y41_A:238-244_252-257	269	279	IL
5X8P_A:1283-1289_2024-2029	269	279	IL
5O60_A:238-244_252-257	269	279	IL
8I9R_C4:72-78_98-103	269	279	IL
8OIQ_B8:640-646_1005-1010	269	279	IL
7Y41_A:1377-1383_2234-2239	269	279	IL
5O60_A:1377-1383_2234-2239	269	279	IL
5O61_A:1377-1383_2234-2239	269	279	IL
7QH4_A:1758-1763_1774-1778	270	280	IL
6SPB_A:1461-1466_1501-1506	270	280	IL
6OF6_XA:1157-1160_1173-1179	270	280	IL
6SPB_A:1709-1713_1723-1728	270	280	IL
4V4G_HB:2616-2620_2648-2652	270	280	IL
6ZVJ_2:1601-1605_1638-1642	270	280	IL
4V4N_A1:1918-1923_1928-1934	271	281	IL
6YDP_AA:728-729_738-746	271	281	IL
6YDW_AA:728-729_738-746	271	281	IL
5O60_A:1868-1873_2227-2229	272	282	IL
7Y41_A:1868-1873_2227-2229	272	282	IL
7S0S_C:1868-1873_2227-2229	272	282	IL
5O61_A:1868-1873_2227-2229	272	282	IL
1C2W_B:1717-1723_1735-1740	272	282	IL
4V6U_B1:1984-1987_2016-2017	273	283	IL
3J2D_N:1058-1059_1193-1195	273	283	IL
3J2C_N:68-71_95-96	273	283	IL
4V6U_B1:1009-1011_1037-1039	273	283	IL
4V77_AA:68-71_95-96	273	283	IL
5T83_A:16-19_40-41	273	283	IL
8P2F_A:1207-1210_1221-1222	273	283	IL
7JT3_3:68-71_95-96	273	283	IL
3J2D_N:68-71_95-96	273	283	IL
7Y41_A:978-983_1023-1026	274	284	IL
5O60_A:978-983_1023-1026	274	284	IL
6WNV_4:1105-1109_1115-1119	274	284	IL
5O61_A:978-983_1023-1026	274	284	IL
6ZQA_D3:518-519_534-536	275	285	IL
4UJC_A2:1835-1837_1853-1854	275	285	IL
6DZP_A:2675-2676_2720-2722	275	285	IL
6DZI_A:2675-2676_2720-2722	275	285	IL
4D5Y_2:1835-1837_1853-1854	275	285	IL
7ZHG_2:880-881_1354-1356	275	285	IL
8SH5_R:8-10_78-80	275	285	IL
6W6P_a:1160-1163_1172-1173	275	285	IL
4V8M_BA:541-543_562-564	275	285	IL
6DZI_A:970-975_1028-1033	276	286	IL
5MYJ_BA:2738-2743_2763-2768	276	286	IL
6DZP_A:970-975_1028-1033	276	286	IL
5AJ0_B1:1562-1566_1600-1604	277	287	IL
8CRX_A:175-180_195-201	277	287	IL
6W6L_t:2372-2377_2382-2388	277	287	IL
7UNU_a:587-591_764-768	277	287	IL
7KGB_A:1583-1588_1646-1651	277	287	IL
7OIF_1:1525-1528_1541-1545	278	288	IL
7OTC_A:1525-1528_1541-1545	278	288	IL
7JT1_1:1525-1528_1541-1545	278	288	IL
7UPH_I:3019-3022_3035-3039	278	288	IL
6T3K_A:171-174_189-193	278	288	IL
8RW1_2:1386-1388_1404-1409	278	288	IL
6YSI_5:22-27_55-59	279	289	IL
6OM7_S2:537-544_574-575	280	290	IL
6OLI_S2:537-544_574-575	280	290	IL
6Y2L_S2:196-202_634-636	280	290	IL
7UPH_I:1774-1779_1859-1861	280	290	IL
7QH4_W:516-523_552-553	280	290	IL
6OLE_S2:537-544_574-575	280	290	IL
7ABF_5:13-17_62-67	280	290	IL
6QZP_S2:537-544_574-575	280	290	IL
5V8I_2A:2700-2704_2746-2748	280	290	IL
6OM0_S2:537-544_574-575	280	290	IL
6OLF_S2:537-544_574-575	280	290	IL
7OIF_1:1662-1664_1994-1996	281	291	IL
7JT1_1:1662-1664_1994-1996	281	291	IL
8RW1_2:546-548_586-588	281	291	IL
7OTC_A:1662-1664_1994-1996	281	291	IL
5X8P_A:1698-1700_2008-2010	281	291	IL
6TH6_BA:2027-2032_2043-2050	282	292	IL
6RM3_L50:1617-1622_1627-1633	282	292	IL
6Z1P_Bb:466-470_481-488	282	292	IL
6W6P_a:480-485_508-513	282	292	IL
6SKG_BA:2027-2032_2043-2050	282	292	IL
7UVZ_A:210-215_689-694	282	292	IL
7PNW_A:744-749_768-773	282	292	IL
8P2F_A:1138-1144_1260-1264	282	292	IL
4UER_A:143-148_164-170	282	292	IL
5MYJ_BA:1434-1444_1608-1620	282	292	IL
4V7H_AA:199-208_229-236	283	293	IL
5T5H_B:96-101_106-112	283	293	IL
7S0S_C:1115-1119_1271-1275	284	294	IL
7OIF_1:997-1001_1152-1156	284	294	IL
4K27_U:18-22_33-36	284	294	IL
6DME_A:10-13_39-44	284	294	IL
5X8P_A:1485-1489_1553-1558	284	294	IL
5X8P_A:1025-1029_1179-1183	284	294	IL
7JT1_1:997-1001_1152-1156	284	294	IL
5U3G_B:5-8_29-34	284	294	IL
5ZEB_A:2978-2982_3002-3006	285	295	IL
6G18_2:1622-1623_1646-1652	285	295	IL
1C2W_B:1414-1419_1577-1586	285	295	IL
5ZET_A:2978-2982_3002-3006	285	295	IL
5ZEP_A:2978-2982_3002-3006	285	295	IL
3IQN_A:43-46_55-57	286	296	IL
6FYY_2:1050-1052_1111-1117	286	296	IL
8EVS_B5:1048-1050_1109-1115	286	296	IL
6TMF_A:276-277_288-292	286	296	IL
4V4N_B2:287-288_299-303	286	296	IL
1EBS_A:4-6_21-24	286	296	IL
7S0S_C:1310-1312_1361-1364	286	296	IL
4UER_A:486-488_496-499	286	296	IL
8CRX_A:1271-1274_1285-1288	287	297	IL
7PUB_CA:96-101_122-130	287	297	IL
8RW1_2:893-897_908-915	287	297	IL
1C2W_B:702-706_723-728	287	297	IL
6HIV_CA:96-101_122-130	287	297	IL
3J2G_N:145-151_166-173	288	298	IL
3J2C_N:145-151_166-173	288	298	IL
3J28_N:145-151_166-173	288	298	IL
3J2D_N:146-151_166-172	288	298	IL
3J28_N:369-373_387-388	289	299	IL
3J2G_N:369-373_387-388	289	299	IL
3J2C_N:369-373_387-388	289	299	IL
8A3L_A:369-373_387-388	289	299	IL
3J2D_N:369-373_387-388	289	299	IL
3J3V_A:1112-1118_1212-1228	290	300	IL
7QEP_1:40-42_569-592	290	300	IL
4V8M_AA:218-235_256-267	290	300	IL
6ZVK_K3:1540-1549_1582-1591	290	300	IL
8CVM_a:1288-1294_1388-1404	290	300	IL
3J3V_B:68-79_91-102	290	300	IL
7Y41_A:2351-2364_2371-2381	290	300	IL
7CPU_S2:1755-1763_1797-1806	291	301	IL
5V8I_2A:538-541_552-565	291	301	IL
7Z3N_2:774-781_812-818	291	301	IL
5T5H_B:465-470_499-517	291	301	IL
8RW1_2:981-992_1008-1016	291	301	IL
6XYW_1:863-869_914-920	291	301	IL
8QBT_A:1859-1865_1874-1882	291	301	IL
6XYW_2:1586-1591_1669-1673	292	302	IL
3J2D_N:1245-1251_1282-1288	292	302	IL
6OLF_S2:472-476_483-487	292	302	IL
6OM7_S2:472-476_483-487	292	302	IL
8P2F_A:958-959_1060-1062	293	303	IL
8T8B_1A:921-922_1022-1024	293	303	IL
7RQE_1A:921-922_1022-1024	293	303	IL
1I9F_A:6-8_24-27	294	304	IL
1EBR_A:4-6_22-25	294	304	IL
5XXB_1:2726-2728_2735-2737	295	305	IL
4V6U_B1:2358-2359_2369-2371	295	305	IL
7PTK_B:543-545_564-566	295	305	IL
6G5H_2:1549-1551_1582-1584	295	305	IL
6XYW_2:275-276_287-291	295	305	IL
6ZLW_2:1549-1551_1582-1584	295	305	IL
7K5I_2:1549-1551_1582-1584	295	305	IL
5A2Q_2:1549-1551_1582-1584	295	305	IL
8QBT_A:1324-1330_2072-2077	296	306	IL
8Y39_a:465-472_483-489	296	306	IL
7P48_a:465-472_483-489	296	306	IL
6LQQ_SA:1117-1121_1132-1139	296	306	IL
7UPH_I:1122-1126_1142-1147	297	307	IL
8CVM_a:540-551_622-627	297	307	IL
3J3V_A:2125-2128_2682-2686	297	307	IL
4WFA_X:1298-1306_1363-1367	297	307	IL
4V6X_B2:606-615_642-644	297	307	IL
1MZP_B:5-15_48-49	297	307	IL
3IZ4_A:27-33_334-339	297	307	IL
4V8B_BA:1089-1097_1154-1158	297	307	IL
6SPE_a:1116-1120_1136-1141	297	307	IL
8UU9_a:463-464_516-520	298	308	IL
6GAW_AA:109-114_134-141	299	309	IL
4V8M_BA:1301-1310_1431-1436	299	309	IL
4UER_A:310-315_347-354	299	309	IL
8RW1_2:309-314_346-353	299	309	IL
6DZI_A:2331-2344_2396-2400	300	310	IL
6DZP_A:2331-2344_2396-2400	300	310	IL
7Y41_A:2332-2345_2397-2401	300	310	IL
7P7S_A:1955-1966_1982-1985	300	310	IL
7JT1_1:2106-2120_2176-2181	300	310	IL
4V7Z_CA:1249-1252_1271-1276	301	311	IL
7S0S_C:1562-1566_1603-1607	301	311	IL
5O61_A:1562-1566_1603-1607	301	311	IL
6ZOJ_2:523-528_560-567	301	311	IL
5O60_A:1562-1566_1603-1607	301	311	IL
7Y41_A:1561-1566_1604-1608	301	311	IL
7UPH_I:142-144_174-176	302	312	IL
5J8A_BA:143-145_175-177	302	312	IL
7S0S_C:698-702_711-715	303	313	IL
5O60_A:698-702_711-715	303	313	IL
7OTC_A:605-609_617-621	303	313	IL
5O61_A:698-702_711-715	303	313	IL
7JT1_1:605-609_617-621	303	313	IL
7OIF_1:605-609_617-621	303	313	IL
7Y41_A:698-702_711-715	303	313	IL
8CRX_A:320-321_332-336	304	314	IL
6OLG_A2:172-174_252-255	304	314	IL
6OLZ_A2:172-174_252-254	304	314	IL
3Q1R_B:178-180_197-200	304	314	IL
7KGB_A:2186-2187_2217-2220	304	314	IL
6QZP_L5:177-179_255-257	304	314	IL
4V77_AA:1122-1125_1143-1147	305	315	IL
4V8M_AA:477-479_494-496	305	315	IL
3J28_N:1122-1125_1143-1147	305	315	IL
3J2D_N:1122-1125_1143-1147	305	315	IL
3J2G_N:1122-1125_1143-1147	305	315	IL
6OLZ_B1:310-316_336-338	306	316	IL
7OTC_A:1042-1050_1107-1111	306	316	IL
7JT1_1:1042-1049_1108-1111	306	316	IL
7OIF_1:1042-1050_1107-1111	306	316	IL
3J2D_N:448-452_476-481	307	317	IL
3J2C_N:448-452_476-481	307	317	IL
3J28_N:448-452_476-481	307	317	IL
7Y41_A:2573-2576_2587-2590	308	318	IL
4V6U_B1:2581-2584_2594-2597	308	318	IL
5O61_A:2573-2576_2587-2590	308	318	IL
1E4P_A:3-6_17-20	308	318	IL
8UU6_B:21-26_57-58	308	318	IL
5O60_A:2573-2576_2587-2590	308	318	IL
7S0S_C:2573-2576_2587-2590	308	318	IL
7SFR_a:570-576_883-884	309	319	IL
7QH4_A:2141-2151_2209-2210	309	319	IL
5O61_BA:559-565_872-873	309	319	IL
7MT7_a:570-576_883-884	309	319	IL
7UPH_I:1465-1469_4336-4339	309	319	IL
6IP5_1A:4888-4892_4932-4935	310	320	IL
6IP6_1A:4888-4892_4932-4935	310	320	IL
4V6U_B1:2192-2193_2552-2555	310	320	IL
7QH4_A:1529-1531_1554-1559	310	320	IL
8BQD_BQ:1265-1272_1417-1418	310	320	IL
2RVO_A:8-11_24-25	310	320	IL
6IP8_1A:4888-4892_4932-4935	310	320	IL
5DAT_5:2744-2750_2808-2811	310	320	IL
8A3L_A:513-519_526-534	311	321	IL
7JT3_3:513-519_526-534	311	321	IL
6SPE_a:507-513_520-528	311	321	IL
4V77_AA:513-519_526-534	311	321	IL
3IYQ_A:25-33_304-311	311	321	IL
3Q1R_B:226-232_260-266	311	321	IL
8UVR_2a:512-518_525-533	311	321	IL
6OLG_B1:439-441_449-452	312	322	IL
6QZP_S2:468-470_490-493	312	322	IL
6SPB_A:2285-2287_2305-2309	312	322	IL
6XYW_1:547-549_561-564	312	322	IL
6IP6_1B:28-31_46-51	313	323	IL
6IP5_1B:28-31_46-51	313	323	IL
5XYM_A:3068-3072_3092-3096	313	323	IL
6IP8_1B:28-31_46-51	313	323	IL
4V77_AA:1055-1056_1197-1201	314	324	IL
3JBP_AB:24-25_50-54	314	324	IL
6SPE_a:1049-1050_1191-1195	314	324	IL
8A3L_A:1055-1056_1197-1201	314	324	IL
8OIN_AA:614-615_681-685	314	324	IL
6FXC_Ba:657-658_754-757	314	324	IL
7JT3_3:1055-1056_1197-1201	314	324	IL
4V8M_BG:130-134_154-158	315	325	IL
4UER_A:1093-1100_1111-1116	315	325	IL
5DAT_5:983-987_992-996	315	325	IL
4V7E_Aa:3103-3107_3127-3131	315	325	IL
7Y41_A:2328-2332_2401-2405	315	325	IL
3J3V_A:2583-2584_2642-2645	315	325	IL
8Y39_A:682-686_696-700	315	325	IL
4V6U_B1:1936-1941_1952-1959	315	325	IL
5ZET_A:2089-2093_2122-2126	316	326	IL
5ZEP_A:2089-2093_2122-2126	316	326	IL
5ZEB_A:2089-2093_2122-2126	316	326	IL
6Y0G_S2:1123-1127_1138-1145	317	327	IL
6XMG_C:26-31_59-65	317	327	IL
5XY3_1:2533-2537_2667-2673	317	327	IL
7UQB_3:31-35_40-44	318	328	IL
4V8M_BD:31-35_40-44	318	328	IL
5I4L_7:31-35_40-44	318	328	IL
5XY3_1:1804-1809_1822-1827	318	328	IL
6FXC_BB:31-35_41-45	318	328	IL
8Y39_B:31-35_41-45	318	328	IL
4V8T_7:31-35_40-44	318	328	IL
4UE5_A:63-66_277-282	318	328	IL
5T2C_AA:1340-1344_1806-1811	318	328	IL
8Q5I_3:31-35_40-44	318	328	IL
8OVE_BD:31-35_40-44	318	328	IL
7PIS_3:1096-1107_1164-1171	319	329	IL
4V6X_B2:1175-1182_1193-1198	319	329	IL
6DZI_A:237-243_251-256	320	330	IL
6DZP_A:237-243_251-256	320	330	IL
6DZP_A:1376-1382_2233-2238	320	330	IL
3JBP_AB:70-76_96-101	320	330	IL
6DZI_A:1376-1382_2233-2238	320	330	IL
2DR2_B:9-11_21-23	321	331	IL
6Z6L_L5:3971-3973_4004-4005	321	331	IL
7S0S_C:1528-1530_1803-1805	321	331	IL
6Y6X_L5:3971-3973_4004-4005	321	331	IL
6Z6N_L5:3971-3973_4004-4005	321	331	IL
6OLE_u:10-12_21-23	322	332	IL
6OM7_u:10-12_21-23	322	332	IL
6UZ7_3:10-12_21-23	322	332	IL
6GAW_AA:848-850_919-921	322	332	IL
6OM0_u:10-12_21-23	322	332	IL
4V4N_B2:404-406_414-416	322	332	IL
6W6L_u:10-12_21-23	322	332	IL
4V85_AA:1404-1406_1493-1495	322	332	IL
8QBT_i:1404-1406_1493-1495	322	332	IL
6OLI_u:10-12_21-23	322	332	IL
6OLF_u:10-12_21-23	322	332	IL
7OTC_A:42-43_433-435	323	333	IL
7Y41_A:976-977_1027-1029	323	333	IL
5LMN_A:57-59_354-355	323	333	IL
5O60_A:976-977_1027-1029	323	333	IL
2KF0_A:5-6_16-18	323	333	IL
2KUU_A:11-12_33-35	323	333	IL
7UNU_B:18-19_66-68	323	333	IL
7OIF_1:42-43_433-435	323	333	IL
6AHU_A:13-14_326-328	323	333	IL
5O61_A:976-977_1027-1029	323	333	IL
6FEC_A:833-834_923-925	323	333	IL
6SPB_A:2495-2496_2568-2570	324	334	IL
8A3L_A:772-776_802-803	324	334	IL
4V7E_Aa:1893-1896_2334-2335	324	334	IL
7UPH_I:201-205_211-212	324	334	IL
8A3L_A:201-204_211-212	324	334	IL
4V6U_B1:1824-1827_2116-2117	324	334	IL
6SPE_a:195-198_205-206	324	334	IL
4V85_AA:773-777_803-804	324	334	IL
7JT3_3:201-204_211-212	324	334	IL
5VYC_i5:942-957_969-974	325	335	IL
5VYC_i2:942-957_969-974	325	335	IL
5VYC_i4:942-957_969-974	325	335	IL
5VYC_i3:942-957_969-974	325	335	IL
4V6X_A5:1848-1850_1992-2005	325	335	IL
4UG0_S2:942-957_969-974	325	335	IL
4V4G_BA:33-37_43-47	326	336	IL
8OIQ_B8:394-398_411-415	326	336	IL
8CVM_a:2075-2079_2108-2112	326	336	IL
6XMG_C:35-38_51-55	326	336	IL
6Q95_4:256-259_291-294	326	336	IL
7ZHG_2:1076-1079_1106-1110	326	336	IL
6DZP_A:2321-2324_2407-2410	327	337	IL
6DZI_A:2321-2324_2407-2410	327	337	IL
8T2O_R:7-10_79-82	327	337	IL
5VYC_i2:1528-1536_1561-1570	328	338	IL
5VYC_i5:1528-1536_1561-1570	328	338	IL
5VYC_i4:1528-1536_1561-1570	328	338	IL
4UG0_S2:1528-1536_1561-1570	328	338	IL
5VYC_i3:1528-1536_1561-1570	328	338	IL
4V4N_A1:2320-2323_2357-2370	328	338	IL
5VYC_i1:1528-1536_1561-1570	328	338	IL
5VYC_i6:1528-1536_1561-1570	328	338	IL
6OLG_A2:380-383_394-407	329	339	IL
6OLE_t:380-383_394-407	329	339	IL
6OLZ_A2:380-383_394-407	329	339	IL
6QZP_L5:386-389_400-413	329	339	IL
6SWA_q:380-383_394-407	329	339	IL
6OLF_t:380-383_394-407	329	339	IL
6OLI_t:380-383_394-407	329	339	IL
6ZVK_e2:386-389_400-413	329	339	IL
6OM0_t:380-383_394-407	329	339	IL
6OM7_t:380-383_394-407	329	339	IL
4UG0_L7:28-29_48-51	330	340	IL
7JIL_3:27-28_48-51	330	340	IL
6ZMI_L7:28-29_48-51	330	340	IL
4V8M_BA:23-24_52-54	330	341	IL
8CVM_a:2873-2874_2938-2941	330	341	IL
5V8I_2A:1880-1881_1928-1931	330	341	IL
6Z6M_L7:28-29_48-51	330	340	IL
6CFJ_1B:30-31_51-54	330	340	IL
7LHD_A:2048-2049_2109-2111	330	341	IL
7LHD_A:672-673_758-760	330	341	IL
4E8N_A:336-337_348-351	330	341	IL
6WNV_4:1101-1102_1122-1125	330	341	IL
6ZMO_L7:28-29_48-51	330	340	IL
4V8M_BA:536-537_568-571	330	341	IL
7LHD_A:1609-1610_1643-1645	330	341	IL
8UU6_B:28-29_49-52	330	341	IL
6Z6L_L7:28-29_48-51	330	340	IL
6YSI_5:29-30_50-53	330	340	IL
7UPH_I:66-67_97-99	330	341	IL
6ZM7_L7:28-29_48-51	330	340	IL
7UVZ_A:1027-1028_1103-1105	330	341	IL
4V9P_EB:30-31_51-54	330	340	IL
6ZME_L7:28-29_48-51	330	340	IL
7P7T_B:28-29_49-52	330	340	IL
7QGH_O:30-31_51-54	330	341	IL
6Z6N_L7:28-29_48-51	330	340	IL
8PPK_2:592-593_603-605	330	341	IL
1F1T_A:5-6_28-32	330	341	IL
5O60_A:971-976_1029-1034	331	342	IL
5X8P_A:866-871_923-928	331	342	IL
5O61_A:971-976_1029-1034	331	342	IL
7S0S_C:971-976_1029-1034	331	342	IL
7Y41_A:971-976_1029-1034	331	342	IL
1M5P_B:19-22_60-62	332	343	IL
8BH7_a:1426-1429_1492-1495	332	343	IL
1M5K_E:19-22_60-62	332	343	IL
6OF6_XA:654-655_751-754	332	343	IL
1BGZ_A:3-6_18-19	332	343	IL
7LHD_A:772-776_837-841	333	344	IL
4UJC_A2:1838-1840_1851-1852	333	344	IL
7LHD_A:1487-1489_1501-1505	333	344	IL
6SPB_A:280-282_348-350	333	344	IL
4D5Y_2:1838-1840_1851-1852	333	344	IL
8HFR_1e:2541-2543_2722-2725	333	344	IL
7QH4_B:32-33_53-56	333	344	IL
5VZL_B:88-90_97-99	333	344	IL
8HFR_1e:870-871_897-899	333	344	IL
7LHD_A:2547-2549_2563-2565	333	344	IL
7LHD_A:2868-2870_2885-2887	333	344	IL
8BH7_a:599-603_651-654	333	344	IL
7UPH_I:1459-1464_4340-4346	333	344	IL
7S0S_C:2067-2071_2110-2114	334	345	IL
5MRF_A:1674-1679_1975-1977	334	345	IL
6PCT_I:1064-1069_1081-1086	334	345	IL
7Y41_A:2067-2071_2110-2114	334	345	IL
5O60_A:2067-2071_2110-2114	334	345	IL
5O61_A:2067-2071_2110-2114	334	345	IL
4V77_AA:595-596_638-641	335	346	IL
5X8P_A:615-619_629-633	336	347	IL
4UER_A:63-68_81-85	336	347	IL
8RW1_2:63-68_81-85	336	347	IL
6ZVH_2:1278-1279_1302-1308	337	348	IL
6OLE_S2:1278-1279_1302-1308	337	348	IL
6QZP_S2:1278-1279_1302-1308	337	348	IL
6OLI_S2:1278-1279_1302-1308	337	348	IL
6OM0_S2:1278-1279_1302-1308	337	348	IL
4UE5_A:180-186_211-215	338	349	IL
7D0F_A:317-321_335-340	338	349	IL
7UVV_B:20-25_53-57	338	349	IL
5O60_A:1115-1119_1271-1275	339	350	IL
7OTC_A:997-1001_1152-1156	339	350	IL
5O61_A:1115-1119_1271-1275	339	350	IL
7UPH_I:2491-2495_2646-2650	339	350	IL
7UPH_I:2844-2848_2869-2873	339	350	IL
7JT1_1:273-279_359-362	339	350	IL
2J37_Z:217-221_252-257	339	350	IL
5X8P_A:1860-1864_1900-1904	339	350	IL
7Y41_A:1115-1119_1271-1275	339	350	IL
4V7H_B5:1860-1865_1870-1876	340	351	IL
4E8N_A:160-165_216-221	340	351	IL
7OTC_A:774-776_786-790	341	352	IL
7OIF_1:774-776_786-790	341	352	IL
7UPH_I:2274-2276_2286-2290	341	352	IL
7P48_A:1705-1717_1885-1892	342	353	IL
5MYJ_BA:2296-2298_2322-2338	342	353	IL
8BUU_A:2225-2228_2262-2275	342	353	IL
6WNV_4:2239-2254_2310-2316	342	353	IL
3PLA_N:11-18_32-36	343	354	IL
6O8Z_A:1060-1066_1182-1186	343	354	IL
7QH4_A:1066-1072_1188-1192	343	354	IL
4U56_5:1461-1468_1527-1530	343	354	IL
6XZA_A1:456-460_493-498	343	354	IL
8RW1_2:1650-1653_1741-1744	344	355	IL
5X8P_A:1865-1868_1896-1899	344	355	IL
7S0S_C:622-625_645-648	344	355	IL
5O61_A:622-625_645-648	344	355	IL
5O60_A:622-625_645-648	344	355	IL
4ZNP_A:8-11_36-39	344	355	IL
7Y41_A:622-625_645-648	344	355	IL
5O61_A:788-792_913-920	345	356	IL
7P7T_B:69-73_99-103	345	356	IL
8OIQ_B8:241-245_345-352	345	356	IL
5O60_A:788-792_913-920	345	356	IL
7S0S_C:788-792_913-920	345	356	IL
7Y41_A:788-792_913-920	345	356	IL
6ZTO_AA:782-786_812-813	346	357	IL
6ZM7_L5:3960-3963_4009-4010	346	357	IL
5ZEP_A:2070-2073_2142-2143	346	357	IL
6ZME_L5:3960-3963_4009-4010	346	357	IL
5ZEB_A:2070-2073_2142-2143	346	357	IL
8QBT_A:1264-1267_1301-1303	346	357	IL
5ZET_A:2070-2073_2142-2143	346	357	IL
5MYJ_BA:2140-2143_2151-2153	346	357	IL
7P48_A:1651-1655_1664-1668	347	358	IL
7PNW_A:491-498_509-514	347	358	IL
6GAW_AA:536-540_823-827	347	358	IL
7PNW_A:297-301_395-399	347	358	IL
8HFR_1e:3165-3169_3209-3212	347	358	IL
2HUA_A:9-13_24-27	348	359	IL
1HWQ_A:4-7_22-25	348	359	IL
1Q8N_A:5-6_28-32	348	359	IL
4V7E_Aa:1896-1901_2331-2334	348	359	IL
4V6U_B1:1461-1465_1473-1475	348	359	IL
1C2W_B:874-878_897-901	349	360	IL
6TMF_A:944-946_977-980	349	360	IL
6W6P_a:964-966_1410-1414	349	360	IL
9CAI_A5:3013-3015_3203-3206	349	360	IL
8UU9_a:957-959_1402-1406	349	360	IL
6ZXD_2:1635-1636_1659-1665	349	360	IL
6W7N_A:1327-1329_1345-1350	349	360	IL
7P48_A:1782-1783_1806-1812	349	360	IL
5V7Q_B:26-27_53-57	350	361	IL
6O8X_B:25-26_52-56	350	361	IL
6DZI_B:28-29_55-59	350	361	IL
7S0S_i:28-29_55-59	350	361	IL
3JD5_A:925-927_944-946	350	361	IL
6DZP_B:28-29_55-59	350	361	IL
8QBT_i:773-777_803-804	351	362	IL
6TMF_A:716-720_746-747	351	362	IL
5J8A_BA:773-777_803-804	351	362	IL
7OIG_2:773-777_803-804	351	362	IL
4V4N_B2:727-731_757-758	351	362	IL
8BH7_a:781-785_811-812	351	362	IL
7OTC_a:773-777_803-804	351	362	IL
5V93_A:1962-1966_1993-1995	352	363	IL
5V7Q_A:1962-1966_1993-1995	352	363	IL
7KGB_A:1962-1966_1993-1995	352	363	IL
7MT3_A:1962-1966_1993-1995	352	363	IL
6TMF_A:879-882_1328-1332	352	363	IL
7QH4_W:1170-1172_1188-1194	353	364	IL
6OLG_B1:1268-1272_1295-1299	353	364	IL
6OLZ_B1:1268-1272_1295-1299	353	364	IL
3J2D_N:513-519_526-534	354	365	IL
3J28_N:513-519_526-534	354	365	IL
4V4B_B3:2269-2270_2692-2695	354	365	IL
3J2G_N:513-519_526-534	354	365	IL
6GAW_AA:81-84_96-99	355	366	IL
8Y39_a:348-349_360-364	355	366	IL
7LHD_A:3673-3674_3765-3769	355	366	IL
5LKS_S2:537-539_550-555	355	366	IL
7OIF_1:1414-1415_1581-1586	355	366	IL
4V7E_Aa:166-167_245-250	355	366	IL
7OTC_A:1414-1415_1581-1586	355	366	IL
7P48_a:348-349_360-364	355	366	IL
6OLF_t:1310-1311_1363-1365	356	367	IL
5XYU_A:415-416_427-429	356	367	IL
6OM7_t:1310-1311_1363-1365	356	367	IL
6OM0_t:1310-1311_1363-1365	356	367	IL
6OLI_t:1310-1311_1363-1365	356	367	IL
7UG6_1:1306-1307_1448-1450	356	367	IL
7SFR_a:466-467_475-477	356	367	IL
6V3B_AN1:1210-1211_1260-1262	356	367	IL
6OLE_t:1310-1311_1363-1365	356	367	IL
5MYJ_BA:706-710_831-838	357	368	IL
6DZP_A:787-791_912-919	357	368	IL
4V4N_A1:1566-1570_1593-1598	357	368	IL
6DZI_A:787-791_912-919	357	368	IL
6DZI_A:1902-1907_1912-1918	357	368	IL
6DZP_A:1902-1907_1912-1918	357	368	IL
8FW4_Z:119-123_161-165	358	369	IL
6PCT_I:612-616_624-628	358	369	IL
6XYW_1:1520-1524_1569-1573	358	369	IL
5Y36_B:27-31_40-46	358	369	IL
6PCT_I:1363-1367_1376-1380	358	369	IL
5MYJ_BA:898-902_943-946	358	369	IL
7UNR_A:1350-1354_1363-1367	358	369	IL
3BNT_A:5-8_13-17	359	370	IL
5T2C_AA:167-173_605-607	359	370	IL
6DVK_H:5-8_84-88	359	370	IL
6YDW_AA:325-332_361-362	359	370	IL
6YDP_AA:325-332_361-362	359	370	IL
6IP5_2m:167-173_605-607	359	370	IL
7OTC_a:683-687_698-705	360	371	IL
5J8A_BA:683-687_698-705	360	371	IL
4V85_AA:683-687_698-705	360	371	IL
7OIF_1:1017-1023_1139-1143	361	372	IL
7JT1_1:1017-1023_1139-1143	361	372	IL
6POM_A:36-45_67-68	361	372	IL
7OTC_A:1017-1023_1139-1143	361	372	IL
7UPH_I:2511-2517_2633-2637	361	372	IL
7Z3N_2:164-169_185-191	362	373	IL
7Y41_A:1542-1547_1621-1626	362	373	IL
6Q98_4:27-33_319-324	362	373	IL
8OO0_1:884-888_893-897	363	374	IL
7OLC_1:884-888_893-897	363	374	IL
4V4G_HB:1307-1311_1332-1336	363	374	IL
7Z3O_1:884-888_893-897	363	374	IL
6ZM7_L5:3920-3925_3937-3944	364	375	IL
6ZMI_L5:3920-3925_3937-3944	364	375	IL
6ZMO_L5:3920-3925_3937-3944	364	375	IL
6ZME_L5:3920-3925_3937-3944	364	375	IL
4V91_1:723-729_744-751	364	375	IL
8BQD_BQ:896-901_1023-1031	364	375	IL
7S0S_C:373-375_424-428	365	376	IL
7S0S_C:1540-1542_1626-1630	365	376	IL
5O60_A:373-375_424-428	365	376	IL
7Y41_A:373-375_424-428	365	376	IL
5O61_A:373-375_424-428	365	376	IL
6RM3_S60:1142-1145_1210-1214	365	376	IL
6Z6L_S2:1678-1686_1705-1710	366	377	IL
6ZMO_S2:1678-1686_1705-1710	366	377	IL
6ZMI_S2:1678-1686_1705-1710	366	377	IL
6ZME_S2:1678-1686_1705-1710	366	377	IL
6ZM7_S2:1678-1686_1705-1710	366	377	IL
6Z6M_S2:1678-1686_1705-1710	366	377	IL
6Z6N_S2:1678-1686_1705-1710	366	377	IL
6ZN5_2:1800-1804_1827-1831	366	377	IL
5O61_A:1465-1467_1493-1494	367	378	IL
7Y41_A:1465-1467_1493-1494	367	378	IL
5I4L_2:1674-1676_1761-1762	367	379	IL
7JT1_1:1350-1352_1378-1379	367	378	IL
7OTC_A:1350-1352_1378-1379	367	378	IL
4V8M_BE:72-74_84-86	367	379	IL
2ZY6_A:2-4_32-33	367	379	IL
6ZP4_2:1471-1473_1648-1649	367	379	IL
5O60_A:1465-1467_1493-1494	367	378	IL
7S0S_C:1465-1467_1493-1494	367	378	IL
7OIF_1:1350-1352_1378-1379	367	378	IL
6ZON_2:1471-1473_1648-1649	367	379	IL
6WLO_A:167-170_194-195	367	379	IL
5X8P_A:1371-1373_1399-1400	367	378	IL
4V7E_Aa:1666-1667_1771-1773	367	379	IL
6OLI_E:27-28_53-57	368	380	IL
6OLE_E:27-28_53-57	368	380	IL
5AJ0_A4:27-28_53-57	368	380	IL
6OM7_E:27-28_53-57	368	380	IL
4UJD_A4:27-28_53-57	368	380	IL
6OLE_E:72-79_99-105	369	381	IL
6OLI_E:72-79_99-105	369	381	IL
5AJ0_A4:72-79_99-105	369	381	IL
6OM7_E:72-79_99-105	369	381	IL
4UJD_A4:73-79_99-104	369	381	IL
8QBT_i:1258-1261_1272-1275	370	382	IL
5J8A_BA:1258-1261_1272-1275	370	382	IL
7OIG_2:1258-1261_1272-1275	370	382	IL
7OTC_a:1258-1261_1272-1275	370	382	IL
4V85_AA:1258-1261_1272-1275	370	382	IL
5NPM_B:5-15_73-74	370	382	IL
8BH6_a:293-294_305-309	371	383	IL
5MYJ_AA:293-294_305-309	371	383	IL
6ZS9_AA:867-870_891-894	372	384	IL
8FON_RB:35-39_45-49	372	384	IL
4V9P_EB:34-38_44-48	372	384	IL
7UNU_B:35-39_45-49	372	384	IL
7JIL_1:1814-1819_2108-2111	373	385	IL
7JT1_1:2737-2741_2761-2765	373	385	IL
5X8P_A:2755-2759_2779-2783	373	385	IL
7OTC_A:2737-2741_2761-2765	373	385	IL
7OIF_1:2737-2741_2761-2765	373	385	IL
7UPH_I:4231-4235_4255-4259	373	385	IL
6Z6N_L5:3973-3976_4003-4004	374	386	IL
6Y6X_L5:3973-3976_4003-4004	374	386	IL
6Z6L_L5:3973-3976_4003-4004	374	386	IL
4V4N_B2:957-964_984-988	375	387	IL
4V8M_BA:1611-1618_1629-1636	375	387	IL
6ZVK_K3:533-538_543-548	375	387	IL
6TMF_A:946-954_973-977	375	387	IL
4V7E_Aa:433-435_623-625	376	388	IL
6IP8_1C:118-120_130-132	376	388	IL
6ZXH_2:1564-1566_1597-1599	376	388	IL
6ZXG_2:1564-1566_1597-1599	376	388	IL
7UO5_B:20-22_57-59	376	388	IL
6ZXF_2:1564-1566_1597-1599	376	388	IL
6AHU_A:196-198_207-209	376	388	IL
6OLG_A2:164-166_260-261	376	388	IL
4V7E_Aa:2410-2411_2808-2811	377	389	IL
7JT1_1:2136-2140_2149-2153	377	389	IL
4V6W_A5:1938-1942_2032-2037	377	389	IL
5MYJ_BA:1492-1496_1546-1551	377	389	IL
6OLZ_A4:31-35_40-44	377	389	IL
6QZP_L7:31-35_40-44	377	389	IL
6Y6X_L7:31-35_40-44	377	389	IL
6OLG_A4:31-35_40-44	377	389	IL
6OLF_E:31-35_40-44	377	389	IL
6OM0_E:31-35_40-44	377	389	IL
5ZEB_A:1138-1145_1285-1286	378	390	IL
6G18_2:1818-1822_1845-1849	378	390	IL
5ZEP_A:1138-1145_1285-1286	378	390	IL
5ZET_A:1138-1145_1285-1286	378	390	IL
7S0S_C:2859-2863_2997-3005	379	391	IL
7Y41_A:2859-2863_2997-3005	379	391	IL
5O61_A:2859-2863_2997-3005	379	391	IL
8BH7_a:250-254_284-290	379	391	IL
4V61_AA:843-850_861-866	379	391	IL
4YB0_A:2-5_75-79	379	391	IL
5O60_A:2859-2863_2997-3005	379	391	IL
6ZN5_2:861-867_1357-1358	380	392	IL
6ZVJ_2:521-528_558-559	380	392	IL
7A09_2:521-528_558-559	380	392	IL
6ZVK_K3:664-670_1160-1161	381	393	IL
8RW1_2:614-620_1102-1103	381	393	IL
4UER_A:615-621_1086-1087	381	393	IL
3J28_N:1156-1160_1172-1179	382	394	IL
3J2G_N:1156-1160_1172-1179	382	394	IL
6V3B_AN1:1502-1504_1512-1513	383	395	IL
5DM6_X:1929-1932_1985-1986	383	395	IL
7LHD_A:3601-3603_3648-3649	383	395	IL
7UVZ_A:2576-2578_2589-2590	383	395	IL
8EVS_B5:1353-1355_1398-1399	383	395	IL
6SPB_A:2038-2040_2605-2606	383	395	IL
7UO5_B:31-34_45-47	383	395	IL
7QH4_A:1135-1138_1149-1150	383	395	IL
8Y39_A:2517-2519_2553-2554	383	395	IL
4GXY_A:100-102_139-141	383	395	IL
4V6U_B1:2173-2175_2730-2731	383	395	IL
1OSW_A:4-5_16-19	384	396	IL
5CCB_N:0-1_72-75	384	396	IL
7SUK_L0:495-498_544-545	384	396	IL
4UJD_A4:6-8_113-115	384	396	IL
6SKG_BA:1444-1451_1470-1474	385	397	IL
6TH6_BA:1444-1451_1470-1474	385	397	IL
8BH7_a:587-593_762-768	385	397	IL
5MYJ_AA:1438-1448_1455-1463	385	397	IL
8CVM_a:1262-1266_1418-1422	385	397	IL
3J28_N:1253-1256_1275-1280	386	398	IL
3J2G_N:1253-1256_1275-1280	386	398	IL
3J2D_N:1253-1256_1275-1280	386	398	IL
2N6T_A:3-7_35-38	387	399	IL
2LDT_A:6-9_20-24	387	399	IL
3J9M_AA:754-758_780-784	387	399	IL
7JT1_1:2806-2810_2888-2890	388	400	IL
7OTC_A:2806-2810_2888-2890	388	400	IL
7OIF_1:2806-2810_2888-2890	388	400	IL
8WID_a:1233-1237_1246-1250	389	401	IL
6DZI_A:76-80_93-100	389	401	IL
6ZVJ_2:1204-1208_1349-1357	389	401	IL
4V8P_A1:2386-2391_2402-2409	389	401	IL
6DZP_A:76-80_93-100	389	401	IL
6DZP_A:815-820_837-843	389	401	IL
7QEP_1:1196-1205_1220-1226	389	401	IL
6DZI_A:815-820_837-843	389	401	IL
5ZEY_A:33-35_321-323	390	402	IL
5LKS_L5:2014-2017_2051-2054	390	402	IL
6GB2_BA:1297-1298_1342-1344	390	402	IL
8RW1_2:699-701_735-738	390	402	IL
7Y41_A:1471-1475_1484-1488	391	403	IL
8P2F_A:2739-2743_2877-2885	391	403	IL
7S0S_C:1471-1475_1484-1488	391	403	IL
5O60_A:1471-1475_1484-1488	391	403	IL
7OTC_A:1356-1360_1369-1373	391	403	IL
7OIF_1:1356-1360_1369-1373	391	403	IL
5O61_A:1471-1475_1484-1488	391	403	IL
7JT1_1:1356-1360_1369-1373	391	403	IL
7QH4_A:1052-1059_1198-1199	392	404	IL
3J2D_N:1428-1432_1465-1468	392	404	IL
7QH4_A:893-897_979-982	392	404	IL
6RM3_L50:1600-1605_1856-1859	392	404	IL
8BH7_a:669-673_747-750	392	404	IL
7QH4_A:1360-1364_1372-1374	392	404	IL
3J28_N:1428-1432_1465-1468	392	404	IL
6O8Z_A:1357-1361_1369-1371	392	404	IL
7UPH_I:3960-3963_3973-3976	393	405	IL
8VS9_TMRN:36-39_313-316	393	405	IL
7Y41_A:2690-2693_2703-2706	393	405	IL
5O61_A:2690-2693_2703-2706	393	405	IL
7OTC_A:2466-2469_2479-2482	393	405	IL
6G5I_2:1639-1647_1648-1649	393	405	IL
5X8P_A:2483-2486_2496-2499	393	405	IL
5O60_A:2690-2693_2703-2706	393	405	IL
6CIH_A:433-438_495-501	394	406	IL
1C2W_B:81-84_96-103	394	406	IL
1R2P_A:6-9_22-27	394	406	IL
6GAW_AA:490-497_508-513	394	406	IL
3JD5_A:485-493_502-508	394	406	IL
8EVS_B5:1502-1508_1527-1532	395	407	IL
8HL5_A16S:973-980_1000-1004	395	407	IL
6Z6L_L5:4895-4900_4925-4929	395	407	IL
6Z6M_L5:4895-4900_4925-4929	395	407	IL
8XSX_L5:4895-4900_4925-4929	395	407	IL
7OLC_1:267-268_283-288	396	408	IL
8OO0_1:267-268_283-288	396	408	IL
7Z3O_1:267-268_283-288	396	408	IL
6ZXD_2:1179-1183_1194-1201	397	409	IL
6Y2L_L5:382-386_411-417	397	409	IL
7QH4_A:530-533_544-557	397	409	IL
7JT3_3:1257-1261_1270-1274	397	409	IL
5V8I_2A:208-213_222-228	397	409	IL
6ZXE_2:1179-1183_1194-1201	397	409	IL
7P7S_a:522-529_558-559	398	410	IL
6XYW_1:1005-1012_1152-1153	398	410	IL
6FYY_2:566-573_603-604	398	410	IL
8Y39_A:1994-2005_2021-2024	398	410	IL
7QV3_a:505-512_541-542	398	410	IL
5I4L_2:568-575_605-606	398	410	IL
8HL5_A23S:616-622_667-670	398	410	IL
5VYC_i2:315-318_333-336	399	411	IL
4UG0_S2:315-318_333-336	399	411	IL
5VYC_i6:315-318_333-336	399	411	IL
5VYC_i5:315-318_333-336	399	411	IL
5VYC_i1:315-318_333-336	399	411	IL
5VYC_i3:315-318_333-336	399	411	IL
4IOC_Y:72-80_99-107	400	412	IL
6POM_A:14-22_93-102	400	412	IL
5O61_B:71-79_94-102	400	412	IL
5XYM_B:72-80_95-103	400	412	IL
7S0S_i:71-79_94-102	400	412	IL
7MSM_B:69-77_92-100	400	412	IL
6Z1P_Ab:1452-1463_1479-1482	400	412	IL
7Y41_B:71-79_94-102	400	412	IL
6DZI_B:71-79_94-102	400	412	IL
5V7Q_B:69-77_92-100	400	412	IL
5O60_B:71-79_94-102	400	412	IL
6DZP_B:71-79_94-102	400	412	IL
4V7H_AA:746-751_763-767	401	413	IL
7P7S_A:905-910_963-968	401	413	IL
7LHD_A:965-970_1041-1044	401	413	IL
4U56_5:2763-2769_2827-2830	401	413	IL
7UNR_A:275-280_360-367	401	413	IL
6FEC_A:565-574_601-603	401	413	IL
5T2C_AA:802-807_1150-1155	401	413	IL
6ZON_2:1097-1102_1113-1121	402	414	IL
6ZP4_2:1097-1102_1113-1121	402	414	IL
5X2G_B:61-69_83-88	402	414	IL
8BH7_a:962-963_1236-1238	403	415	IL
5XXB_1:1484-1489_1531-1534	403	415	IL
6OLI_t:1735-1737_1770-1771	403	415	IL
6OLE_t:1735-1737_1770-1771	403	415	IL
5MYJ_BA:1934-1935_1965-1968	403	415	IL
6OLF_t:1735-1737_1770-1771	403	415	IL
6OM0_t:1735-1737_1770-1771	403	415	IL
6OM7_t:1735-1737_1770-1771	403	415	IL
7CPV_L5:1825-1828_1847-1849	404	416	IL
7LHD_A:1117-1118_1160-1162	404	416	IL
6B44_M:45-47_57-59	404	416	IL
7QGH_N:2515-2516_2580-2583	404	416	IL
6GB2_BA:286-287_331-333	404	416	IL
8BQD_BQ:2812-2813_2827-2829	404	416	IL
6FYY_2:221-222_275-278	404	416	IL
6ZVK_K3:410-412_423-428	405	417	IL
8RW1_2:361-363_374-379	405	417	IL
4UER_A:362-364_375-380	405	417	IL
6ZON_2:1360-1363_1827-1831	406	418	IL
6ZP4_2:1360-1363_1827-1831	406	418	IL
5MYJ_AA:582-586_758-762	407	419	IL
8BH6_a:581-585_758-762	407	419	IL
8WID_a:553-557_730-734	407	419	IL
7ZHG_2:456-463_493-494	408	420	IL
6ZVK_e2:3741-3746_3774-3778	408	420	IL
6SWD_2:456-463_493-494	408	420	IL
4V91_1:1364-1371_1516-1517	408	420	IL
5ZEP_A:1885-1890_2244-2246	409	421	IL
5ZEB_A:1885-1890_2244-2246	409	421	IL
5ZET_A:1885-1890_2244-2246	409	421	IL
3MUM_R:14-18_33-37	410	422	IL
3OX0_B:30-34_69-71	410	422	IL
2HUA_A:6-8_28-33	410	422	IL
4IOC_Y:35-39_45-49	410	422	IL
4V85_AA:778-782_798-802	411	423	IL
7UPH_I:777-781_797-801	411	423	IL
8QBT_i:778-782_798-802	411	423	IL
7OIG_2:778-782_798-802	411	423	IL
5J8A_BA:778-782_798-802	411	423	IL
7OTC_a:778-782_798-802	411	423	IL
6Y2L_L5:343-349_360-365	412	424	IL
7QEP_1:1427-1431_1439-1446	412	424	IL
6SWA_q:1538-1543_1553-1558	412	424	IL
6O8Z_A:1085-1093_1150-1154	412	424	IL
5DM6_X:180-184_196-203	412	424	IL
5X8P_A:1807-1813_1822-1830	412	424	IL
5DM6_X:1803-1808_1813-1819	412	424	IL
7QH4_W:696-700_711-718	412	424	IL
6DZP_A:2349-2357_2376-2381	413	425	IL
6DZI_A:2349-2357_2376-2381	413	425	IL
4V7H_AA:543-549_556-564	413	425	IL
5OA3_2:565-570_602-609	414	426	IL
6SPB_A:2675-2679_2706-2710	414	426	IL
7P7S_A:1486-1489_1604-1608	414	426	IL
4V4B_B3:1614-1618_1641-1647	415	427	IL
4V4B_B3:697-701_725-728	415	427	IL
6DZP_A:977-982_1022-1025	415	427	IL
6DZI_A:977-982_1022-1025	415	427	IL
6DZP_A:2858-2862_2996-3004	416	428	IL
6DZI_A:2858-2862_2996-3004	416	428	IL
5ZEY_A:202-204_222-224	417	429	IL
6V3B_AN1:2084-2085_2452-2455	417	429	IL
9BH5_A7:27-28_47-50	417	429	IL
6HA1_a:461-462_515-519	417	429	IL
7QV3_a:889-896_907-912	418	430	IL
6W6L_t:674-683_733-745	418	430	IL
4UER_A:1462-1469_1501-1509	418	430	IL
3J7P_S2:1422-1430_1449-1454	418	430	IL
8BH6_a:890-897_908-913	418	430	IL
8WID_a:862-869_880-885	418	430	IL
6PCT_I:245-251_259-264	418	430	IL
7P7S_A:1090-1098_1155-1159	419	431	IL
6O8Z_A:918-923_941-945	419	431	IL
3J7P_S2:549-555_562-570	419	431	IL
8HL5_A16S:860-867_878-883	419	431	IL
7QH4_W:900-907_918-923	419	431	IL
8UVR_2a:156-161_176-182	419	431	IL
8Q5I_A:965-972_1003-1009	419	431	IL
8BH7_a:446-447_501-505	420	432	IL
3J2C_N:438-439_491-495	420	432	IL
3J28_N:438-439_491-495	420	432	IL
6Z6M_L5:291-296_305-311	421	433	IL
6V3B_AN1:1276-1282_2025-2030	421	433	IL
5Y7M_D:15-22_27-31	421	433	IL
2HOJ_A:15-16_33-40	421	433	IL
2HOL_A:15-16_33-40	421	433	IL
6Y6X_L5:291-296_305-311	421	433	IL
6Z6L_L5:291-296_305-311	421	433	IL
7OLC_1:667-673_686-693	422	434	IL
7CPU_S2:1494-1502_1525-1531	422	434	IL
6SPB_A:2095-2108_2166-2170	422	434	IL
7Z3O_1:667-673_686-693	422	434	IL
8OO0_1:667-673_686-693	422	434	IL
4V91_1:273-280_288-294	422	434	IL
9CAI_A5:924-926_1140-1144	423	435	IL
6IP5_1A:4731-4733_4748-4752	423	435	IL
6IP6_1A:4731-4733_4748-4752	423	435	IL
6G18_2:573-578_610-617	424	436	IL
5OPT_E:1985-1995_2018-2026	424	436	IL
5AJ0_B1:519-524_556-563	424	436	IL
8QBT_A:1912-1920_1944-1952	424	436	IL
7A09_2:1401-1410_1442-1452	424	436	IL
5MYJ_AA:682-689_700-710	424	436	IL
6G18_2:1022-1029_1063-1069	424	436	IL
5AJ0_A4:29-32_47-52	425	437	IL
6OLE_E:29-32_47-52	425	437	IL
6OM7_E:29-32_47-52	425	437	IL
6OLI_E:29-32_47-52	425	437	IL
6ZON_2:712-715_727-730	426	438	IL
6ZP4_2:712-715_727-730	426	438	IL
7QGH_N:1674-1679_1995-1998	427	439	IL
4FRG_X:5-14_75-77	427	439	IL
6WNV_4:1802-1807_2123-2126	427	439	IL
7UG6_1:2220-2225_2684-2686	427	439	IL
4DS6_A:331-338_351-356	428	440	IL
8BQD_BQ:2915-2922_2950-2959	428	440	IL
6UZ7_5:2883-2890_2918-2927	428	440	IL
6HIV_CA:219-225_254-255	429	441	IL
7PUB_CA:219-225_254-255	429	441	IL
6GAW_AA:229-236_265-266	429	441	IL
7UPH_I:2967-2971_3006-3010	430	442	IL
8VS9_TMRN:40-44_305-312	430	442	IL
7OTC_A:1473-1477_1512-1516	430	442	IL
6ZVK_K3:1046-1050_1066-1070	430	442	IL
7JT1_1:1473-1477_1512-1516	430	442	IL
7OIF_1:1473-1477_1512-1516	430	442	IL
6TMF_A:1379-1382_1411-1414	430	442	IL
7P7T_B:73-77_95-99	430	442	IL
6ZVH_2:1620-1625_1647-1654	431	443	IL
6Q97_4:158-161_174-177	431	443	IL
6FYY_2:1555-1559_1582-1586	431	443	IL
7JT3_3:1122-1125_1143-1147	431	443	IL
4V8M_BA:529-536_571-579	432	444	IL
6XYW_1:208-214_222-227	432	444	IL
5MYJ_BA:2636-2641_2775-2784	433	445	IL
8CDV_A:964-969_1000-1007	433	445	IL
2NZ4_P:95-101_118-125	433	445	IL
3G96_Q:95-101_118-125	433	445	IL
3G8S_Q:95-101_118-125	433	445	IL
5XXB_1:1463-1466_1586-1587	434	446	IL
7PAS_5:385-387_410-411	434	446	IL
4V6U_B1:997-998_1048-1050	434	446	IL
8Q5I_1:1152-1154_1165-1166	434	446	IL
4V7E_Aa:2772-2774_2788-2789	434	446	IL
5XXU_2:560-562_577-579	434	446	IL
5XYU_A:407-409_432-433	434	446	IL
6FYY_2:81-86_99-103	435	447	IL
8BH7_a:1313-1319_1338-1344	435	447	IL
7OIF_1:187-192_201-207	435	447	IL
5O61_A:186-191_200-206	435	447	IL
7S0S_C:186-191_200-206	435	447	IL
7OTC_A:187-192_201-207	435	447	IL
5X8P_A:172-177_186-192	435	447	IL
7Y41_A:186-191_200-206	435	447	IL
7JT1_1:187-192_201-207	435	447	IL
5O60_A:186-191_200-206	435	447	IL
4Y1M_B:6-13_94-99	436	448	IL
8BUU_A:821-826_843-849	436	448	IL
6N2V_A:6-13_87-92	436	448	IL
5O61_A:1433-1437_1445-1447	437	449	IL
7Y41_A:1433-1437_1445-1447	437	449	IL
4V8M_BE:17-22_195-198	437	449	IL
7S0S_C:1433-1437_1445-1447	437	449	IL
5O60_A:1433-1437_1445-1447	437	449	IL
7LHD_A:1603-1607_1648-1650	437	449	IL
4V91_1:223-228_237-243	438	450	IL
6ZXD_2:1639-1650_1652-1656	438	450	IL
6DZI_A:1320-1327_1347-1351	438	450	IL
4UG0_L5:1440-1445_1454-1459	438	450	IL
6Q9A_4:145-150_163-168	438	450	IL
5MYJ_BA:1797-1803_1812-1820	438	450	IL
6DZP_A:1320-1327_1347-1351	438	450	IL
6ZU5_S60:86-93_96-100	438	450	IL
7K5I_2:1806-1810_1833-1837	439	451	IL
6G5H_2:1806-1810_1833-1837	439	451	IL
6ZLW_2:1806-1810_1833-1837	439	451	IL
5A2Q_2:1806-1810_1833-1837	439	451	IL
7PUA_CA:216-221_242-250	440	452	IL
4V8M_BF:21-31_49-54	440	452	IL
6ZVK_K3:1549-1557_1576-1582	440	452	IL
3J2G_N:438-440_490-495	441	453	IL
3J2D_N:438-440_490-495	441	453	IL
5XYM_A:2983-2988_2993-2997	442	454	IL
5AJ0_A2:4821-4828_4833-4839	442	454	IL
6SKG_BA:2858-2864_2869-2874	442	454	IL
6TH6_BA:2858-2864_2869-2874	442	454	IL
8CDV_A:413-415_517-518	443	455	IL
5MRF_A:245-247_273-275	443	455	IL
7P7S_A:2088-2090_2463-2464	443	455	IL
6G18_2:651-653_668-670	443	455	IL
5XXB_1:2918-2920_3318-3319	443	455	IL
4DS6_A:340-342_347-349	443	455	IL
6FXC_Ba:1135-1138_1147-1148	443	455	IL
7UQB_1:2888-2891_2901-2904	443	455	IL
8EUG_1:2910-2913_2959-2960	443	455	IL
4V6X_A5:2361-2363_2374-2375	443	455	IL
5MYJ_AA:1263-1265_1270-1272	443	455	IL
4V6U_B1:1131-1135_1291-1295	444	456	IL
4V6U_B1:696-701_713-717	444	456	IL
3JD5_A:295-299_390-394	444	456	IL
4V6U_B1:1180-1192_1243-1251	445	457	IL
6IP6_2m:1407-1417_1436-1443	445	457	IL
5LKS_S2:1407-1421_1430-1442	445	457	IL
6IP5_2m:1407-1417_1436-1442	445	457	IL
6IP8_2m:1407-1417_1434-1442	445	457	IL
3J2D_N:45-50_357-359	446	458	IL
7LHD_A:483-486_509-512	446	458	IL
6ZVK_K3:1269-1272_1509-1511	446	458	IL
6UZ7_5:1564-1568_1576-1578	446	458	IL
4V4G_HB:2279-2282_2293-2296	446	458	IL
4V6U_B1:2571-2574_2604-2608	446	458	IL
4V8M_BE:35-38_173-175	446	458	IL
6V3B_AN1:2119-2120_2197-2199	446	458	IL
6E7L_A:3-5_16-18	446	458	IL
4V91_1:871-875_887-891	446	458	IL
5MWI_A:1-3_22-24	446	458	IL
7UPH_I:1484-1486_4300-4304	447	459	IL
6OLE_S2:1272-1275_1311-1314	447	459	IL
4V6U_B1:1014-1018_1032-1035	447	459	IL
6OLI_S2:1272-1275_1311-1314	447	459	IL
7Z3N_2:1499-1506_1538-1546	448	460	IL
5T2C_A:1258-1263_1318-1333	448	460	IL
4UG0_L5:1257-1263_1318-1334	448	460	IL
6XYW_1:485-488_499-514	448	460	IL
7UVZ_A:659-662_674-687	448	460	IL
7JIL_1:399-417_501-504	448	460	IL
7P7S_a:310-311_322-326	449	461	IL
7QV3_a:292-293_304-308	449	461	IL
6G5H_2:1293-1295_1354-1360	450	462	IL
6ZLW_2:1293-1295_1354-1360	450	462	IL
5A2Q_2:1293-1295_1354-1360	450	462	IL
5DAT_5:2838-2839_2849-2851	451	463	IL
6ZXF_2:534-536_549-550	451	463	IL
6ZXH_2:534-536_549-550	451	463	IL
6GB2_BA:905-906_915-918	451	463	IL
6ZXG_2:534-536_549-550	451	463	IL
7P7S_a:427-434_445-451	452	464	IL
5MYJ_AA:409-418_428-435	452	464	IL
7QV3_a:409-416_427-433	452	464	IL
8BH6_a:410-417_428-434	452	464	IL
4V7E_Aa:521-527_549-554	453	465	IL
4V8M_BB:633-645_676-679	453	465	IL
7QEP_1:731-736_753-759	453	465	IL
5DM6_X:315-322_330-336	453	465	IL
6Q9A_4:29-36_316-322	453	465	IL
7CPU_S2:825-831_838-846	453	465	IL
5V93_A:1571-1576_1657-1664	453	465	IL
4L81_A:23-26_45-47	454	466	IL
4V6U_B1:262-265_293-294	454	466	IL
4V4N_B2:966-968_980-982	454	466	IL
4OQU_A:23-26_45-47	454	466	IL
6SPB_A:1839-1847_1871-1879	455	467	IL
5MRF_aa:771-777_784-792	455	467	IL
7OYC_22:905-912_919-928	455	467	IL
7LHD_A:3474-3480_3501-3506	455	467	IL
7D0G_A:286-291_313-326	455	467	IL
4V7H_B5:113-121_144-152	455	467	IL
7Z3N_2:914-920_931-940	455	467	IL
6AHD_B:6-9_66-73	456	468	IL
6AH0_B:6-9_66-73	456	468	IL
5O9Z_5:6-9_66-73	456	468	IL
7ABI_5:6-9_66-73	456	468	IL
7ABG_5:6-10_65-73	456	468	IL
5FK5_A:16-20_30-37	457	469	IL
5FJ1_E:2-6_15-22	457	469	IL
5FJ4_D:2-6_25-32	457	469	IL
5FK2_A:16-20_30-37	457	469	IL
3GX6_A:16-20_30-37	457	469	IL
5O60_A:2053-2056_2125-2126	458	470	IL
7JT1_1:1836-1839_1901-1902	458	470	IL
7OIF_1:1836-1839_1901-1902	458	470	IL
5X8P_A:1846-1849_1915-1916	458	471	IL
5O61_A:2053-2056_2125-2126	458	470	IL
6DZI_A:2052-2055_2124-2125	458	471	IL
8OIQ_B8:879-882_897-898	458	471	IL
7S0S_C:2053-2056_2125-2126	458	470	IL
6DLS_A:20-21_38-40	458	471	IL
7OTC_A:1836-1839_1901-1902	458	470	IL
7JIL_2:962-964_1242-1244	458	471	IL
3J2D_N:1127-1130_1140-1141	458	471	IL
6Y2L_L7:28-30_45-47	458	471	IL
7Y41_A:2053-2056_2125-2126	458	470	IL
6OLG_A2:170-172_255-256	458	471	IL
4V6U_B1:1975-1978_2025-2026	458	471	IL
8BVJ_B:24-26_45-47	458	471	IL
6DZP_A:2052-2055_2124-2125	458	471	IL
8Y39_a:625-631_937-938	459	472	IL
6RM3_S60:391-398_428-429	459	472	IL
6ZCE_A:1305-1311_1338-1340	459	472	IL
7P48_a:625-631_937-938	459	472	IL
7OIF_1:1003-1010_1149-1150	459	472	IL
7OTC_A:1003-1010_1149-1150	459	472	IL
7JT1_1:1003-1010_1149-1150	459	472	IL
4PDB_I:13-14_23-26	460	473	IL
7OTC_a:596-597_639-642	460	473	IL
8QBT_i:596-597_639-642	460	473	IL
4V4B_B3:2776-2777_2794-2797	460	473	IL
5J8A_BA:596-597_639-642	460	473	IL
1I6U_C:11-12_23-26	460	473	IL
1I6U_D:11-12_23-26	460	473	IL
5XY3_1:2411-2412_2475-2478	460	473	IL
4V4N_B2:549-550_593-596	460	473	IL
8BH7_a:604-605_647-650	460	473	IL
4V8M_BG:45-52_57-63	461	474	IL
4V6U_B1:1404-1410_2134-2139	461	474	IL
5T2A_D:71-78_98-104	461	474	IL
4V7E_Aa:1446-1452_2352-2357	461	474	IL
4V6W_A7:71-77_97-102	461	474	IL
4V8M_BD:70-77_97-103	461	474	IL
1KP7_A:10-11_20-22	462	475	IL
7UPH_I:586-588_647-649	462	475	IL
6SPB_A:1522-1526_1527-1528	462	475	IL
6OLF_t:1955-1957_1970-1972	462	475	IL
7JT1_1:1061-1063_1073-1075	462	475	IL
6OLI_t:1955-1957_1970-1972	462	475	IL
6OM7_t:1955-1957_1970-1972	462	475	IL
8SA5_A:17-19_38-40	462	475	IL
6ZN5_2:1602-1604_1634-1636	462	475	IL
5J8A_BA:1123-1126_1144-1148	463	476	IL
6O8Z_A:78-82_100-107	463	476	IL
7OTC_a:1123-1126_1144-1148	463	476	IL
8QBT_i:1123-1126_1144-1148	463	476	IL
4V61_AA:1363-1365_1447-1450	463	476	IL
8Q5I_1:2684-2686_2859-2862	463	476	IL
4V85_AA:1123-1126_1144-1148	463	476	IL
8Q5I_A:345-350_521-525	463	476	IL
5V8I_2A:1079-1085_1179-1194	464	477	IL
8PPK_2:854-882_883-884	464	477	IL
4V6X_A5:2705-2715_2809-2823	464	477	IL
8UU5_A:345-353_426-427	464	477	IL
4V4N_B2:1075-1083_1101-1108	464	477	IL
4V6W_A5:3880-3894_3913-3923	464	477	IL
8Q5I_1:1474-1484_1578-1592	464	477	IL
4V4B_B3:1280-1292_1386-1400	464	477	IL
7RQE_1A:1107-1113_1207-1222	464	477	IL
8EUG_1:2288-2292_2478-2498	464	477	IL
8T8B_1A:1107-1113_1207-1222	464	477	IL
4V6U_B1:1137-1144_1288-1289	465	478	IL
4V5O_BA:48-54_430-432	465	478	IL
4V8M_AA:745-753_797-801	465	478	IL
6DZI_A:1569-1575_1592-1598	466	479	IL
6DZP_A:1569-1575_1592-1598	466	479	IL
7Y41_A:1570-1575_1594-1600	466	479	IL
7OTC_A:238-244_252-257	467	480	IL
7OIF_1:238-244_252-257	467	480	IL
7UPH_I:4145-4151_4156-4161	467	480	IL
6ZU5_L50:175-180_189-195	467	480	IL
7JT1_1:238-244_252-257	467	480	IL
8OIQ_B8:1454-1460_1465-1470	467	480	IL
7UPH_I:1738-1744_1752-1757	467	480	IL
6IP6_2m:1730-1734_1757-1761	468	481	IL
4ZNP_B:18-29_40-43	468	481	IL
5XYM_A:1248-1254_1348-1364	468	481	IL
4V8M_BB:1133-1148_1160-1162	469	482	IL
7JIL_1:1916-1922_1931-1939	469	482	IL
6OLZ_B1:555-561_568-576	469	482	IL
9CAI_A5:2747-2752_2763-2770	469	482	IL
3J3V_A:2195-2198_2232-2245	469	482	IL
7JT1_1:1650-1655_2003-2005	470	483	IL
7JIL_1:1005-1010_1050-1053	470	483	IL
5X8P_A:1686-1691_2017-2019	470	483	IL
7OIF_1:1650-1655_2003-2005	470	483	IL
7OTC_A:1650-1655_2003-2005	470	483	IL
7UPH_I:3144-3149_3497-3499	470	483	IL
7RQE_1A:2346-2348_2366-2370	471	484	IL
2LPS_A:7-8_23-26	471	484	IL
8T8B_1A:2346-2348_2366-2370	471	484	IL
5X8P_A:1339-1343_1351-1353	472	485	IL
4V6U_B1:1575-1578_1732-1735	472	485	IL
5B2Q_B:75-79_87-89	472	485	IL
5B2O_B:75-79_87-89	472	485	IL
7P48_a:1507-1511_1512-1513	473	486	IL
7PNW_A:838-840_921-924	473	486	IL
8Y39_a:1507-1511_1512-1513	473	486	IL
4V7E_Ac:63-65_92-95	474	487	IL
7QH4_A:2085-2087_2643-2646	474	487	IL
8A3L_A:931-933_1378-1382	474	487	IL
4V85_AA:932-934_1379-1383	474	487	IL
3IYQ_A:139-141_154-157	474	487	IL
7LHD_A:2681-2686_2762-2768	475	488	IL
1X8W_D:221-223_243-250	475	488	IL
4V7E_Aa:2824-2831_2859-2868	475	488	IL
7OIF_1:843-846_932-933	476	489	IL
7OTC_A:843-846_932-933	476	489	IL
6ZOK_2:958-959_963-965	476	489	IL
7JT1_1:843-846_932-933	476	489	IL
5MYJ_BA:2125-2128_2162-2175	477	490	IL
1C2W_B:2128-2135_2154-2158	477	490	IL
5V93_A:298-306_315-320	477	490	IL
5V7Q_A:298-306_315-320	477	490	IL
6DZP_A:2874-2880_2885-2890	478	491	IL
4WFA_X:958-963_980-986	478	491	IL
6DZI_A:2874-2880_2885-2890	478	491	IL
6ZXH_2:1169-1173_1184-1191	479	492	IL
6ZXF_2:1169-1173_1184-1191	479	492	IL
6ZXG_2:1169-1173_1184-1191	479	492	IL
5LMN_A:407-414_425-431	480	493	IL
6DZP_A:2071-2076_2103-2108	480	493	IL
8SA6_A:92-96_143-149	480	493	IL
5ZEY_A:38-43_311-319	480	493	IL
6DZI_A:2071-2076_2103-2108	480	493	IL
7QGH_N:2658-2663_2668-2672	480	493	IL
5V7Q_A:2991-2995_3015-3019	481	494	IL
7KGB_A:2991-2995_3015-3019	481	494	IL
5ZEP_a:598-603_623-626	481	494	IL
7MT3_A:2991-2995_3015-3019	481	494	IL
5O61_A:1135-1141_1257-1262	482	495	IL
5X8P_A:1045-1051_1166-1170	482	495	IL
5O60_A:1135-1141_1257-1262	482	495	IL
7Y41_A:1135-1141_1257-1262	482	495	IL
7S0S_C:1135-1141_1257-1262	482	495	IL
5V7Q_A:2187-2198_2214-2217	483	496	IL
4V6U_B1:1556-1561_1736-1745	483	496	IL
5V93_A:2187-2198_2214-2217	483	496	IL
6SPD_A:1956-1967_1983-1986	483	496	IL
5V7Q_A:1901-1906_2257-2259	484	497	IL
6OLZ_A2:2256-2261_2580-2582	484	497	IL
6W6L_t:2519-2524_2549-2551	484	497	IL
7KGB_A:1901-1906_2257-2259	484	497	IL
6SPB_A:1642-1647_1992-1994	484	497	IL
8WID_a:60-63_92-93	485	498	IL
7OYC_22:453-455_633-635	485	498	IL
5MYJ_BA:896-897_947-949	485	498	IL
7PAS_5:53-56_572-573	485	498	IL
5ZEP_a:1045-1048_1199-1200	485	498	IL
6ZME_S2:1170-1174_1200-1201	486	499	IL
6Z6N_S2:1170-1174_1200-1201	486	499	IL
6Z6L_S2:1170-1174_1200-1201	486	499	IL
6ZMO_S2:1170-1174_1200-1201	486	499	IL
6Z6M_S2:1170-1174_1200-1201	486	499	IL
6ZMI_S2:1170-1174_1200-1201	486	499	IL
6ZM7_S2:1170-1174_1200-1201	486	499	IL
6ZSE_AA:835-838_857-860	487	500	IL
5O61_A:2520-2522_2540-2544	487	500	IL
7Y41_A:2520-2522_2540-2544	487	500	IL
4V7E_Aa:2421-2423_2606-2609	487	500	IL
5O60_A:2520-2522_2540-2544	487	500	IL
7LHD_A:3952-3954_4039-4043	487	500	IL
7S0S_C:2520-2522_2540-2544	487	500	IL
4V7E_Aa:2668-2670_2688-2692	487	500	IL
4V6U_B1:2410-2412_2430-2434	487	500	IL
7QH4_A:1457-1464_1631-1634	487	500	IL
7JT3_3:1301-1305_1328-1332	488	501	IL
3IYR_A:20-23_313-316	488	501	IL
4V77_AA:1301-1305_1328-1332	488	501	IL
6SPE_a:1295-1299_1322-1326	488	501	IL
8A3L_A:1301-1305_1328-1332	488	501	IL
4V6U_B3:23-24_50-54	489	502	IL
4V8P_C3:25-26_51-55	489	502	IL
5T2A_D:26-27_52-56	489	502	IL
8CRX_b:27-28_54-58	489	502	IL
4V4N_A3:23-24_50-54	489	502	IL
6FXC_BB:25-26_52-56	489	502	IL
8Y39_B:25-26_52-56	489	502	IL
5O60_A:1657-1660_1770-1774	490	503	IL
5O61_A:1657-1660_1770-1774	490	503	IL
7S0S_C:1657-1660_1770-1774	490	503	IL
7Y41_A:1657-1660_1770-1774	490	503	IL
8OIQ_B8:1329-1332_1400-1404	490	503	IL
7MT3_A:988-992_1073-1077	491	504	IL
7KGB_A:988-992_1073-1077	491	504	IL
6FEC_A:955-959_975-979	491	504	IL
8OIQ_B8:1064-1065_1260-1263	492	505	IL
7S0S_C:2292-2293_2661-2664	492	505	IL
7Y41_A:2292-2293_2661-2664	492	505	IL
5V8I_2A:2100-2101_2458-2461	492	505	IL
5O60_A:2292-2293_2661-2664	492	505	IL
5O61_A:2292-2293_2661-2664	492	505	IL
6ZM7_L5:4892-4897_4922-4926	493	506	IL
3J7P_S2:537-546_573-575	493	506	IL
4V7Z_CA:1297-1301_1324-1328	493	506	IL
6ZP4_2:1561-1569_1570-1571	493	506	IL
6ZMI_L5:4892-4897_4922-4926	493	506	IL
6ZMO_L5:4892-4897_4922-4926	493	506	IL
6ZME_L5:4892-4897_4922-4926	493	506	IL
4V4G_HB:1786-1795_1817-1826	494	507	IL
7OTC_A:273-279_359-362	494	507	IL
6W77_A:468-472_505-510	494	507	IL
8Y39_A:274-281_289-295	494	507	IL
6Y2L_S2:1077-1081_1170-1177	494	507	IL
8BH7_a:70-79_88-97	494	507	IL
7OLC_1:1834-1840_1850-1856	494	507	IL
7Z3O_1:1834-1840_1850-1856	494	507	IL
6OLZ_A2:2389-2394_2406-2413	494	507	IL
4V7Z_CA:417-424_435-441	494	507	IL
6AWB_A:609-615_622-630	494	507	IL
5DM6_X:1170-1173_1187-1190	494	507	IL
8OO0_1:1834-1840_1850-1856	494	507	IL
5E7K_3K:50-52_61-62	495	508	IL
6Y2L_S2:614-616_623-625	495	508	IL
7OTC_a:1128-1131_1141-1142	495	508	IL
7LHD_A:2076-2078_2084-2086	495	508	IL
4WFA_X:491-493_500-502	495	508	IL
4V6U_B1:171-172_200-202	495	508	IL
3J9M_AA:880-882_899-901	495	508	IL
2YIF_X:13-15_27-28	495	508	IL
7LHD_A:1410-1411_1438-1440	495	508	IL
4V8M_BA:614-616_664-665	495	508	IL
5AJ0_B1:1082-1083_1179-1182	495	508	IL
6ZXH_2:828-834_841-849	496	509	IL
8PPK_2:1049-1053_1064-1071	496	509	IL
6ZXG_2:828-834_841-849	496	509	IL
6ZVJ_2:533-539_546-554	496	509	IL
7A09_2:533-539_546-554	496	509	IL
5A2Q_2:1743-1751_1785-1794	496	509	IL
6ZXF_2:828-834_841-849	496	509	IL
7MT3_A:2720-2723_2733-2736	497	510	IL
6Q9A_4:255-258_271-274	497	510	IL
7KGB_A:2720-2723_2733-2736	497	510	IL
5V7Q_A:2720-2723_2733-2736	497	510	IL
8CVM_a:1353-1356_1363-1366	497	510	IL
4V8P_A1:1166-1168_1178-1182	497	510	IL
7QV3_a:440-441_494-498	497	510	IL
4V6U_B1:597-601_625-628	498	511	IL
6W6P_a:1446-1449_1512-1515	498	511	IL
8UU9_a:1438-1441_1504-1507	498	511	IL
6IP5_1A:290-297_304-312	499	512	IL
7OYC_22:1570-1580_1603-1611	499	512	IL
7CPU_S2:573-578_610-617	499	512	IL
6IP8_1A:290-297_304-312	499	512	IL
6ZVK_K3:241-245_273-276	500	513	IL
6ZU5_S60:1028-1030_1149-1155	500	513	IL
7JIL_2:1417-1421_1494-1499	500	513	IL
4V8M_BA:605-607_670-677	500	513	IL
7QH4_A:1091-1099_1156-1160	501	514	IL
6XYW_1:887-890_892-896	502	515	IL
4U56_5:1257-1261_1277-1279	502	515	IL
5T2A_2:145-150_172-174	502	515	IL
6XZA_A1:158-163_178-184	503	516	IL
5O61_BA:155-160_175-181	503	516	IL
7SFR_a:154-159_174-180	503	516	IL
7MT7_a:154-159_174-180	503	516	IL
5LKS_L5:293-300_307-315	504	517	IL
7KGB_A:1354-1361_1380-1384	504	517	IL
7MT3_A:1354-1361_1380-1384	504	517	IL
8BH7_a:255-259_281-283	505	518	IL
7K5I_2:1597-1600_1650-1652	505	518	IL
6ZLW_2:1597-1600_1650-1652	505	518	IL
6DZP_A:19-24_596-601	506	519	IL
6DZI_A:19-24_596-601	506	519	IL
6SPD_A:1284-1291_2033-2039	507	520	IL
6ZXE_2:1035-1042_1076-1082	507	520	IL
9BH5_B2:1346-1353_1364-1369	507	520	IL
6ZXD_2:1035-1042_1076-1082	507	520	IL
9CAI_A5:1996-2002_2944-2949	507	520	IL
6SPD_A:2708-2713_2740-2745	508	521	IL
4UG0_L5:1893-1895_1905-1909	508	521	IL
6SPB_A:1402-1405_1572-1579	508	521	IL
5T5H_A:120-121_141-146	508	521	IL
6ZOJ_2:1572-1573_1596-1602	508	521	IL
7S0S_C:2961-2965_2985-2989	509	522	IL
7Y41_A:2961-2965_2985-2989	509	522	IL
5O60_A:2961-2965_2985-2989	509	522	IL
5O61_A:2961-2965_2985-2989	509	522	IL
4V4G_HB:2760-2762_2799-2802	510	523	IL
5ZEP_A:2707-2710_2720-2723	510	523	IL
5ZEB_A:2707-2710_2720-2723	510	523	IL
8BUU_A:1786-1791_2091-2094	510	523	IL
5ZET_A:2707-2710_2720-2723	510	523	IL
4WFA_X:487-490_503-506	511	524	IL
7OTC_A:2080-2082_2235-2238	511	524	IL
7OIF_1:2080-2082_2235-2238	511	524	IL
7UPH_I:3574-3576_3729-3732	511	524	IL
7JT1_1:2080-2082_2235-2238	511	524	IL
4Q9R_R:10-13_70-73	512	525	IL
6GAW_AA:628-631_651-654	512	525	IL
4KZE_R:10-13_70-73	512	525	IL
6OF6_XA:504-511_540-541	513	526	IL
8BH7_a:511-518_547-548	513	526	IL
6ZVK_K3:40-46_478-480	514	527	IL
6FYY_2:59-65_447-449	514	527	IL
4UER_A:41-47_430-432	514	527	IL
6ZVJ_2:40-46_401-403	514	527	IL
6ZMI_L5:4041-4052_4068-4071	515	528	IL
6ZME_L5:4041-4052_4068-4071	515	528	IL
6ZMO_L5:4041-4052_4068-4071	515	528	IL
6ZM7_L5:4041-4052_4068-4071	515	528	IL
7UNR_A:852-857_910-915	516	529	IL
4V5O_BA:563-569_576-584	516	529	IL
5V8I_2A:1741-1746_1751-1757	516	529	IL
6G5I_2:1032-1039_1073-1079	516	529	IL
5A2Q_2:332-346_377-384	516	529	IL
4V6X_B2:618-624_631-639	516	529	IL
7D7V_A:4-13_50-51	517	530	IL
6UFG_A:127-135_163-164	517	530	IL
4V7E_Aa:2836-2840_2850-2854	517	530	IL
4V7E_Aa:2271-2282_2298-2301	517	530	IL
4MEG_B:65-76_116-119	517	530	IL
4V6U_B1:1827-1832_2113-2116	517	530	IL
7JT1_1:2069-2070_2437-2440	518	531	IL
7OIF_1:2069-2070_2437-2440	518	531	IL
5X8P_A:2083-2084_2454-2457	518	531	IL
7QDU_Q:369-371_385-387	518	531	IL
7OTC_A:2069-2070_2437-2440	518	531	IL
7UPH_I:3426-3427_3457-3460	518	531	IL
7LHD_A:2993-2995_3391-3393	518	531	IL
7UNU_a:447-448_500-504	519	532	IL
5X8P_A:1453-1455_1590-1593	519	532	IL
6ZMW_A:586-588_603-605	519	532	IL
6RM3_L50:366-367_378-383	520	533	IL
4V6X_A5:3638-3643_3648-3654	520	533	IL
4QKA_A:27-31_96-100	520	533	IL
6GAW_AA:867-869_896-901	520	533	IL
5DAT_5:949-952_965-969	520	533	IL
3JB9_C:21-22_86-92	520	533	IL
3JBP_A:1011-1014_1446-1450	520	533	IL
6GAW_AA:558-559_709-711	521	534	IL
3JD5_A:553-554_704-706	521	534	IL
6DTD_C:14-15_21-23	521	534	IL
7JT3_3:502-509_538-539	522	535	IL
6TMF_A:444-451_481-482	522	535	IL
7SFR_a:505-512_541-542	522	535	IL
7MT7_a:505-512_541-542	522	535	IL
5O61_BA:494-501_530-531	522	535	IL
7MT3_A:1583-1589_1645-1651	523	536	IL
4V4B_AA:615-621_639-643	523	536	IL
8UU5_A:1116-1124_1181-1185	523	536	IL
7JIL_1:335-341_349-354	523	536	IL
6TMF_A:545-551_571-576	523	536	IL
4V91_1:2468-2479_2495-2498	523	536	IL
6XYW_2:1623-1629_1632-1636	523	536	IL
4UG0_L5:2022-2030_2037-2046	524	537	IL
7OLC_1:1321-1331_1425-1439	524	537	IL
6LQQ_SA:1702-1715_1736-1749	524	537	IL
7UVZ_A:1200-1206_1300-1316	524	537	IL
7Z3O_1:1321-1331_1425-1439	524	537	IL
8OO0_1:1321-1331_1425-1439	524	537	IL
6W77_A:1269-1275_1306-1312	525	538	IL
4V6U_B1:2246-2249_2283-2296	525	538	IL
4V7E_Aa:2463-2467_2478-2492	525	538	IL
7OIF_1:292-294_342-346	526	539	IL
8RW1_2:744-746_800-804	526	539	IL
7JT1_1:292-294_342-346	526	539	IL
4V61_BC:37-39_78-81	526	539	IL
7UPH_I:1792-1794_1842-1847	526	539	IL
7M4W_a:459-462_489-493	526	539	IL
7OTC_A:292-294_342-346	526	539	IL
4V9F_0:2563-2566_2596-2600	526	539	IL
6Z1P_Bb:1063-1066_1077-1080	526	539	IL
7QGH_N:1691-1696_1701-1707	527	540	IL
6WNV_4:1819-1824_1829-1835	527	540	IL
8OVE_BG:130-134_154-158	528	541	IL
6AZ3_4:130-134_154-158	528	541	IL
8T8B_1A:2736-2740_2768-2772	529	542	IL
7RQE_1A:2736-2740_2768-2772	529	542	IL
7UNU_a:1131-1135_1151-1156	529	542	IL
7MT7_a:780-784_800-804	529	542	IL
6Y57_L5:1995-2000_2055-2060	530	543	IL
6Y0G_L5:1995-2000_2055-2060	530	543	IL
3IYR_A:40-43_292-298	530	543	IL
7UPH_I:2755-2762_3504-3510	531	544	IL
8OIQ_B8:72-78_86-91	531	544	IL
7OIF_1:1262-1268_2010-2015	531	544	IL
7OTC_A:1262-1268_2010-2015	531	544	IL
7JT1_1:1262-1268_2010-2015	531	544	IL
6SKG_BA:1499-1505_2225-2230	532	545	IL
6TH6_BA:1499-1505_2225-2230	532	545	IL
5O61_A:2351-2358_2377-2381	533	546	IL
5O60_A:2351-2358_2377-2381	533	546	IL
7UPH_I:3622-3630_3647-3652	533	546	IL
6ZVH_2:188-191_206-209	534	547	IL
6QZP_S2:188-191_206-209	534	547	IL
3J7P_S2:188-191_206-209	534	547	IL
4V4N_B2:1218-1221_1232-1235	534	547	IL
6ZVK_K3:188-191_206-209	534	547	IL
6TMF_A:1364-1367_1426-1429	534	547	IL
6OLE_E:33-37_42-46	535	548	IL
6OM7_E:33-37_42-46	535	548	IL
5AJ0_A4:33-37_42-46	535	548	IL
6OLI_E:33-37_42-46	535	548	IL
7LHD_A:3299-3302_3315-3319	535	548	IL
8VS9_TMRN:142-144_169-175	535	548	IL
6IP8_1A:2008-2011_2045-2048	536	549	IL
6IP5_1A:2008-2011_2045-2048	536	549	IL
6IP6_1A:2008-2011_2045-2048	536	549	IL
6XYW_1:2328-2331_2342-2345	536	549	IL
2MXL_A:8-10_30-32	537	550	IL
6ZOJ_2:601-603_618-620	537	550	IL
3IYR_A:57-59_72-74	537	550	IL
3JCD_9:29-31_37-39	537	550	IL
4V5S_CW:29-31_37-39	537	550	IL
7P7S_A:1482-1484_1610-1613	537	550	IL
7LHD_A:1938-1940_1977-1979	537	550	IL
7UW1_a:1133-1137_1155-1160	538	551	IL
7M4W_a:1133-1137_1155-1160	538	551	IL
6O8Z_A:1101-1104_1118-1121	539	552	IL
6Z1P_Bb:1253-1256_1306-1309	539	552	IL
4V61_AA:1214-1217_1228-1231	539	552	IL
6TH6_BA:331-337_345-350	540	553	IL
7QEP_1:2492-2497_2515-2520	540	553	IL
6XZA_A1:1257-1263_1294-1300	540	553	IL
6HA1_a:1269-1275_1306-1312	540	553	IL
6SKG_BA:331-337_345-350	540	553	IL
7UNU_a:1254-1260_1291-1297	540	553	IL
8UU9_a:1269-1275_1306-1312	540	553	IL
6V3E_sN1:1257-1263_1294-1300	540	553	IL
6ZVK_e2:1932-1938_2760-2765	540	553	IL
7QH4_A:723-727_848-855	540	553	IL
7M4W_a:1257-1263_1294-1300	540	553	IL
8Y39_A:1101-1107_1201-1217	541	554	IL
6OLZ_A2:29-35_44-51	542	555	IL
6ZVK_e2:29-35_44-51	542	555	IL
6SWA_q:29-35_44-51	542	555	IL
6OM7_t:29-35_44-51	542	555	IL
6ZVK_K3:951-955_966-973	542	555	IL
6OLF_t:29-35_44-51	542	555	IL
4V7E_Aa:30-35_44-50	542	555	IL
6OLZ_B1:818-822_833-840	543	556	IL
6OLF_S2:467-471_488-494	543	556	IL
6W6L_t:2355-2360_2647-2650	543	556	IL
7P48_A:1319-1325_1441-1445	543	556	IL
8OIN_AA:488-495_506-511	543	556	IL
6SPE_a:363-369_378-382	543	556	IL
5V8I_2A:1262-1269_1289-1293	543	556	IL
6UZ7_5:868-872_994-1001	544	557	IL
5A2Q_2:1154-1158_1169-1176	544	557	IL
6ZLW_2:1154-1158_1169-1176	544	557	IL
4V4N_A1:983-985_995-999	544	557	IL
7K5I_2:1154-1158_1169-1176	544	557	IL
2AU4_A:13-16_27-32	544	557	IL
6G5H_2:1154-1158_1169-1176	544	557	IL
4V7E_Aa:3047-3051_3091-3094	545	558	IL
6Z1P_Ab:884-889_908-912	545	558	IL
5MRF_A:299-304_313-319	545	558	IL
7UNR_A:245-251_259-264	546	559	IL
6TH6_BA:621-624_635-647	546	559	IL
6SKG_BA:621-624_635-647	546	559	IL
8EVS_B5:1239-1245_1268-1272	547	560	IL
7UNR_A:1682-1687_1692-1698	547	560	IL
8CDV_A:428-433_448-454	547	560	IL
8CRX_A:437-444_455-461	547	560	IL
8CVM_a:2051-2056_2061-2067	547	560	IL
6YDP_AA:205-210_230-237	547	560	IL
4U56_5:760-768_810-816	547	560	IL
7MT7_a:459-465_478-484	547	560	IL
1KP7_A:6-10_22-23	548	561	IL
6GAW_AA:418-421_439-442	548	561	IL
6NU3_AA:836-839_858-861	548	561	IL
4V4S_AA:49-54_356-358	548	561	IL
8EVS_B5:1554-1558_1581-1585	548	561	IL
4V8P_A1:264-269_278-284	549	562	IL
7Y41_A:282-289_298-302	549	562	IL
5MYJ_BA:1050-1056_1172-1176	549	562	IL
6ZMT_2:428-442_473-480	550	563	IL
7JIL_1:2052-2063_2079-2082	550	563	IL
4V8M_AA:753-766_789-797	550	563	IL
4V6U_B3:72-77_97-101	551	564	IL
3J3V_A:2723-2729_2734-2739	551	564	IL
6XYW_3:77-81_94-98	551	564	IL
4V4N_A3:72-77_97-101	551	564	IL
5X8P_A:1223-1228_1258-1262	551	564	IL
6RW5_A:843-846_907-911	552	565	IL
7OLC_2:1695-1698_1755-1758	552	565	IL
6RW4_A:843-846_907-911	552	565	IL
6WNV_4:274-276_371-375	553	566	IL
7QGH_N:274-276_371-375	553	566	IL
4V6U_B1:739-743_760-764	554	567	IL
6TMF_A:521-525_699-703	554	567	IL
8WID_a:1097-1101_1118-1123	554	567	IL
4V4N_B2:532-536_710-714	554	567	IL
4V61_AA:1202-1208_1239-1245	555	568	IL
7QH4_A:83-87_99-106	555	568	IL
4V9F_0:13-18_526-531	556	569	IL
8Q5I_1:1112-1117_1134-1140	556	569	IL
6XYW_2:424-427_452-458	556	569	IL
4V4N_B2:110-116_225-229	556	569	IL
6SWA_q:171-175_252-256	556	569	IL
7CPU_S2:1622-1623_1646-1652	557	570	IL
7ZHG_2:423-424_446-450	557	570	IL
6SWD_2:423-424_446-450	557	570	IL
7S0S_i:30-31_51-54	558	571	IL
6Y6X_L7:27-28_47-50	558	571	IL
8WID_a:285-286_297-301	558	571	IL
5O61_B:30-31_51-54	558	571	IL
3J7R_5:27-29_55-59	558	571	IL
6Y57_L7:27-29_47-50	558	571	IL
5O60_B:30-31_51-54	558	571	IL
7MSM_B:28-29_49-52	558	571	IL
6QZP_L7:27-28_47-50	558	571	IL
6G5I_2:370-375_391-397	559	572	IL
6W6P_a:610-614_787-791	559	572	IL
8UU9_a:603-607_780-784	559	572	IL
5U3G_B:59-65_77-79	560	573	IL
6OLI_t:170-174_252-256	560	573	IL
6OLE_t:170-174_252-256	560	573	IL
6OM0_t:170-174_252-256	560	573	IL
5DM6_X:1551-1554_1667-1671	561	574	IL
7P7S_a:1303-1306_1325-1330	561	574	IL
6ZS9_AA:743-747_770-774	561	574	IL
6V3B_AN1:2752-2756_2776-2780	561	574	IL
8BUU_A:1957-1961_1983-1987	562	575	IL
4V6W_A7:31-35_40-44	562	575	IL
6ZVK_e2:442-445_987-991	562	575	IL
5AJ0_A2:280-285_294-300	562	575	IL
4V8M_BA:623-629_650-656	562	575	IL
6OF6_XA:1123-1126_1144-1148	562	575	IL
5V93_A:1187-1195_1252-1256	562	575	IL
4V4N_B2:890-893_1339-1343	562	575	IL
3J3V_A:1525-1528_1641-1645	562	575	IL
6TMF_A:1064-1067_1093-1097	562	575	IL
4V8M_BG:81-86_111-115	562	575	IL
7LHD_A:193-197_256-259	562	575	IL
8BH7_a:1419-1421_1500-1502	563	576	IL
4V77_AA:369-373_387-388	563	576	IL
6ZQA_D3:483-485_504-507	563	576	IL
5X8P_A:871-872_921-923	563	576	IL
5T2C_AA:173-175_603-605	563	576	IL
6D6V_B:122-125_143-145	563	576	IL
1X8W_C:230-231_244-246	563	576	IL
6SPB_A:2360-2362_2367-2369	563	576	IL
6SPE_a:1121-1124_1134-1135	563	576	IL
8QBT_i:449-453_477-482	564	577	IL
7OIG_2:449-453_477-482	564	577	IL
6Z1P_Aa:136-141_150-156	564	577	IL
7LHD_A:3532-3536_3552-3557	564	577	IL
4V9F_0:1186-1192_1314-1319	565	578	IL
8HFR_1e:1285-1289_1446-1450	565	578	IL
6XYW_2:476-482_489-497	565	578	IL
7MT3_A:2105-2109_2135-2139	565	578	IL
7CPV_L5:1605-1609_1731-1738	565	578	IL
5V93_A:2379-2390_2405-2413	566	579	IL
4U56_5:2520-2531_2547-2550	566	579	IL
6V3B_AN1:1865-1873_1897-1905	566	579	IL
6AZ4_A:12-16_27-30	567	580	IL
5M0H_A:13-17_28-31	567	580	IL
4BY9_A:5-11_63-66	567	580	IL
6V3B_AN1:2154-2157_2162-2166	567	580	IL
4V77_AA:444-448_481-486	568	581	IL
7JT3_3:444-448_481-486	568	581	IL
8A3L_A:444-448_481-486	568	581	IL
6SPE_a:438-442_475-480	568	581	IL
7UVZ_A:1863-1868_1873-1879	569	582	IL
7PIS_3:1741-1746_1751-1757	569	582	IL
4V61_AA:55-60_337-339	570	583	IL
4V6X_B2:48-54_486-488	570	583	IL
5T5H_D:34-38_43-47	570	583	IL
6ZTO_AA:55-60_367-369	570	583	IL
5LMN_A:50-55_357-359	570	583	IL
7UPH_I:2363-2367_2402-2405	571	584	IL
5X8P_A:873-877_917-920	571	584	IL
7OTC_A:863-867_908-911	571	584	IL
7JT1_1:863-867_908-911	571	584	IL
6ZLW_2:813-819_826-834	572	585	IL
5A2Q_2:813-819_826-834	572	585	IL
7K5I_2:813-819_826-834	572	585	IL
8P2F_A:603-606_617-630	572	585	IL
6G5H_2:813-819_826-834	572	585	IL
6SPB_A:2668-2672_2713-2715	573	586	IL
7LHD_A:1101-1104_1177-1179	573	586	IL
5AJ0_B1:1362-1364_1854-1857	573	586	IL
8Y39_a:427-431_445-446	573	586	IL
5X8P_A:2121-2123_2192-2195	573	586	IL
7P48_a:427-431_445-446	573	586	IL
6SKG_BA:1935-1940_1945-1951	574	587	IL
6PCT_I:2659-2664_2669-2673	574	587	IL
6ZOK_2:995-1000_1032-1039	574	587	IL
4V6U_B1:806-810_933-940	574	587	IL
7UNR_A:2646-2651_2656-2660	574	587	IL
3IGI_A:317-324_337-342	574	587	IL
6TH6_BA:1935-1940_1945-1951	574	587	IL
7UNU_a:786-790_806-810	575	588	IL
7UW1_a:789-793_809-813	575	588	IL
6HA1_a:801-805_821-825	575	588	IL
5ZEP_a:772-776_792-796	575	588	IL
4V71_BB:33-37_43-47	576	589	IL
6XYW_3:35-39_45-49	576	589	IL
7M4W_B:31-35_41-45	576	589	IL
7OTC_B:33-37_43-47	576	589	IL
7NWW_3:33-37_43-47	576	589	IL
8UVR_2a:1298-1302_1325-1329	577	590	IL
7JT1_1:874-878_897-901	577	590	IL
6OLZ_B1:1597-1601_1626-1630	577	590	IL
4V7E_Aa:986-988_1101-1102	578	591	IL
5MWI_A:10-12_13-15	579	592	IL
6U79_A:9-10_25-27	579	592	IL
8DP3_R:47-50_77-78	579	592	IL
8BQD_BQ:1737-1741_1898-1902	580	593	IL
6UZ7_5:1706-1710_1867-1871	580	593	IL
5O61_A:2346-2349_2383-2396	581	594	IL
5O60_A:2346-2349_2383-2396	581	594	IL
6SPB_A:82-86_99-106	581	594	IL
7Y41_A:2346-2349_2383-2396	581	594	IL
7S0S_C:2346-2349_2383-2396	581	594	IL
7PIS_3:1055-1059_1209-1213	582	595	IL
3JD5_A:184-190_199-203	582	595	IL
6T3K_A:9-13_256-261	582	595	IL
8BQD_BQ:2010-2015_2020-2026	583	596	IL
5XXU_2:1063-1067_1078-1085	583	596	IL
4V4S_AA:239-244_274-281	583	596	IL
8T8B_1A:61-66_573-578	584	597	IL
6HA1_a:626-632_652-656	584	597	IL
7RQE_1A:61-66_573-578	584	597	IL
6XYW_1:1431-1435_1476-1480	585	598	IL
7OLC_2:1200-1204_1488-1492	585	598	IL
7PAS_5:1252-1255_1274-1279	585	598	IL
6ZVJ_2:1592-1595_1648-1651	585	598	IL
7JT1_1:1207-1214_1233-1237	586	599	IL
7OTC_A:1207-1214_1233-1237	586	599	IL
7UPH_I:2701-2708_2727-2731	586	599	IL
7OIF_1:1207-1214_1233-1237	586	599	IL
4V8M_BB:718-724_747-751	587	600	IL
4V5O_BA:1090-1097_1109-1114	587	600	IL
6Z6L_L5:4044-4055_4071-4074	588	601	IL
6Y6X_L5:4044-4055_4071-4074	588	601	IL
6Z6N_L5:4044-4055_4071-4074	588	601	IL
4V7E_Aa:1699-1703_1735-1739	589	602	IL
4M6D_H:22-24_29-33	589	602	IL
4V4N_A1:2063-2068_2083-2088	589	602	IL
4V8M_BA:1279-1283_1455-1459	589	602	IL
6QZP_L5:3594-3599_3627-3631	590	603	IL
6ZM5_AA:842-846_905-910	590	603	IL
6ZM6_AA:842-846_905-910	590	603	IL
8CDV_A:735-739_773-778	590	603	IL
4V4G_HB:1798-1802_1809-1814	590	603	IL
6OLF_t:1851-1856_1862-1865	590	603	IL
6SPB_A:1191-1194_1228-1230	591	604	IL
5MYJ_AA:1259-1263_1272-1276	592	605	IL
6ZVK_K3:1603-1607_1630-1634	592	605	IL
7QH4_A:1887-1891_1913-1917	592	605	IL
5V7Q_A:1584-1588_1646-1650	592	605	IL
5VYC_i1:1676-1684_1703-1708	593	606	IL
6IP5_2m:1676-1684_1703-1708	593	606	IL
5VYC_i3:1676-1684_1703-1708	593	606	IL
5VYC_i6:1676-1684_1703-1708	593	606	IL
6IP8_2m:1676-1684_1703-1709	593	606	IL
6IP6_2m:1676-1684_1703-1708	593	606	IL
7QGH_N:2129-2141_2160-2179	594	607	IL
6SPD_A:1049-1055_1149-1165	594	607	IL
7UNR_A:1020-1026_1120-1136	594	607	IL
7P7S_A:1071-1077_1171-1187	594	607	IL
6PCT_I:1030-1036_1130-1146	594	607	IL
7UPH_I:885-892_903-908	595	608	IL
4V6U_B1:227-233_241-246	595	608	IL
4V4N_B2:844-851_862-867	595	608	IL
4V6U_B1:176-181_190-196	595	608	IL
5J8A_BA:886-893_904-909	595	608	IL
7OTC_a:886-893_904-909	595	608	IL
8QBT_i:886-893_904-909	595	608	IL
4V85_AA:886-893_904-909	595	608	IL
7OIG_2:886-893_904-909	595	608	IL
6RM3_S60:1040-1044_1065-1069	596	609	IL
6ZVK_K3:359-370_392-401	596	609	IL
7OTC_A:1850-1858_1882-1890	596	609	IL
7UPH_I:3344-3352_3376-3384	596	609	IL
6Z1P_Bb:1050-1057_1088-1094	596	609	IL
7JT1_1:1850-1858_1882-1890	596	609	IL
7OIF_1:1850-1858_1882-1890	596	609	IL
6Y0G_S2:491-495_501-502	597	610	IL
5V7Q_A:1206-1209_1217-1220	597	610	IL
7LHD_A:330-334_348-352	597	610	IL
6XYW_1:1060-1063_1077-1080	597	610	IL
7JIL_1:192-196_208-215	598	611	IL
6ZMO_L5:341-348_359-365	598	611	IL
6LSS_2:341-348_359-365	598	611	IL
6Y0G_S2:1339-1346_1357-1362	599	612	IL
7UG6_1:2857-2863_2921-2924	599	612	IL
5XXU_2:1277-1284_1295-1300	599	612	IL
4V6W_A5:637-643_683-690	599	612	IL
7S0S_C:3068-3072_3085-3087	600	613	IL
3BNT_A:3-5_17-19	600	613	IL
7Y41_A:3068-3072_3085-3087	600	613	IL
6O8Z_A:1395-1399_1408-1412	601	614	IL
7QH4_A:1398-1402_1411-1415	601	614	IL
6W6P_a:439-446_457-463	602	615	IL
3J7R_5:388-391_402-415	602	615	IL
8UU9_a:432-439_450-456	602	615	IL
7OIF_1:273-279_359-362	603	616	IL
5T5H_A:79-86_94-99	603	616	IL
7P48_A:2218-2229_2245-2248	603	616	IL
7P48_a:1305-1311_1342-1348	603	616	IL
8Y39_a:1305-1311_1342-1348	603	616	IL
5O60_A:889-891_901-905	604	617	IL
7Y41_A:889-891_901-905	604	617	IL
7S0S_C:889-891_901-905	604	617	IL
6Y2L_L5:751-753_928-933	604	617	IL
6DZP_A:1114-1118_1270-1274	605	618	IL
6DZI_A:1114-1118_1270-1274	605	618	IL
4V7E_Aa:3004-3007_3139-3144	606	619	IL
5LKS_S2:1459-1462_1617-1624	606	619	IL
6ZN5_2:1611-1619_1620-1621	606	619	IL
8A3L_A:438-440_490-495	607	620	IL
6ZU5_L50:72-75_82-88	607	620	IL
8OO0_1:856-859_866-870	607	620	IL
7OLC_1:856-859_866-870	607	620	IL
7Z3O_1:856-859_866-870	607	620	IL
7OTC_a:503-510_539-540	608	621	IL
7UPH_I:502-509_538-539	608	621	IL
8QBT_i:503-510_539-540	608	621	IL
4V85_AA:503-510_539-540	608	621	IL
7ABF_5:23-28_57-60	608	621	IL
5J8A_BA:503-510_539-540	608	621	IL
7OIG_2:503-510_539-540	608	621	IL
6ZVK_K3:491-496_504-508	608	621	IL
5AJ0_A2:1766-1770_1892-1899	609	622	IL
4V8M_BA:1311-1322_1416-1430	609	622	IL
4V6U_B1:1158-1168_1262-1276	609	622	IL
4V4N_A1:1052-1055_1139-1145	609	622	IL
5AJ0_A2:4625-4632_4660-4669	609	622	IL
4V7E_Aa:1198-1208_1302-1316	609	622	IL
4V7H_B5:2234-2248_2279-2284	609	622	IL
4WFA_X:1729-1738_1759-1773	609	622	IL
3Q1R_B:9-12_311-333	609	622	IL
3J3V_A:2706-2711_2845-2854	609	622	IL
4V6W_A5:1340-1358_1478-1480	609	622	IL
7Z3O_1:811-815_827-831	610	623	IL
8OO0_1:811-815_827-831	610	623	IL
7OLC_1:811-815_827-831	610	623	IL
2M12_A:5-8_16-17	611	624	IL
6IP6_2m:1361-1362_1647-1649	611	624	IL
8UU5_A:1067-1069_1232-1233	611	624	IL
8UU5_A:1277-1279_1311-1313	611	624	IL
8Q5I_A:1098-1100_1138-1140	611	624	IL
6IP8_2m:1361-1362_1647-1649	611	624	IL
6IP5_2m:1361-1362_1647-1649	611	624	IL
8RW1_2:1228-1229_1252-1255	612	625	IL
8BQD_BQ:216-217_237-242	612	625	IL
1KUQ_B:17-18_49-52	612	625	IL
7PIS_3:2326-2328_2346-2350	612	625	IL
4QKA_A:38-41_90-92	612	625	IL
6RM3_L50:2324-2325_2342-2345	612	625	IL
1F7Y_B:17-18_49-52	612	625	IL
6DZP_A:1885-1890_2212-2215	613	626	IL
6DZI_A:1885-1890_2212-2215	613	626	IL
5JPQ_2:67-74_88-91	613	626	IL
5LMN_A:290-291_302-306	614	627	IL
5XY3_3:27-29_47-51	614	627	IL
8EVS_B5:999-1003_1029-1030	614	627	IL
5O61_A:1550-1553_1615-1618	614	627	IL
4V4B_B4:29-30_56-60	614	627	IL
7P7S_A:2488-2491_2501-2504	614	627	IL
5T5H_D:28-29_54-58	614	627	IL
7S0S_C:991-994_1012-1015	615	628	IL
5O61_A:991-994_1012-1015	615	628	IL
5O60_A:991-994_1012-1015	615	628	IL
7Y41_A:991-994_1012-1015	615	628	IL
5I4L_2:381-383_394-399	615	628	IL
8HL5_A5S:30-32_50-54	616	629	IL
8OIQ_B8:605-607_624-627	616	629	IL
7CPV_L5:757-758_942-946	616	629	IL
4YAZ_R:3-6_76-80	616	629	IL
7UNU_B:25-29_57-60	616	629	IL
8OVE_BD:27-29_46-50	616	629	IL
6O8X_B:27-29_47-51	616	629	IL
2ZY6_A:7-10_25-29	617	630	IL
7UPH_I:448-451_477-481	617	630	IL
7OTC_a:449-452_478-482	617	630	IL
7B0Y_a:52-55_82-85	617	630	IL
5XYI_2:686-693_722-728	618	631	IL
5V8I_2A:730-734_855-862	618	631	IL
5V7Q_A:846-851_868-874	618	631	IL
7MT3_A:846-851_868-874	618	631	IL
7KGB_A:846-851_868-874	618	631	IL
6AWB_A:336-341_371-378	618	631	IL
7BHP_L7:20-26_51-56	618	631	IL
6OLZ_B1:355-357_368-373	619	632	IL
6OLG_B1:355-357_368-373	619	632	IL
6ME0_A:280-288_399-403	620	633	IL
6SGB_CA:346-354_365-369	620	633	IL
6SGA_CA:346-354_365-369	620	633	IL
4V7H_B3:18-25_50-55	620	633	IL
7SFR_a:606-612_630-634	620	633	IL
5XY3_1:1789-1792_1838-1839	621	634	IL
7UNR_A:2503-2504_2568-2571	621	634	IL
5ZEP_A:49-50_546-548	621	634	IL
5ZET_A:49-50_546-548	621	634	IL
6PCT_I:2516-2517_2581-2584	621	634	IL
5ZEB_A:49-50_546-548	621	634	IL
8Y39_A:185-186_208-210	621	634	IL
2CSX_C:2-4_68-70	622	635	IL
7UG6_1:513-514_576-579	622	635	IL
6TMF_A:954-956_971-973	622	635	IL
6ZVK_K3:1102-1104_1127-1129	622	635	IL
2CSX_D:2-4_68-70	622	635	IL
5XYI_2:295-297_304-306	622	635	IL
4V6U_B1:1639-1645_1655-1661	623	636	IL
4V6U_B1:584-591_634-638	623	636	IL
6OLZ_A2:1782-1788_2587-2592	623	636	IL
4V8M_BA:1537-1544_1562-1568	623	636	IL
5F5F_H:4-6_13-15	624	637	IL
6DLS_A:11-14_44-49	624	637	IL
4V7E_Aa:1534-1538_1581-1586	624	637	IL
7P48_A:1718-1722_1881-1884	625	638	IL
5V93_A:988-993_1072-1077	625	638	IL
6SPB_A:989-993_1145-1149	625	638	IL
7JIL_2:483-486_489-492	626	639	IL
6SPD_A:1886-1889_1896-1900	626	639	IL
6OM7_t:1545-1548_1562-1565	626	639	IL
8T8B_1A:214-219_228-234	627	640	IL
7RQE_1A:214-219_228-234	627	640	IL
8QBT_i:1254-1257_1276-1281	628	641	IL
5J8A_BA:1254-1257_1276-1281	628	641	IL
7UPH_I:1253-1256_1275-1280	628	641	IL
4V85_AA:1254-1257_1276-1281	628	641	IL
7OTC_a:1254-1257_1276-1281	628	641	IL
4V8P_A1:709-713_733-736	629	642	IL
3G6E_9:20-26_57-58	629	642	IL
4V6T_AV:39-44_330-334	629	642	IL
3CCR_9:20-26_57-58	629	642	IL
3CCJ_9:20-26_57-58	629	642	IL
7D7X_A:5-14_43-44	630	643	IL
6DVK_H:37-42_51-56	630	643	IL
4MGN_A:19-23_63-65	630	643	IL
6TF2_A:6-15_44-45	630	643	IL
7D82_A:6-15_42-43	630	643	IL
5LWJ_A:6-13_24-27	630	643	IL
4GMA_Z:119-123_150-152	630	643	IL
6W77_A:69-74_381-383	630	643	IL
7OIF_1:701-706_723-729	631	644	IL
7JT1_1:701-706_723-729	631	644	IL
7UPH_I:2201-2206_2223-2229	631	644	IL
7OTC_A:701-706_723-729	631	644	IL
2NCI_A:4-11_20-23	632	645	IL
3JD5_A:856-864_891-899	632	645	IL
2N6W_A:13-20_48-54	632	645	IL
1B36_A:5-12_23-32	632	645	IL
5GAP_V:27-33_42-45	632	645	IL
2KHY_A:5-13_24-32	632	645	IL
1TLR_A:3-7_16-19	632	645	IL
1X8W_B:120-124_156-160	632	645	IL
6VAR_A:11-20_46-49	632	645	IL
7UPH_I:241-245_275-281	633	646	IL
6SPB_A:2835-2840_2853-2857	633	646	IL
5DAT_5:904-908_920-924	634	647	IL
7P7S_a:598-602_775-779	634	647	IL
7QV3_a:581-585_758-762	634	647	IL
6ZVK_K3:610-616_623-631	635	648	IL
7PUB_CA:229-235_242-250	635	648	IL
6ZU5_L50:2263-2270_2298-2307	635	648	IL
8BH7_a:522-528_535-543	635	648	IL
4UER_A:561-567_574-582	635	648	IL
6TMF_A:456-462_469-477	635	648	IL
7OIG_2:514-520_527-535	635	648	IL
6HIV_CA:229-235_242-250	635	648	IL
6XZA_A1:419-426_437-443	636	649	IL
7MT7_a:418-425_436-442	636	649	IL
8RW1_2:820-825_843-848	636	649	IL
7SFR_a:418-425_436-442	636	649	IL
5O61_BA:419-426_437-443	636	649	IL
8BUU_A:1828-1833_1844-1848	637	650	IL
4V7E_Aa:121-122_142-147	637	650	IL
6ZVK_e2:164-166_267-269	638	651	IL
3CCR_9:28-29_49-52	638	651	IL
6ZVK_e2:3850-3851_3896-3900	638	651	IL
3G6E_9:28-29_49-52	638	651	IL
6OLI_v:10-12_21-23	638	651	IL
3CCJ_9:28-29_49-52	638	651	IL
7OIF_1:1432-1434_1556-1559	639	652	IL
7OTC_A:1432-1434_1556-1559	639	652	IL
7JT1_1:1432-1434_1556-1559	639	652	IL
6SPB_A:835-838_920-925	639	652	IL
6RM3_L70:71-78_98-104	640	653	IL
5DAT_5:1442-1449_1508-1511	640	653	IL
5LKS_L7:71-78_98-104	640	653	IL
6Z6M_L7:71-78_98-104	640	653	IL
6Z6N_L7:71-78_98-104	640	653	IL
6Z6L_L7:71-78_98-104	640	653	IL
6ZMI_L7:71-78_98-104	640	653	IL
6ZME_L7:71-78_98-104	640	653	IL
4UG0_L7:71-78_98-104	640	653	IL
6ZM7_L7:71-78_98-104	640	653	IL
6ZMO_L7:71-78_98-104	640	653	IL
6SPB_A:1009-1015_1131-1136	641	654	IL
7JIL_2:470-474_501-506	642	655	IL
4V8M_BA:1335-1343_1400-1404	643	656	IL
4V91_1:1635-1641_2545-2550	643	656	IL
4V7E_Aa:1221-1229_1286-1290	643	656	IL
6OF6_XA:774-778_804-805	644	657	IL
5UDZ_V:1-3_17-18	644	657	IL
1OSW_A:1-3_20-21	644	657	IL
7QH4_A:2684-2689_2694-2698	645	658	IL
5T5H_D:74-80_100-105	645	658	IL
6O8Z_A:244-250_258-263	645	658	IL
7QH4_A:244-250_258-263	645	658	IL
7QH4_A:1305-1311_2042-2047	645	658	IL
7QH4_A:26-31_559-564	645	658	IL
6SPB_A:847-852_905-910	645	658	IL
7QH4_A:906-911_964-969	645	658	IL
6DZI_A:990-994_1010-1015	646	659	IL
6DZP_A:990-994_1010-1015	646	659	IL
6ZVK_K3:1705-1710_1821-1827	646	659	IL
8BQD_BQ:2248-2253_2265-2272	647	660	IL
6UZ7_5:2217-2222_2234-2241	647	660	IL
7LHD_A:3338-3343_3366-3371	647	660	IL
7LHD_A:3015-3016_3065-3068	648	661	IL
7P7S_A:1716-1719_2014-2015	648	661	IL
2RKJ_K:61-64_75-76	648	661	IL
3IWN_A:50-53_70-71	648	661	IL
7PIS_3:2082-2084_2641-2644	648	661	IL
7LHD_A:3704-3705_3730-3733	648	661	IL
6OKK_A:1879-1882_1886-1887	648	661	IL
6ZM6_AA:834-836_917-920	648	661	IL
8Y39_A:2361-2363_2373-2375	648	661	IL
6ZVK_K3:1724-1726_1806-1808	648	661	IL
4V4G_HB:546-548_618-620	648	661	IL
6AZ3_1:931-934_957-961	648	661	IL
4V61_AA:792-794_801-803	648	661	IL
7UPH_I:1405-1407_4394-4397	648	661	IL
7PIS_3:2482-2483_2527-2529	649	662	IL
7PAS_5:1256-1257_1271-1273	649	662	IL
6Y0G_S2:1440-1442_1682-1684	649	662	IL
6SPB_A:528-531_545-548	650	663	IL
8HTZ_X:1-3_70-72	650	663	IL
5AJ0_A2:4190-4200_4288-4290	651	664	IL
3IZZ_E:34-38_64-67	651	664	IL
5LKS_L5:490-491_495-505	651	664	IL
4U56_5:1048-1052_1174-1181	651	664	IL
3J7R_5:183-190_253-256	652	665	IL
6O8Z_A:1247-1254_1273-1277	652	665	IL
4WFA_X:402-407_416-422	652	665	IL
4V4B_B3:344-350_358-363	653	666	IL
6O8Z_A:2141-2144_2178-2191	654	667	IL
7QH4_A:2155-2158_2192-2205	654	667	IL
8EVS_B5:1494-1501_1533-1541	654	667	IL
7UPH_I:1687-1693_1700-1707	655	668	IL
6DZI_A:185-190_199-205	655	668	IL
5V7Q_A:96-100_113-120	655	668	IL
6DZP_A:185-190_199-205	655	668	IL
5O60_A:1880-1882_2218-2220	656	669	IL
5O61_A:1880-1882_2218-2220	656	669	IL
6Q9A_4:111-114_128-132	656	669	IL
8BH7_a:842-844_858-860	656	669	IL
7Y41_A:1880-1882_2218-2220	656	669	IL
5X8P_A:719-721_730-732	656	669	IL
7S0S_C:1880-1882_2218-2220	656	669	IL
6SPE_a:676-680_691-698	657	670	IL
8A3L_A:682-686_697-704	657	670	IL
4V77_AA:240-245_275-282	657	670	IL
8UU5_A:747-751_872-879	657	670	IL
8HFR_1e:200-207_215-221	657	670	IL
4V77_AA:682-686_697-704	657	670	IL
7JT3_3:682-686_697-704	657	670	IL
7LHD_A:3616-3622_3635-3636	658	671	IL
3J7P_S2:304-309_331-332	658	671	IL
8Y39_A:1763-1768_1773-1779	659	672	IL
7QH4_A:193-198_207-213	659	672	IL
6O8Z_A:193-199_206-213	659	672	IL
5V8I_2A:2530-2531_2595-2598	660	673	IL
7A09_2:794-795_891-894	660	673	IL
8BUU_A:1464-1466_1487-1490	660	673	IL
4U4Z_3:27-28_48-51	661	674	IL
7QEP_1:2278-2279_2343-2346	661	674	IL
5T2A_D:28-29_48-51	661	674	IL
4V9F_0:1978-1983_1998-2003	662	675	IL
6QZP_S2:822-826_837-844	662	675	IL
6ZVH_2:822-826_837-844	662	675	IL
5MYJ_AA:1303-1308_1329-1334	663	676	IL
4V4G_HB:2768-2774_2787-2792	663	676	IL
8B0J_K:30-36_45-50	663	676	IL
8HFR_1e:1562-1568_2472-2477	663	676	IL
4V8Z_CW:2-4_67-70	664	677	IL
3J3V_A:1537-1539_1550-1552	664	677	IL
4V5K_CW:4-5_67-69	664	677	IL
3J3V_A:1280-1281_1329-1331	664	677	IL
8QBT_i:144-145_175-177	664	677	IL
6OF6_XA:657-658_747-749	664	677	IL
3J2C_N:885-892_903-908	665	678	IL
3J2G_N:885-892_903-908	665	678	IL
4V6U_B1:1629-1635_1665-1671	665	678	IL
4V8M_BA:1095-1100_1155-1160	665	678	IL
3J28_N:885-892_903-908	665	678	IL
3J2D_N:885-892_903-908	665	678	IL
6Y0G_L7:31-35_40-44	666	679	IL
7BHP_L7:31-35_40-44	666	679	IL
4V6X_A7:31-35_40-44	666	679	IL
6W6L_E:31-35_40-44	666	679	IL
9F1C_B7:31-35_40-44	666	679	IL
6Y57_L7:31-35_40-44	666	679	IL
6LU8_5:31-35_40-44	666	679	IL
7CPV_L7:31-35_40-44	666	679	IL
3J2G_N:45-50_357-359	666	679	IL
6LQM_5:31-35_40-44	666	679	IL
6SWA_s:31-35_40-44	666	679	IL
6Y2L_L7:31-35_40-44	666	679	IL
6LSR_5:31-35_40-44	666	679	IL
3J7R_7:31-35_40-44	666	679	IL
6FTG_v:31-35_40-44	666	679	IL
7OYC_22:1621-1625_1786-1788	666	679	IL
6LSS_5:31-35_40-44	666	679	IL
3JAI_7:31-35_40-44	666	679	IL
8T8B_1A:265-271_279-284	667	680	IL
7RQE_1A:265-271_279-284	667	680	IL
3JD5_A:114-118_126-129	667	680	IL
6ZXE_2:373-378_394-400	668	681	IL
6ZXD_2:373-378_394-400	668	681	IL
7RQE_1A:1284-1288_1323-1326	669	682	IL
8T8B_1A:1284-1288_1323-1326	669	682	IL
6SPB_A:1677-1682_1687-1693	670	683	IL
6T3K_A:75-78_102-110	670	683	IL
6Z1P_Ab:1068-1070_1136-1144	670	683	IL
3J7R_5:2360-2363_2396-2401	670	683	IL
4V9F_0:1835-1840_1845-1851	670	683	IL
6Y2L_S2:1488-1490_1647-1653	670	683	IL
6XYW_2:1412-1415_1434-1439	670	683	IL
4V8M_BA:609-613_666-668	671	684	IL
4V8M_AA:41-47_519-521	671	684	IL
4M6D_H:20-22_33-35	671	684	IL
3DD2_B:2-7_20-22	671	684	IL
5DM6_X:977-981_1021-1024	671	684	IL
6WPI_B:19-23_34-37	671	684	IL
7A09_2:62-67_80-84	672	685	IL
6ZVJ_2:62-67_80-84	672	685	IL
6OM0_S2:62-67_80-84	672	685	IL
6OLF_S2:62-67_80-84	672	685	IL
6OM7_S2:62-67_80-84	672	685	IL
6OLE_S2:62-67_80-84	672	685	IL
6OLI_S2:62-67_80-84	672	685	IL
6QZP_S2:62-67_80-84	672	685	IL
6AHD_B:18-27_53-57	673	686	IL
7JIL_2:1259-1265_1296-1301	673	686	IL
5MQF_5:18-27_53-57	673	686	IL
3J7R_5:165-168_269-272	674	687	IL
6SKG_BA:1094-1098_1139-1142	674	687	IL
6TH6_BA:1094-1098_1139-1142	674	687	IL
6OM7_t:116-117_150-152	675	688	IL
4V4G_HB:74-76_105-107	675	688	IL
6QZP_L5:3703-3704_3749-3753	675	688	IL
6OLF_t:116-117_150-152	675	688	IL
4V7E_Aa:727-730_743-747	676	689	IL
6ZU5_S60:1110-1112_1128-1133	676	689	IL
5XXU_2:242-244_246-250	676	689	IL
6SWA_q:942-945_964-967	676	689	IL
4V6U_B1:909-911_921-925	676	689	IL
6ZCE_A:1426-1429_1458-1461	676	689	IL
8UVR_2a:380-384_398-399	677	690	IL
4V7Z_CA:379-383_397-398	677	690	IL
6ZTO_AA:379-383_397-398	677	690	IL
7UQB_1:2718-2720_2738-2742	678	691	IL
5DM6_X:2546-2549_2559-2562	678	691	IL
5O9Z_4:35-41_49-52	679	692	IL
7LHD_A:991-996_1012-1015	679	692	IL
6AHD_I:35-41_49-52	679	692	IL
6ZP4_2:822-826_1171-1175	680	693	IL
6ZON_2:822-826_1171-1175	680	693	IL
8HL5_A23S:1652-1655_1703-1708	680	693	IL
3J7P_S2:472-475_484-487	681	694	IL
3J3V_A:373-375_436-439	681	694	IL
6XYW_1:883-886_897-900	681	694	IL
6O8Z_A:1066-1072_1166-1182	682	695	IL
7QH4_A:1072-1078_1172-1188	682	695	IL
6FEC_A:1449-1457_1489-1498	682	695	IL
7S0S_C:1141-1147_1241-1257	682	695	IL
7Y41_A:1141-1147_1241-1257	682	695	IL
5X8P_A:1051-1057_1151-1166	682	695	IL
3J7P_S2:812-813_857-874	682	695	IL
3JBO_AA:3005-3014_3027-3034	682	695	IL
6DZP_A:1140-1146_1240-1256	682	695	IL
5O60_A:1141-1147_1241-1257	682	695	IL
6DZI_A:1140-1146_1240-1256	682	695	IL
5O61_A:1141-1147_1241-1257	682	695	IL
1DDY_A:12-16_28-31	683	696	IL
5NZ6_A:17-19_28-34	683	696	IL
8EUG_1:658-663_672-678	683	696	IL
7P7S_A:1045-1049_1200-1204	684	697	IL
6DZI_A:1561-1565_1602-1606	684	697	IL
6DZP_A:1561-1565_1602-1606	684	697	IL
8BUU_A:2182-2184_2337-2340	685	698	IL
6ZME_L5:4208-4210_4322-4325	685	698	IL
6ZMI_L5:4208-4210_4322-4325	685	698	IL
5O61_BA:985-989_1034-1035	686	699	IL
7AAV_5:37-41_67-69	686	699	IL
3Q1R_B:102-106_208-209	686	699	IL
6GB2_BA:808-812_1020-1021	686	699	IL
7MT7_a:1443-1446_1462-1464	687	700	IL
5O61_BA:1433-1436_1453-1455	687	700	IL
4V6T_AV:47-50_324-327	687	700	IL
7SFR_a:1443-1446_1462-1464	687	700	IL
6TMF_A:1068-1072_1090-1092	687	700	IL
3NMU_E:13-16_23-29	688	701	IL
1RLG_C:3-7_14-21	688	701	IL
4RGF_B:2-7_46-53	688	701	IL
4V6W_A8:67-71_77-86	688	701	IL
4V9F_0:1973-1976_2005-2006	689	702	IL
7OIG_2:143-145_175-177	689	702	IL
4V85_AA:143-145_175-177	689	702	IL
7OTC_a:143-145_175-177	689	702	IL
8QBT_i:80-82_85-87	689	702	IL
6SPB_A:1834-1837_1881-1882	689	702	IL
3J2G_N:1257-1261_1270-1274	690	703	IL
4V4B_B3:1679-1687_1820-1823	690	703	IL
5X8P_A:2142-2150_2168-2172	690	703	IL
2RKJ_K:53-58_79-83	690	703	IL
3IWN_A:11-15_30-34	690	703	IL
6UFH_A:34-40_53-61	690	703	IL
7S0S_C:1160-1168_1225-1229	690	703	IL
6ZOJ_2:1714-1722_1741-1746	691	704	IL
4U56_5:619-622_633-646	691	704	IL
6V3B_AN1:1039-1045_1139-1155	691	704	IL
6TMF_A:226-231_261-268	692	705	IL
5J8A_BA:241-246_276-283	692	705	IL
4V4N_B2:237-242_272-279	692	705	IL
7UPH_I:4139-4141_4165-4167	693	706	IL
4V6W_B2:1725-1727_1738-1740	693	706	IL
7LHD_A:3690-3691_3746-3748	693	706	IL
5T2C_A:1859-1861_1872-1873	693	706	IL
6ZVH_x:26-27_41-43	693	706	IL
4UG0_L5:1859-1861_1872-1873	693	706	IL
5OPT_E:1526-1530_1541-1548	694	707	IL
4V4G_HB:972-978_1093-1098	694	707	IL
6O8Z_A:923-928_935-941	694	707	IL
7P48_A:448-453_462-468	694	707	IL
7JIL_3:31-35_41-45	695	708	IL
7P48_B:32-36_42-46	695	708	IL
7P7T_B:32-36_42-46	695	708	IL
6Y2L_S2:566-568_579-584	695	708	IL
6CFJ_1B:34-38_44-48	695	708	IL
8P2F_B:32-36_42-46	695	708	IL
8UU6_B:32-36_42-46	695	708	IL
4V8M_BB:102-107_112-118	696	709	IL
1FQZ_A:2-8_19-24	696	709	IL
5O61_A:1160-1167_1226-1229	696	709	IL
5O60_A:1160-1167_1226-1229	696	709	IL
1C2W_B:2679-2690_2717-2726	697	710	IL
4UE5_A:96-103_248-252	697	710	IL
6SPB_A:2116-2125_2142-2148	697	710	IL
6ZVK_K3:801-802_859-862	698	711	IL
2MXL_A:14-15_24-26	698	711	IL
7QH4_W:451-452_505-509	698	711	IL
4V61_AA:220-225_255-262	699	712	IL
6W6L_t:2470-2475_2487-2494	699	712	IL
5T2C_A:2022-2028_2043-2046	700	713	IL
6ZM5_AA:867-872_880-884	700	713	IL
6ZM6_AA:867-872_880-884	700	713	IL
3JBO_AA:3134-3139_3164-3168	700	713	IL
5XY3_3:4-8_110-114	701	714	IL
5O60_A:1570-1574_1595-1599	701	714	IL
7S0S_C:1570-1574_1595-1599	701	714	IL
5O61_A:1570-1574_1595-1599	701	714	IL
5DAT_5:2501-2512_2528-2531	702	715	IL
7D0G_A:477-481_505-519	702	715	IL
7OIF_1:2128-2137_2152-2158	702	715	IL
3JCS_3:103-121_165-166	702	715	IL
6ZVJ_2:1400-1409_1441-1451	702	715	IL
7UNR_A:1927-1938_1954-1957	702	715	IL
6UZ7_5:2527-2530_2537-2550	702	715	IL
6ZN5_2:1746-1754_1773-1778	703	716	IL
4V4B_AA:1255-1261_1292-1298	703	716	IL
8OIN_AA:238-244_251-259	703	716	IL
6ZON_2:1560-1569_1570-1572	703	716	IL
6UZ7_5:124-129_138-144	703	716	IL
6ZVJ_2:485-487_507-514	704	717	IL
7A09_2:485-487_507-514	704	717	IL
8HFR_1e:877-881_886-890	705	718	IL
7A09_2:1562-1565_1680-1684	705	718	IL
6QZP_L5:168-172_262-265	705	718	IL
6OLF_t:165-169_257-260	705	718	IL
6Y50_2:28-31_39-42	706	719	IL
6Y5Q_2:28-31_39-42	706	719	IL
8OVE_BG:81-86_111-115	707	720	IL
6AZ3_4:81-86_111-115	707	720	IL
6ZN5_2:1604-1605_1628-1634	708	721	IL
5XYM_B:29-31_55-60	708	721	IL
8QBT_i:439-441_491-496	708	721	IL
5O61_A:2080-2083_2097-2101	709	722	IL
6GAW_AA:300-304_396-400	709	722	IL
7Y41_A:2080-2083_2097-2101	709	722	IL
5O60_A:2080-2083_2097-2101	709	722	IL
6ZVK_K3:675-679_1024-1028	709	722	IL
3JD5_A:80-83_95-98	709	722	IL
7S0S_C:2080-2083_2097-2101	709	722	IL
8OIQ_B8:671-675_754-757	710	723	IL
4V8M_BA:1075-1084_1214-1216	710	723	IL
7LHD_A:2798-2801_2822-2825	710	723	IL
7LHD_A:3467-3468_3512-3515	710	723	IL
7LHD_A:2672-2675_2774-2778	710	723	IL
4V7H_B5:167-168_244-249	710	723	IL
6K0A_Y:117-123_147-148	710	723	IL
4V8M_AA:1549-1551_2117-2118	710	723	IL
7LHD_A:96-99_146-149	710	723	IL
3PDR_A:45-50_61-66	711	724	IL
4TZP_C:15-22_82-89	711	724	IL
8OIQ_B8:3-7_131-146	711	724	IL
5J8A_BA:932-934_1379-1383	712	725	IL
7LHD_A:4068-4070_4079-4083	712	725	IL
7OIG_2:932-934_1379-1383	712	725	IL
8QBT_i:932-934_1379-1383	712	725	IL
7OTC_a:932-934_1379-1383	712	725	IL
7UPH_I:931-933_1378-1382	712	725	IL
6ZCE_A:145-150_163-167	713	726	IL
4V8M_AA:607-609_633-640	713	726	IL
4U56_5:3066-3073_3101-3110	713	726	IL
7M4W_a:615-621_639-643	713	726	IL
8Q5I_1:2180-2185_2594-2597	713	726	IL
7UW1_a:615-621_639-643	713	726	IL
6V3E_sN1:615-621_639-643	713	726	IL
4PCJ_A:10-11_24-26	714	727	IL
4FNJ_A:10-11_24-26	714	727	IL
6XYW_2:465-472_501-502	715	728	IL
6XZA_A1:579-585_890-891	715	728	IL
4UJC_A2:1248-1254_1318-1319	715	728	IL
4V9F_0:1799-1805_2116-2118	715	728	IL
4D5Y_2:1248-1254_1318-1319	715	728	IL
6OF6_XA:569-575_874-875	715	728	IL
7OIG_2:319-321_331-332	716	729	IL
4V7H_B5:1177-1179_1266-1267	716	729	IL
8BH7_a:327-329_339-340	716	729	IL
1S03_B:10-13_37-38	716	729	IL
6DZP_A:1541-1543_1624-1625	716	729	IL
4V7E_Aa:459-461_472-474	716	729	IL
6DZI_A:1541-1543_1624-1625	716	729	IL
8QBT_i:319-321_331-332	716	729	IL
6YWY_A:2609-2612_2660-2661	717	730	IL
7D0F_A:198-202_573-575	717	730	IL
6GB2_BA:1070-1072_1456-1459	717	730	IL
4V6W_B2:184-186_196-198	717	730	IL
6V3E_sN1:1437-1439_1481-1483	717	730	IL
8P2F_A:896-898_908-912	717	730	IL
6LSS_5:25-26_51-55	718	731	IL
6Y57_L7:25-26_51-55	718	731	IL
6OLG_A4:25-26_51-55	718	731	IL
6Y2L_L7:25-26_51-55	718	731	IL
6W6L_E:25-26_51-55	718	731	IL
3JAI_7:25-26_51-55	718	731	IL
6LQM_5:25-26_51-55	718	731	IL
6OLZ_A4:25-26_51-55	718	731	IL
6FTG_v:25-26_51-55	718	731	IL
6SWA_s:25-26_51-55	718	731	IL
6OM0_E:25-26_51-55	718	731	IL
4V6X_A7:25-26_51-55	718	731	IL
7CPV_L7:25-26_51-55	718	731	IL
7QGH_N:2464-2465_2495-2498	718	731	IL
9F1C_B7:25-26_51-55	718	731	IL
6Y6X_L7:25-26_51-55	718	731	IL
6Y0G_L7:25-26_51-55	718	731	IL
6QZP_L7:25-26_51-55	718	731	IL
6OLF_E:25-26_51-55	718	731	IL
3DIS_A:18-21_69-72	719	732	IL
3DIM_A:18-21_69-72	719	732	IL
3DIQ_A:18-21_69-72	719	732	IL
3DIR_A:18-21_69-72	719	732	IL
3DIZ_A:18-21_69-72	719	732	IL
5G2X_A:89-96_103-110	720	733	IL
5DM6_X:592-595_606-619	720	733	IL
8EUG_1:1010-1013_1024-1037	720	733	IL
5MYJ_AA:1004-1010_1023-1038	720	733	IL
7D0F_A:452-456_480-494	720	733	IL
7OTC_a:202-205_212-213	721	734	IL
8QBT_i:202-205_212-213	721	734	IL
7OIG_2:202-205_212-213	721	734	IL
4V85_AA:202-205_212-213	721	734	IL
7OIF_1:856-861_914-919	722	735	IL
7UPH_I:2356-2361_2408-2413	722	735	IL
7OTC_A:856-861_914-919	722	735	IL
7JT1_1:856-861_914-919	722	735	IL
7OYC_51:2019-2022_2033-2035	723	736	IL
5EL5_1L:3-6_69-71	723	736	IL
5O60_A:1550-1553_1616-1618	723	736	IL
8EUG_1:749-750_776-781	723	736	IL
6ZXE_2:1633-1636_1659-1667	724	737	IL
7UNU_a:612-618_636-640	724	737	IL
6SPB_A:854-859_898-902	724	737	IL
6SKG_BA:430-434_483-488	724	737	IL
6TH6_BA:430-434_483-488	724	737	IL
5LMN_A:1109-1113_1128-1134	724	737	IL
3J3V_A:933-939_1016-1022	724	737	IL
4V4S_AA:406-413_424-430	725	738	IL
3J2G_N:771-777_801-804	725	738	IL
3J28_N:771-777_801-804	725	738	IL
3J28_N:1245-1251_1282-1288	726	739	IL
8UU9_a:1325-1329_1352-1356	726	739	IL
7UPH_I:1768-1771_1864-1869	726	739	IL
6W6P_a:1333-1337_1360-1364	726	739	IL
9BH5_B2:1727-1730_1741-1744	727	740	IL
4V9F_0:1234-1237_1251-1254	727	740	IL
5O61_BA:460-463_470-473	727	740	IL
3JD5_A:235-241_248-256	728	741	IL
6SPB_A:870-875_881-887	728	741	IL
4V4N_B2:467-473_480-488	728	741	IL
8UU5_A:1762-1767_1772-1778	729	742	IL
6ZU5_L50:2112-2114_2132-2136	729	742	IL
6AWB_A:1353-1357_1366-1370	729	742	IL
5XXB_1:3173-3175_3193-3197	729	742	IL
6DZP_A:1575-1578_1589-1592	730	743	IL
6DZI_A:1575-1578_1589-1592	730	743	IL
4V4B_B4:77-83_103-108	731	744	IL
8PPK_2:1647-1655_1674-1679	731	744	IL
3JBO_AA:375-378_389-403	731	744	IL
5T2A_2:1240-1244_1255-1262	731	744	IL
5DCV_D:21-28_35-38	732	745	IL
7UVZ_A:1180-1187_1327-1328	732	745	IL
6K0A_Y:125-132_141-145	732	745	IL
6SPB_A:1196-1203_1222-1226	732	745	IL
7UNR_A:1834-1835_1891-1894	733	746	IL
7LHD_A:1109-1110_1170-1173	733	746	IL
8CRX_b:29-30_50-53	733	746	IL
8CRX_A:74-75_424-426	733	746	IL
5IEM_A:10-11_43-46	733	746	IL
1XSG_A:4-6_21-22	733	746	IL
4V8M_BE:22-28_184-195	734	747	IL
5X8P_A:1070-1079_1134-1139	734	747	IL
6ZVK_e2:2562-2567_2579-2586	734	747	IL
4V8P_A1:2889-2891_2909-2913	735	748	IL
6NU2_AA:811-813_883-886	735	748	IL
6ZQA_D3:515-517_537-544	736	749	IL
9CES_W:41-44_59-63	736	749	IL
5V8I_2A:328-333_417-418	736	749	IL
8RW1_2:1485-1491_1510-1515	737	750	IL
4PCJ_A:7-10_26-27	738	751	IL
4FNJ_A:7-10_26-27	738	751	IL
6OM7_S2:397-399_406-408	739	752	IL
6G18_2:1577-1579_1588-1589	739	752	IL
6QZP_S2:397-399_406-408	739	752	IL
6OM0_S2:397-399_406-408	739	752	IL
3J3V_A:1577-1579_1587-1588	739	752	IL
4V6U_B1:834-839_856-862	740	753	IL
4V8M_BA:931-936_953-959	740	753	IL
4V8B_BA:1309-1315_2033-2038	741	754	IL
4V4N_A1:770-775_787-791	741	754	IL
6FYY_2:1503-1509_1528-1533	741	754	IL
4V8E_AA:1309-1315_2033-2038	741	754	IL
7UG6_1:869-875_890-897	741	754	IL
6SKG_BA:2672-2675_2685-2688	742	755	IL
6SPB_A:1514-1517_1533-1537	742	755	IL
6TH6_BA:2672-2675_2685-2688	742	755	IL
6SPD_A:2702-2706_2747-2749	742	755	IL
8RW1_2:485-488_495-498	742	755	IL
1C2W_B:855-859_916-920	742	755	IL
5J8A_BA:202-206_211-213	742	755	IL
3G6E_9:74-80_100-105	743	756	IL
3CCJ_9:74-80_100-105	743	756	IL
3CCR_9:74-80_100-105	743	756	IL
6ZU5_L70:70-77_97-103	743	756	IL
6ZVK_K3:1097-1102_1129-1133	743	756	IL
8OVE_BG:45-52_57-63	743	756	IL
4U4Z_3:71-79_99-105	744	757	IL
4U50_3:71-79_99-105	744	757	IL
7S0S_C:2157-2168_2184-2187	745	758	IL
6CZR_1a:1325-1331_1338-1346	745	758	IL
7OTC_A:1933-1944_1960-1963	745	758	IL
5X8P_A:1947-1958_1974-1977	745	758	IL
7OIF_1:1933-1944_1960-1963	745	758	IL
6PCT_I:1692-1697_1702-1708	746	759	IL
7RQE_1A:1753-1758_2049-2052	746	759	IL
6FXC_Ba:583-587_760-764	746	759	IL
8T8B_1A:1753-1758_2049-2052	746	759	IL
4V4G_HB:630-634_755-762	747	760	IL
4V6U_B1:80-84_96-103	747	760	IL
6FYY_2:999-1010_1026-1034	748	761	IL
6SPD_A:1873-1881_1905-1913	748	761	IL
4V8P_A1:396-399_488-491	749	762	IL
7P7S_A:2861-2864_2888-2892	749	762	IL
6AAY_B:26-30_49-53	749	762	IL
5V93_A:2089-2092_2150-2155	749	762	IL
6ZLW_2:1535-1537_1694-1700	749	762	IL
6O8Z_A:2653-2657_2791-2799	750	763	IL
6N7P_R:372-380_455-457	751	764	IL
8T8B_1A:1101-1107_1222-1227	751	764	IL
7RQE_1A:1101-1107_1222-1227	751	764	IL
7LHD_A:2626-2629_2639-2641	752	765	IL
4V5S_CW:3-5_66-69	752	765	IL
7LHD_A:1699-1701_1731-1733	753	766	IL
3Q1Q_C:31-34_43-47	754	767	IL
5MYJ_BA:807-809_819-823	754	767	IL
3Q1R_C:31-34_43-47	754	767	IL
5XYI_2:1388-1392_1403-1407	754	767	IL
7PNW_A:238-244_251-259	755	768	IL
7S0S_C:1549-1556_1613-1619	755	768	IL
6OF6_XA:515-521_528-536	755	768	IL
6TMF_A:1195-1201_1232-1238	756	769	IL
6SPE_a:1238-1245_1276-1283	756	769	IL
7UPH_I:2374-2378_2391-2395	756	769	IL
3J2G_N:1244-1251_1282-1289	756	769	IL
4V4N_B2:1206-1212_1243-1249	756	769	IL
5ZEP_a:1241-1247_1278-1285	756	769	IL
3J7R_5:125-127_143-146	757	770	IL
9CAI_A5:2478-2481_2926-2927	757	770	IL
6SPB_A:1825-1828_1890-1891	757	770	IL
6XYW_1:1852-1855_1911-1912	757	770	IL
4V91_1:1902-1908_1918-1924	758	771	IL
5MRF_A:1709-1714_1720-1727	759	772	IL
7QH4_A:1250-1257_1276-1280	760	773	IL
7QH4_A:2160-2167_2186-2190	760	773	IL
5T2C_AA:1528-1534_1565-1570	760	773	IL
7QH4_A:1733-1738_1743-1749	761	774	IL
6SPB_A:2726-2730_2750-2754	761	774	IL
6SPB_A:597-601_609-613	761	774	IL
7QEP_3:811-814_1164-1168	761	774	IL
8E5T_1:522-523_543-548	762	775	IL
7C7A_A:22-23_326-331	762	775	IL
1C2W_B:1350-1354_1375-1379	762	775	IL
6O8X_B:20-25_56-57	763	776	IL
8Y39_B:20-25_56-57	763	776	IL
6FXC_BB:20-25_56-57	763	776	IL
7OTC_A:1202-1205_1239-1241	764	777	IL
7UPH_I:2696-2700_2732-2735	764	777	IL
7OIF_1:1202-1205_1239-1241	764	777	IL
7JT1_1:1202-1205_1239-1241	764	777	IL
8HL5_A5S:34-38_44-48	765	778	IL
5V7Q_B:32-36_42-46	765	778	IL
5O60_B:34-38_44-48	765	778	IL
5O61_B:34-38_44-48	765	778	IL
6DZP_B:34-38_44-48	765	778	IL
6DZI_B:34-38_44-48	765	778	IL
7UVV_B:31-35_41-45	765	778	IL
7Y41_B:34-38_44-48	765	778	IL
8BH7_a:1265-1268_1287-1292	765	778	IL
7MSM_B:32-36_42-46	765	778	IL
7S0S_i:34-38_44-48	765	778	IL
1C2W_B:1849-1859_1881-1891	766	779	IL
1C2W_B:2842-2850_2865-2873	766	779	IL
7P7S_A:582-585_598-601	767	780	IL
6ZN5_2:1238-1242_1268-1269	767	780	IL
6DZP_A:321-326_447-451	768	781	IL
6DZI_A:321-326_447-451	768	781	IL
4UER_A:185-188_195-198	769	782	IL
4V7E_Aa:1995-1998_2011-2014	769	782	IL
8RW1_2:184-187_194-197	769	782	IL
8SA5_A:85-89_152-157	770	783	IL
8SA6_A:85-89_152-157	770	783	IL
6OM7_t:1387-1389_1396-1397	771	784	IL
6OM0_t:1387-1389_1396-1397	771	784	IL
6TH6_BA:51-53_578-579	771	784	IL
6OLF_t:1387-1389_1396-1397	771	784	IL
4V7E_Aa:3186-3188_3193-3194	771	784	IL
6SKG_BA:51-53_578-579	771	784	IL
6OLE_t:1387-1389_1396-1397	771	784	IL
6Z1P_Aa:76-80_106-113	772	785	IL
8BUU_A:1320-1327_1346-1350	772	785	IL
7CPU_S2:359-364_380-386	773	786	IL
6SPD_A:223-228_237-243	773	786	IL
6Y57_D4:12-15_24-27	774	787	IL
7LHD_A:692-695_735-739	774	787	IL
6OLG_B1:957-959_1018-1024	775	788	IL
4V4B_B3:1071-1074_1184-1191	775	788	IL
4V4N_B2:637-641_652-659	775	788	IL
7OLC_2:1506-1513_1545-1553	775	788	IL
3OWI_A:30-34_69-71	776	789	IL
3JD5_A:412-416_432-436	776	789	IL
3OXJ_A:30-34_69-71	776	789	IL
4TZP_C:27-31_75-77	777	790	IL
4V8M_BB:1253-1255_1317-1321	777	790	IL
7QH4_A:1245-1249_1281-1285	777	790	IL
7JT1_1:1845-1848_1892-1893	778	791	IL
7OIF_1:1845-1848_1892-1893	778	791	IL
4V4N_A1:1413-1414_1462-1464	778	791	IL
6DZP_A:1935-1940_1950-1955	779	792	IL
8UU5_A:2170-2180_2238-2239	779	792	IL
7QH4_A:751-756_773-779	779	792	IL
6DZI_A:1935-1940_1950-1955	779	792	IL
6OF6_XA:159-164_179-185	780	793	IL
5MYJ_AA:604-612_632-637	780	793	IL
5DAT_5:600-603_614-627	780	793	IL
6W6L_t:2788-2796_2800-2807	780	793	IL
7S0S_C:1936-1940_1952-1956	781	794	IL
7Y41_A:1936-1940_1952-1956	781	794	IL
8RW1_2:625-629_966-970	781	794	IL
6TMF_A:626-630_641-648	781	794	IL
6OLF_S2:1597-1601_1647-1650	782	795	IL
8CKU_Bb:2-5_66-69	782	795	IL
6ZOJ_2:1566-1569_1605-1608	782	795	IL
7PUB_CA:225-227_252-254	783	796	IL
6G5I_2:376-378_388-390	783	796	IL
7A09_2:528-530_557-558	783	796	IL
7LHD_A:2725-2727_2740-2742	783	796	IL
6ZXG_2:529-531_553-554	783	796	IL
6ZU5_S60:495-497_524-525	783	796	IL
6WLK_A:5-7_124-125	783	796	IL
7UG6_1:1460-1462_1470-1472	783	796	IL
6ZQA_D3:519-522_533-534	783	796	IL
5XYU_A:411-415_429-430	783	796	IL
6ZVJ_2:528-530_557-558	783	796	IL
6ZXH_2:529-531_553-554	783	796	IL
6ZXF_2:529-531_553-554	783	796	IL
3IZ4_A:270-272_287-289	783	796	IL
8RW1_2:702-707_729-734	784	797	IL
8Q5I_1:1278-1283_1325-1328	784	797	IL
3J2G_N:593-595_641-642	785	798	IL
3J2D_N:593-595_641-642	785	798	IL
3J2C_N:593-595_641-642	785	798	IL
3J28_N:593-595_641-642	785	798	IL
7UPH_I:1050-1054_1202-1204	786	799	IL
8BH7_a:1063-1067_1214-1217	786	799	IL
7QV3_a:685-689_700-707	787	800	IL
6FYY_2:530-532_552-559	787	800	IL
7P7S_a:702-706_717-724	787	800	IL
6Q9A_4:141-144_169-176	787	800	IL
3JD5_A:853-856_899-902	788	801	IL
7JT1_1:2679-2683_2724-2726	788	801	IL
7OTC_A:2679-2683_2724-2726	788	801	IL
7UPH_I:4173-4177_4218-4220	788	801	IL
7OIF_1:2679-2683_2724-2726	788	801	IL
6IP8_2m:189-195_206-211	789	802	IL
5LKS_S2:189-195_206-211	789	802	IL
5T2C_AA:189-195_206-211	789	802	IL
4V8B_BA:629-633_643-647	790	803	IL
4V8E_AA:629-633_643-647	790	803	IL
7RQE_1A:2744-2745_2760-2764	791	804	IL
8T8B_1A:2744-2745_2760-2764	791	804	IL
7PUB_CA:92-95_131-136	792	805	IL
8BH6_a:1129-1132_1149-1153	792	805	IL
5XYI_2:940-942_990-996	792	805	IL
5LKS_L5:2022-2030_2041-2046	793	806	IL
6TH6_BA:2499-2501_2525-2541	793	806	IL
4V8M_BB:649-652_659-672	793	806	IL
8VS9_TMRN:146-150_163-167	794	807	IL
6Q98_4:146-150_163-167	794	807	IL
7OTC_A:2123-2126_2160-2173	795	808	IL
6SPB_A:2111-2116_2148-2163	795	808	IL
7OIF_1:2123-2126_2160-2173	795	808	IL
7UPH_I:1580-1584_1596-1604	795	808	IL
7UPH_I:3617-3620_3654-3667	795	808	IL
6ZMT_2:514-515_602-607	796	809	IL
4V6X_A5:2293-2297_2419-2426	796	809	IL
4V8M_AA:138-145_381-387	797	810	IL
3IZ4_A:157-159_184-190	797	810	IL
4V7E_Aa:1189-1197_1317-1322	797	810	IL
6Q97_4:212-217_232-237	797	810	IL
1FMN_A:8-13_22-26	798	811	IL
3J28_N:1400-1402_1495-1498	798	811	IL
1IE2_A:3-8_13-18	798	811	IL
4NYB_A:14-15_32-39	798	811	IL
1SCL_A:7-12_17-21	798	811	IL
1ULL_A:4-7_26-30	798	811	IL
8HL5_A16S:538-544_853-854	799	812	IL
4V4B_B3:379-382_399-400	799	812	IL
2KTZ_A:4-10_32-33	799	812	IL
7QH4_W:581-587_893-894	799	812	IL
3J7R_5:82-89_97-103	800	813	IL
7UQB_1:84-89_98-104	800	813	IL
6SPB_A:1250-1257_1999-2005	800	813	IL
6SPB_A:240-246_254-259	800	813	IL
4V4G_HB:2330-2332_2343-2344	801	814	IL
4W29_AX:48-50_62-64	801	814	IL
6W6L_t:1250-1252_1263-1264	801	814	IL
6ZMI_L5:3970-3973_4000-4001	801	814	IL
7JT3_3:448-452_476-481	802	815	IL
8HL5_A23S:193-198_207-213	802	815	IL
8A3L_A:448-452_476-481	802	815	IL
8T8B_1A:1498-1499_1666-1670	803	816	IL
7RQE_1A:1498-1499_1666-1670	803	816	IL
5VYC_i5:443-447_456-461	804	817	IL
3IGI_A:31-35_278-283	804	817	IL
6SWD_2:558-563_583-587	805	818	IL
7ZHG_2:558-563_583-587	805	818	IL
7QV3_a:1248-1254_1285-1291	805	818	IL
6SPB_A:2639-2646_2651-2657	806	819	IL
5MYJ_BA:320-324_372-378	807	820	IL
6Z1P_Ab:381-385_398-403	807	820	IL
8OIQ_B8:1506-1511_1533-1538	807	820	IL
8CST_A:924-929_937-941	807	820	IL
7QEP_2:31-35_40-44	807	820	IL
7LHD_A:1125-1129_1150-1154	807	820	IL
4D5Y_2:4854-4858_4898-4901	808	821	IL
6FYY_2:1668-1671_1759-1762	808	821	IL
6ZMW_A:1363-1366_1830-1834	808	821	IL
4UJC_A2:4854-4858_4898-4901	808	821	IL
8P2F_A:2783-2787_2828-2830	808	821	IL
6OLG_A2:117-122_143-150	809	822	IL
6UFM_B:34-40_63-71	809	822	IL
6OLI_t:117-122_143-150	809	822	IL
5XYM_A:184-188_201-208	809	822	IL
4V7H_B5:81-87_95-100	810	823	IL
5X8P_A:2669-2674_2679-2683	810	823	IL
8Y39_A:39-44_589-594	810	823	IL
7Y41_A:2876-2881_2886-2890	810	823	IL
7OTC_A:2652-2657_2662-2666	810	823	IL
7JT3_3:1429-1433_1464-1467	811	824	IL
5MRF_aa:831-837_963-968	811	824	IL
2JTP_A:10-14_20-23	811	824	IL
4V77_AA:1427-1433_1464-1469	811	824	IL
3J2G_N:1428-1433_1464-1468	811	824	IL
8A3L_A:1428-1433_1464-1468	811	824	IL
8CDV_A:531-536_566-573	812	825	IL
1C2W_B:671-677_798-807	812	825	IL
7P7S_A:1058-1060_1196-1197	813	826	IL
3J7P_S2:1432-1434_1445-1447	813	826	IL
7D0G_A:474-476_520-521	813	826	IL
7LHD_A:2285-2287_2298-2299	813	826	IL
6XIQ_4:64-66_91-92	813	826	IL
3J7R_5:122-123_148-153	813	826	IL
5MRF_A:1826-1828_1864-1865	813	826	IL
3JBP_7:4-6_64-65	813	826	IL
4TZP_C:5-11_93-96	814	827	IL
6WLK_A:31-37_92-95	814	827	IL
6UFM_B:2-9_22-26	814	827	IL
6UFH_A:2-9_22-26	814	827	IL
5NPM_B:24-31_50-54	814	827	IL
4U56_5:2161-2166_2171-2177	815	828	IL
8GXC_A:5-18_37-39	816	829	IL
5KPY_A:34-42_58-62	816	829	IL
6ZVK_K3:1406-1412_1432-1438	816	829	IL
8OLW_A:300-307_320-325	816	829	IL
5O60_A:1936-1941_1951-1956	817	830	IL
5O61_A:1936-1941_1951-1956	817	830	IL
8BH7_a:611-619_635-641	818	831	IL
6Q9A_4:201-208_219-226	818	831	IL
4V8B_BA:2857-2862_2875-2879	819	832	IL
6ZMW_A:1753-1759_1778-1784	819	832	IL
4V8E_AA:2857-2862_2875-2879	819	832	IL
6FXC_Ba:1264-1268_1277-1281	819	832	IL
4V4N_B2:556-562_582-587	819	832	IL
5O61_A:1539-1542_1626-1631	820	833	IL
5O60_A:1539-1542_1626-1631	820	833	IL
8VS9_TMRN:253-256_272-276	821	834	IL
6Q98_4:253-256_272-276	821	834	IL
8OIN_AA:534-538_821-825	821	834	IL
4UER_A:37-40_465-469	821	834	IL
6ZVK_K3:36-39_513-517	821	834	IL
7UPH_I:1872-1874_1898-1901	821	834	IL
7Y41_B:23-28_56-60	822	835	IL
4V8M_AA:63-68_78-82	822	835	IL
3OWI_A:37-41_60-65	822	835	IL
5AJ0_A2:380-384_407-413	822	835	IL
3OXJ_A:37-41_60-65	822	835	IL
6DZP_A:2960-2964_2984-2988	823	836	IL
4V61_BB:22-27_53-57	823	836	IL
6DZI_A:2960-2964_2984-2988	823	836	IL
8UVR_2a:454-458_481-486	824	837	IL
8WID_a:1278-1282_1305-1309	824	837	IL
6R6G_AF:141-145_156-160	824	837	IL
5V8I_2A:1890-1894_1917-1921	824	837	IL
7JT1_1:2686-2690_2717-2721	825	838	IL
7UPH_I:4180-4184_4211-4215	825	838	IL
7OTC_A:2686-2690_2717-2721	825	838	IL
7OIF_1:2686-2690_2717-2721	825	838	IL
6XYW_2:1563-1565_1694-1697	826	839	IL
5MYJ_BA:2055-2057_2613-2616	826	839	IL
6SPB_A:2042-2044_2600-2603	826	839	IL
7UPH_I:986-988_1213-1215	826	839	IL
6IP8_1A:4454-4456_4464-4467	826	839	IL
8SH5_R:15-24_72-73	827	840	IL
4V6W_A5:2752-2757_2770-2775	827	840	IL
6TMF_A:1203-1206_1225-1230	827	840	IL
3JBP_A:965-972_983-988	827	840	IL
7QH4_W:253-258_288-295	828	841	IL
4V6U_B1:2984-2989_3011-3015	829	842	IL
7UNR_A:602-606_614-618	829	842	IL
4V7E_Aa:3323-3328_3358-3362	829	842	IL
6SKG_BB:23-28_59-60	830	843	IL
7CPV_L5:4547-4551_4591-4594	830	843	IL
6V3B_AN1:1019-1026_1166-1167	830	843	IL
7P7T_B:21-26_57-58	830	843	IL
4V6U_B3:18-23_54-55	830	843	IL
4V4N_A3:18-23_54-55	830	843	IL
5XYM_B:24-29_60-61	830	843	IL
4V4B_AA:1449-1454_1463-1465	830	843	IL
8P2F_B:21-26_57-58	830	843	IL
5XY3_3:20-25_56-57	830	843	IL
7LHD_A:622-626_640-642	830	843	IL
4UJC_A2:4826-4832_4837-4842	831	844	IL
4D5Y_2:4826-4832_4837-4842	831	844	IL
6G18_2:580-585_607-608	832	845	IL
7UQB_1:1553-1557_1565-1567	832	845	IL
5OA3_2:572-577_599-600	832	845	IL
4V6U_B1:1821-1823_2118-2120	833	846	IL
4V7E_Aa:1890-1892_2336-2338	833	846	IL
8RW1_2:1155-1158_1614-1618	834	847	IL
7QH4_A:913-917_958-961	834	847	IL
6ZVK_K3:1213-1216_1680-1684	834	847	IL
7PNW_A:864-866_893-896	835	848	IL
7PNW_A:417-420_438-441	835	848	IL
6SPB_A:1654-1656_1983-1985	835	848	IL
7LHD_A:2034-2036_2121-2124	835	848	IL
6OM7_S2:795-797_884-887	835	848	IL
6ZVK_K3:458-460_467-470	835	848	IL
6FXC_Ba:1404-1406_1507-1510	835	848	IL
8OIQ_B8:797-799_989-991	835	848	IL
7PNW_A:286-292_484-485	836	849	IL
6Y2L_S2:820-826_1316-1317	836	849	IL
4U4Z_3:31-35_40-44	837	850	IL
3J3V_B:31-35_41-45	837	850	IL
4V8Z_B7:31-35_40-44	837	850	IL
4V7E_Aa:1169-1173_1331-1335	837	850	IL
4U50_3:31-35_40-44	837	850	IL
5IEM_A:15-18_36-37	837	850	IL
3JBO_AA:2829-2832_2963-2969	837	850	IL
4V7E_Aa:3054-3059_3084-3088	837	850	IL
5MYJ_BB:67-75_93-101	838	851	IL
6CZR_1a:969-975_988-995	838	851	IL
6Y0G_L5:1434-1439_1448-1453	839	852	IL
6ZTO_AA:1255-1261_1292-1298	839	852	IL
6LSS_2:1433-1440_1447-1454	839	852	IL
7UG6_1:713-716_727-740	839	852	IL
6LU8_2:1433-1440_1447-1454	839	852	IL
6OLZ_A2:2291-2296_2301-2307	839	852	IL
9CAI_A5:2235-2238_2372-2382	840	853	IL
6WLK_A:47-48_71-82	840	853	IL
6DZP_A:1537-1541_1625-1631	841	854	IL
6DZI_A:1537-1541_1625-1631	841	854	IL
4V7H_B5:2833-2838_2865-2869	842	855	IL
4V7H_B5:2781-2787_2918-2926	842	855	IL
4V8B_BA:822-824_834-838	843	856	IL
4V6X_A5:5014-5016_5034-5038	843	856	IL
4V8E_AA:822-824_834-838	843	856	IL
5I4L_2:1498-1505_1537-1545	844	857	IL
6FYY_2:1495-1502_1534-1542	844	857	IL
6SPG_B:69-77_95-103	844	857	IL
7QV3_B:66-74_92-100	844	857	IL
7QEP_1:34-39_593-598	844	857	IL
4V71_BB:70-78_96-104	844	857	IL
7Y41_A:1559-1561_1608-1610	845	858	IL
6IP8_2m:1405-1407_1442-1444	845	858	IL
7QDU_Q:193-195_211-213	845	858	IL
5LKS_L5:1858-1861_1872-1874	845	858	IL
7LHD_A:1662-1666_1747-1750	846	859	IL
6AZ3_4:74-78_118-121	846	859	IL
4V8M_BG:74-78_118-121	846	859	IL
8OVE_BG:74-78_118-121	846	859	IL
5X8P_A:291-295_362-365	846	859	IL
4V71_BB:23-27_55-58	847	860	IL
4V4N_A3:29-33_39-43	847	860	IL
4V6U_B1:311-318_397-400	847	860	IL
4V6U_B3:29-33_39-43	847	860	IL
3IIN_B:101-103_118-120	848	861	IL
7QEP_1:6-8_606-607	848	861	IL
4V91_1:1265-1267_1274-1275	848	861	IL
4V7H_B5:1456-1458_1472-1474	848	861	IL
5X8P_A:2119-2121_2195-2197	848	861	IL
4UE4_A:112-115_211-212	848	861	IL
7CPU_S2:813-820_850-851	849	862	IL
4V7H_B5:990-995_1012-1017	849	862	IL
6YWE_aa:1053-1060_1089-1090	849	862	IL
6AWB_A:598-605_634-635	849	862	IL
4U4Z_3:25-26_52-56	850	863	IL
8BH7_a:299-300_311-315	850	863	IL
4V91_3:25-26_52-56	850	863	IL
4U50_3:25-26_52-56	850	863	IL
8HL5_A23S:1869-1874_1879-1885	851	864	IL
7P7S_A:2865-2870_2883-2887	851	864	IL
2QBZ_X:53-58_69-74	851	864	IL
7UG6_1:1142-1146_1268-1275	851	864	IL
7B0Y_a:92-94_112-115	852	865	IL
6QX9_1:92-94_112-115	852	865	IL
6ZVH_2:467-469_491-494	852	865	IL
6SPB_A:1468-1470_1495-1499	852	865	IL
6RM3_L50:797-799_809-813	852	865	IL
6SPB_A:1786-1792_1801-1809	853	866	IL
1C2X_C:22-30_50-59	853	866	IL
7QH4_A:1829-1835_1844-1852	853	866	IL
7OIF_1:863-867_908-911	854	867	IL
5X8P_A:1493-1497_1546-1549	854	867	IL
6AWB_A:544-548_572-577	854	867	IL
8P2F_A:965-969_1051-1054	854	867	IL
2J37_Z:88-92_100-102	854	867	IL
3JBP_AB:30-34_39-43	854	867	IL
6TH6_BA:413-418_499-502	854	867	IL
7S0S_C:978-983_1023-1026	854	867	IL
4V5O_BA:750-765_775-780	855	868	IL
6ZVK_K3:1280-1293_1304-1315	855	868	IL
8EVS_B5:717-731_737-749	855	868	IL
7QGH_N:1869-1872_1879-1883	856	869	IL
6WNV_4:1997-2000_2007-2011	856	869	IL
6CZR_1a:874-879_1181-1184	857	870	IL
3J3V_A:786-787_852-854	857	870	IL
6IP5_1A:4892-4900_4925-4932	858	871	IL
6IP6_1A:4892-4900_4925-4932	858	871	IL
6IP8_1A:4892-4900_4925-4932	858	871	IL
8FON_RB:24-29_57-61	859	872	IL
4V4S_BB:24-29_57-61	859	872	IL
8Q5I_1:2197-2202_2207-2213	859	872	IL
6SPB_A:665-669_790-797	859	872	IL
6SPB_A:189-194_203-209	859	872	IL
6SPB_A:473-476_488-501	859	872	IL
7JIL_1:813-817_938-945	859	872	IL
4V8M_BA:1085-1088_1211-1213	860	873	IL
1L1C_C:1-3_24-27	860	873	IL
7SUK_8:937-941_951-953	860	873	IL
4V77_AA:672-676_710-714	860	873	IL
7LHD_A:1382-1386_1552-1554	860	873	IL
6Y57_S2:1162-1166_1177-1184	861	874	IL
7JIL_2:1443-1447_1469-1472	861	874	IL
8RW1_2:1537-1541_1564-1568	861	874	IL
7LHD_A:3091-3095_3117-3121	861	874	IL
4X4S_B:1-3_33-34	862	875	IL
4X4R_B:1-3_33-34	862	875	IL
6SPB_A:2624-2628_2762-2770	863	876	IL
7QH4_A:2667-2671_2805-2813	863	876	IL
6SKG_BA:901-905_1028-1035	864	877	IL
6TH6_BA:901-905_1028-1035	864	877	IL
4UER_A:685-694_708-717	865	878	IL
4V8M_AA:1751-1754_1820-1835	865	878	IL
8HL5_A23S:861-866_883-889	865	878	IL
6UZ7_5:3239-3247_3265-3270	865	878	IL
8Y39_A:2170-2182_2236-2239	865	878	IL
7MT7_a:606-612_630-634	865	878	IL
6ZVK_e2:1596-1605_1748-1750	865	878	IL
6OLG_A2:1278-1287_1406-1407	865	878	IL
7MT3_A:2362-2372_2430-2431	865	878	IL
8BQD_BQ:3110-3117_3122-3128	866	879	IL
6UZ7_5:3079-3085_3090-3095	866	879	IL
7OTC_A:81-84_96-103	867	880	IL
7OIF_1:81-84_96-103	867	880	IL
7JT1_1:81-84_96-103	867	880	IL
6HAG_A:4-7_16-19	868	881	IL
4V8B_BA:2751-2755_2775-2779	869	882	IL
4V8E_AA:2751-2755_2775-2779	869	882	IL
6IP6_2m:189-194_207-211	870	883	IL
5T2C_AA:315-319_332-336	870	883	IL
6IP5_2m:189-194_207-211	870	883	IL
4V7H_AA:1503-1507_1530-1534	871	884	IL
7P7S_a:1295-1301_1332-1338	871	884	IL
7UQB_1:1679-1683_1863-1868	871	884	IL
6V3B_AN1:1013-1017_1169-1173	871	884	IL
9BH5_B2:1459-1466_1489-1494	871	884	IL
4UG0_L5:1668-1673_1682-1687	871	884	IL
6XYW_1:1436-1442_1470-1475	871	884	IL
6XYW_2:1614-1620_1640-1646	871	884	IL
6ZTO_AA:250-255_285-292	871	884	IL
5DAT_5:2890-2892_2910-2914	872	885	IL
4V7H_AA:296-301_331-338	872	885	IL
6AZ3_4:30-34_166-172	873	886	IL
4V7E_Ac:118-121_132-135	873	886	IL
8OVE_BG:30-34_166-172	873	886	IL
6XYW_2:879-886_1542-1548	874	887	IL
5MYJ_BB:19-25_51-56	874	887	IL
4V77_AA:146-151_166-172	874	887	IL
6RM3_L50:326-332_340-345	874	887	IL
8RW1_2:142-147_163-169	874	887	IL
6SPE_a:140-145_160-166	874	887	IL
8A3L_A:146-151_166-172	874	887	IL
7JT3_3:146-151_166-172	874	887	IL
5LKS_S2:175-178_601-603	875	888	IL
7B0Y_a:20-23_40-42	875	888	IL
6OLZ_B1:479-481_490-493	876	889	IL
2RRC_A:4-5_14-16	876	889	IL
6GAW_AA:189-193_207-208	876	889	IL
6TMF_A:355-359_373-374	876	889	IL
8BH7_a:378-382_396-397	876	889	IL
4UER_A:442-446_459-460	876	889	IL
4V4N_B2:366-370_384-385	876	889	IL
6W6L_t:2337-2342_2661-2663	877	890	IL
4V7E_Aa:2200-2204_2229-2231	877	890	IL
8QBT_A:1712-1717_2065-2067	877	890	IL
6Y57_S2:809-819_844-847	878	891	IL
7UNR_A:1791-1797_1806-1814	878	891	IL
4V8M_BA:1285-1292_1442-1453	878	891	IL
6FEC_A:860-864_875-882	878	891	IL
6ZN5_2:807-813_820-828	878	891	IL
6PCT_I:1804-1810_1819-1827	878	891	IL
3J3V_A:763-767_888-895	878	891	IL
2LKR_A:7-13_95-102	878	891	IL
7UG6_1:1555-1563_1620-1624	878	891	IL
8I9R_C4:31-35_40-44	879	892	IL
9BH5_A7:31-35_40-44	879	892	IL
6ZVK_K3:215-216_303-311	879	892	IL
6IP5_1A:4860-4866_4871-4876	880	893	IL
8HFR_1e:1305-1312_1432-1437	880	893	IL
4V7E_Aa:2449-2460_2495-2497	880	893	IL
6TMF_A:721-725_741-745	881	894	IL
5DM6_X:1109-1113_1264-1268	881	894	IL
4V7E_Aa:836-840_857-861	881	894	IL
6SPE_a:1251-1255_1264-1268	881	894	IL
7PIS_3:1724-1729_2018-2021	882	895	IL
2HGH_B:23-28_39-43	882	895	IL
7OTC_A:2128-2135_2154-2158	882	895	IL
6T3K_A:148-155_220-224	882	895	IL
6OLG_A2:2718-2724_2789-2792	882	895	IL
8UVR_2a:878-885_896-901	883	896	IL
7OYC_51:1255-1258_1269-1282	883	896	IL
6AWB_A:503-510_521-527	883	896	IL
6ZOJ_2:310-315_331-337	883	896	IL
6G18_2:1256-1260_1286-1287	884	897	IL
8WID_a:488-494_501-509	885	898	IL
7P7S_a:533-539_546-554	885	898	IL
6O8Z_A:1951-1962_1978-1981	885	898	IL
8BH6_a:516-522_529-537	885	898	IL
7QV3_a:516-522_529-537	885	898	IL
5MYJ_AA:514-523_530-541	885	898	IL
6O8Z_A:21-26_552-557	885	898	IL
4V6U_B1:1492-1496_1519-1524	886	899	IL
6T3K_A:69-73_112-116	886	899	IL
2J37_Z:119-123_146-152	886	899	IL
8BH7_a:1440-1445_1477-1481	886	899	IL
6QZP_L5:117-121_146-152	886	899	IL
6UFH_A:124-132_160-161	887	900	IL
8HL5_A23S:833-837_961-968	887	900	IL
8EUG_1:1830-1837_1982-1983	887	900	IL
4V6U_B1:2232-2242_2300-2301	887	900	IL
6FEC_A:577-583_590-598	888	901	IL
7CPV_L5:1777-1793_1913-1914	888	901	IL
6O8Z_A:1096-1100_1122-1147	888	901	IL
1C2W_B:1018-1029_1123-1142	888	901	IL
3IYR_A:25-34_303-311	888	901	IL
5A2Q_2:867-873_1363-1364	889	902	IL
6G5H_2:867-873_1363-1364	889	902	IL
6ZLW_2:867-873_1363-1364	889	902	IL
7K5I_2:867-873_1363-1364	889	902	IL
4V4N_B2:1390-1393_1420-1423	890	903	IL
6ZVK_K3:1732-1735_1797-1800	890	903	IL
8BH7_a:1416-1419_1502-1506	890	903	IL
4V5S_CW:49-52_61-63	890	903	IL
6ZVK_K3:565-568_581-583	890	903	IL
6XRZ_A:51-52_66-68	891	904	IL
6ZU5_L70:27-28_47-50	891	904	IL
4V4B_B3:441-443_456-457	891	904	IL
4V8P_A1:2791-2792_2795-2797	891	904	IL
4WFA_X:363-364_386-388	891	904	IL
6ZM7_S2:1453-1455_1630-1631	891	904	IL
6FXC_Ba:1408-1409_1503-1505	891	904	IL
6IP8_1A:388-389_405-407	891	904	IL
5AXW_B:29-30_41-44	891	904	IL
6ZMO_S2:1453-1455_1630-1631	891	904	IL
6ZMI_S2:1453-1455_1630-1631	891	904	IL
7LHD_A:2346-2348_2365-2366	891	904	IL
5X8P_A:167-168_196-198	891	904	IL
7MT7_a:1249-1255_1286-1292	892	905	IL
5O61_BA:1238-1244_1275-1282	892	905	IL
6SWA_q:1833-1837_1896-1901	893	906	IL
4V91_1:2109-2114_2119-2125	893	906	IL
6Y0G_S2:1775-1782_1800-1806	894	907	IL
7QH4_B:73-81_99-107	894	907	IL
3J7R_5:1534-1544_1597-1603	894	907	IL
4U56_5:1438-1448_1542-1556	894	907	IL
7QH4_A:2768-2773_2793-2798	894	907	IL
6G5H_2:561-566_598-605	894	907	IL
7K5I_2:561-566_598-605	894	907	IL
6ZLW_2:561-566_598-605	894	907	IL
6FXC_BB:68-76_93-101	895	908	IL
6YSI_5:70-78_95-103	895	908	IL
8FON_RB:72-80_99-107	895	908	IL
8Y39_B:68-76_93-101	895	908	IL
7UVV_B:68-76_93-101	895	908	IL
7M4W_B:68-76_93-101	895	908	IL
8OO0_1:227-233_241-246	895	908	IL
7OTC_B:70-78_96-104	895	908	IL
8CRX_b:70-78_97-105	895	908	IL
6O8X_B:68-76_94-102	895	908	IL
4V4G_HB:978-984_1078-1093	896	909	IL
4V7H_B3:65-76_88-99	896	909	IL
5OPT_E:2122-2141_2169-2174	896	909	IL
5V93_A:1168-1174_1268-1284	896	909	IL
4V8M_AA:1758-1779_1810-1816	896	909	IL
5V7Q_A:1168-1174_1268-1284	896	909	IL
7KGB_A:1168-1174_1268-1284	896	909	IL
6IP8_2m:1531-1545_1554-1567	896	909	IL
7MT3_A:1168-1174_1268-1284	896	909	IL
6G5H_2:332-346_377-384	896	909	IL
7UNR_A:1461-1464_1513-1517	897	910	IL
6ZVK_K3:926-930_1009-1013	898	911	IL
2J37_Z:209-213_261-266	898	911	IL
7UPH_I:1257-1261_1270-1274	898	911	IL
5O61_BA:1114-1118_1135-1140	899	912	IL
6G18_2:1305-1307_1366-1372	900	913	IL
6Z6N_S2:539-541_552-557	900	913	IL
7LHD_A:527-531_537-540	900	913	IL
5MRF_A:875-878_889-894	900	913	IL
6O8Z_A:332-334_382-386	900	913	IL
6ZU5_L50:817-821_824-825	901	914	IL
5EL5_1L:51-53_63-65	901	914	IL
4V4G_HB:948-951_1112-1114	901	914	IL
6SPB_A:2455-2458_2468-2471	901	914	IL
6EZ0_A:6-7_18-20	901	914	IL
5WTI_B:2-6_34-36	901	914	IL
8HL5_A23S:1225-1229_1242-1245	901	914	IL
4V7E_Aa:2146-2154_2165-2175	902	915	IL
4V8M_BA:903-907_1029-1036	902	915	IL
4V7E_Aa:807-811_933-940	902	915	IL
6ZLW_2:1743-1751_1785-1794	903	916	IL
7K5I_2:1743-1751_1785-1794	903	916	IL
7JIL_1:418-419_484-498	903	916	IL
8UVR_2a:418-425_436-442	903	916	IL
6G5H_2:1743-1752_1785-1794	903	916	IL
6W77_A:591-597_902-903	904	917	IL
7UG6_1:506-507_585-590	904	917	IL
8DZJ_E:74-79_90-94	905	918	IL
6ZON_2:954-961_995-1001	905	918	IL
6ZP4_2:954-961_995-1001	905	918	IL
4P8Z_A:71-74_85-93	906	919	IL
6G7Z_A:95-98_109-117	906	919	IL
4V4N_A1:1225-1231_1351-1356	907	920	IL
7QGH_N:2458-2459_2503-2505	908	921	IL
8WID_a:180-181_192-194	908	921	IL
7KGB_A:2712-2713_2743-2746	908	921	IL
6ZU5_L50:35-36_416-418	908	921	IL
6FXC_Ba:64-66_93-95	908	921	IL
8Y39_A:1088-1090_1226-1227	908	921	IL
6WNV_4:48-49_439-441	908	921	IL
7QGH_N:48-49_439-441	908	921	IL
4V4N_A1:2049-2052_2099-2100	909	922	IL
8P2F_A:1124-1131_1270-1271	909	922	IL
5X8P_A:1855-1858_1906-1907	910	923	IL
7UPH_I:3339-3342_3386-3387	910	923	IL
5O61_A:2062-2065_2116-2117	910	923	IL
4V4N_B2:607-608_704-707	911	924	IL
6TMF_A:596-597_693-696	911	924	IL
6DZP_A:1470-1474_1483-1487	912	925	IL
6DZI_A:1470-1474_1483-1487	912	925	IL
6DZP_A:1547-1552_1615-1619	913	926	IL
6DZI_A:1547-1552_1615-1619	913	926	IL
5O61_A:3067-3072_3085-3089	914	927	IL
4YAZ_R:15-19_34-38	914	927	IL
5O60_A:3067-3072_3085-3089	914	927	IL
4V8M_BE:29-33_177-183	914	927	IL
6SPB_A:1829-1830_1886-1889	915	928	IL
6IP8_1B:26-27_52-56	915	928	IL
6IP6_1B:26-27_52-56	915	928	IL
4WFA_X:1031-1033_1043-1047	915	928	IL
4V7Z_CA:650-651_747-750	915	928	IL
7PNW_A:617-618_684-688	915	928	IL
5T2C_B:26-27_52-56	915	928	IL
7PNW_A:841-843_917-920	915	928	IL
6IP5_1B:26-27_52-56	915	928	IL
5LZS_7:26-27_52-56	915	928	IL
8P2F_A:1179-1182_1196-1199	916	929	IL
4V6X_A5:1253-1257_1441-1443	916	929	IL
6OM7_t:127-130_136-138	917	930	IL
7UQB_1:2774-2776_2786-2788	917	930	IL
5AJ0_A2:1418-1420_1431-1433	917	930	IL
5LKS_L5:1365-1367_1466-1468	917	930	IL
6ZU5_L50:2119-2123_2126-2127	917	930	IL
4C8Z_C:18-20_25-26	917	930	IL
7RQE_1A:859-861_871-875	918	931	IL
8CVM_a:1323-1326_1340-1344	918	931	IL
8T8B_1A:859-861_871-875	918	931	IL
6PCT_I:275-277_372-376	918	931	IL
8HL5_A23S:1659-1663_1695-1699	919	932	IL
6AHR_A:178-184_219-222	919	932	IL
4V7E_Aa:2522-2528_2586-2589	919	932	IL
6AHU_A:178-184_219-222	919	932	IL
6DZI_A:2156-2167_2183-2186	920	933	IL
6DZP_A:2156-2167_2183-2186	920	933	IL
8EUG_1:2363-2373_2403-2409	920	933	IL
3J9M_AA:866-870_912-915	921	934	IL
4V7H_B5:523-528_549-553	921	934	IL
6ZSC_AA:865-869_911-914	921	934	IL
4E8N_A:298-305_318-323	922	935	IL
7RQE_1A:306-307_310-312	923	936	IL
7PAS_4:2-4_106-107	923	936	IL
8T8B_1A:306-307_310-312	923	936	IL
8SA5_A:103-110_133-135	924	937	IL
8HL5_A16S:1095-1102_1113-1117	924	937	IL
7UG6_1:3106-3110_3124-3126	925	938	IL
7Y41_A:1204-1208_1217-1219	925	938	IL
5X8P_A:1114-1118_1127-1129	925	938	IL
4V8M_BD:25-26_51-55	926	939	IL
8I9R_C4:25-26_52-56	926	939	IL
5I4L_7:25-26_52-56	926	939	IL
7QEP_2:25-26_51-55	926	939	IL
9BH5_A7:25-26_51-55	926	939	IL
4UER_A:57-62_86-88	926	939	IL
4V8Z_B7:25-26_52-56	926	939	IL
4V8M_BH:71-76_96-102	927	940	IL
8CDV_A:894-900_920-924	927	940	IL
7UW1_a:1257-1263_1294-1300	928	941	IL
4V8E_AA:228-234_242-247	928	941	IL
4V8B_BA:228-234_242-247	928	941	IL
4V6U_B1:1844-1849_1854-1860	929	942	IL
4V7E_Aa:1913-1918_1923-1929	929	942	IL
6DZP_A:1636-1640_1795-1798	930	943	IL
6DZI_A:1636-1640_1795-1798	930	943	IL
4V8M_BA:1667-1671_1679-1681	931	944	IL
2J37_Z:226-231_241-247	932	945	IL
8SA5_A:92-96_142-149	932	945	IL
6Z1P_Bb:290-297_327-328	933	946	IL
7PNW_A:227-234_263-264	933	946	IL
4V8M_BH:76-78_94-96	934	947	IL
4V7E_Aa:169-171_241-243	934	947	IL
6FXC_BB:2-4_109-111	934	947	IL
7LHD_A:1936-1938_1979-1981	934	947	IL
7UPH_I:4015-4016_4033-4036	935	948	IL
6M0V_B:30-31_38-41	935	948	IL
7ENR_B:30-31_42-45	935	948	IL
7UNU_B:31-32_52-55	935	948	IL
8UVR_2a:651-652_748-751	935	948	IL
6ZU5_S60:807-809_850-856	936	949	IL
6YDP_AA:707-711_784-786	936	949	IL
7PNW_A:866-869_889-893	936	949	IL
6YWY_A:2847-2850_2968-2972	936	949	IL
6YDW_AA:707-711_784-786	936	949	IL
6OLE_t:174-184_247-252	937	950	IL
6OM7_t:174-184_247-252	937	950	IL
6OLZ_A2:174-184_247-252	937	950	IL
6QZP_L5:179-188_251-255	937	950	IL
6OLG_A2:174-184_247-252	937	950	IL
6SPD_A:2129-2142_2200-2204	937	950	IL
5LMN_A:501-507_514-522	937	950	IL
6OLI_t:174-184_247-252	937	950	IL
6OLF_t:174-184_247-252	937	950	IL
3GX6_A:43-46_55-57	938	951	IL
5FK5_A:43-46_55-57	938	951	IL
6ZN5_2:1598-1601_1637-1640	939	952	IL
4WFA_X:1259-1266_1405-1406	939	952	IL
7QH4_W:1137-1140_1157-1161	940	953	IL
8RW1_2:1635-1638_1757-1761	940	953	IL
5DM6_X:2715-2719_2854-2862	941	954	IL
8HL5_A23S:1005-1009_1092-1099	941	954	IL
7JIL_2:1135-1139_1156-1161	941	954	IL
4V7E_Aa:1708-1714_1724-1730	942	955	IL
7UG6_1:854-862_904-910	942	955	IL
7UPH_I:682-686_697-704	942	955	IL
6YBW_A:1816-1823_1834-1839	942	955	IL
8QBT_i:683-687_698-705	942	955	IL
7OIG_2:683-687_698-705	942	955	IL
5ZEP_a:459-463_476-481	942	955	IL
8BH7_a:691-695_706-713	942	955	IL
3J28_N:595-596_638-641	943	956	IL
3J2D_N:595-596_638-641	943	956	IL
3J2G_N:595-596_638-641	943	956	IL
6OM0_v:9-12_21-24	944	957	IL
6ZU5_L50:265-266_278-283	944	957	IL
4V7H_AA:1461-1464_1469-1472	944	957	IL
6Q98_4:44-47_302-305	944	957	IL
6HYK_A:4-10_23-26	945	958	IL
6Q57_A:4-8_76-83	945	958	IL
1R7Z_A:6-13_26-27	945	958	IL
1C2W_B:1798-1803_1812-1819	945	958	IL
4LVW_A:4-8_76-83	945	958	IL
7UO5_B:141-144_170-175	946	959	IL
9CAI_A5:1009-1010_1099-1122	947	960	IL
6YWY_A:2010-2016_2036-2042	947	960	IL
6ME0_A:628-633_769-775	947	960	IL
6V3B_AN1:1056-1066_1123-1129	948	961	IL
4V8M_AA:724-728_1240-1244	948	961	IL
4V8B_BA:1064-1070_1185-1190	949	962	IL
4V8E_AA:1064-1070_1185-1190	949	962	IL
3JBO_AA:1663-1667_1741-1746	949	962	IL
4V6W_B2:178-183_199-205	949	962	IL
8QBT_i:992-996_1043-1044	950	963	IL
7OIG_2:992-996_1043-1044	950	963	IL
8BH7_a:1002-1006_1055-1056	950	963	IL
7OTC_a:992-996_1043-1044	950	963	IL
1C2W_B:1208-1214_1233-1236	950	963	IL
1X8W_C:137-140_162-163	950	963	IL
7LHD_A:2050-2054_2107-2108	950	963	IL
6SPG_B:22-26_54-57	951	964	IL
4V6U_B1:1989-1993_2010-2014	951	964	IL
3JD5_A:589-601_689-694	952	965	IL
5XXU_2:311-316_332-338	953	966	IL
7Y41_A:2910-2914_2941-2945	953	966	IL
6D3P_A:5-8_31-35	953	966	IL
6DZI_A:567-570_581-594	954	967	IL
7S0S_C:568-571_582-595	954	967	IL
7Y41_A:568-571_582-595	954	967	IL
6DZP_A:567-570_581-594	954	967	IL
2J37_Z:7-10_22-35	954	967	IL
5O61_A:568-571_582-595	954	967	IL
4V8M_BA:441-444_455-468	954	967	IL
5O60_A:568-571_582-595	954	967	IL
8CDV_A:698-705_716-722	954	967	IL
7QEP_3:195-200_230-237	955	968	IL
4V6U_B1:2203-2205_2348-2351	955	968	IL
1M5L_A:3-7_32-34	955	968	IL
7PIS_3:1464-1465_1636-1642	956	969	IL
5TGA_6:656-657_681-686	956	969	IL
1RAW_A:5-17_28-30	957	970	IL
5NPM_B:19-22_56-69	957	970	IL
1MZP_B:19-22_31-44	957	970	IL
6SPB_A:1345-1349_1358-1362	958	971	IL
6HA1_a:467-471_505-510	959	972	IL
7LHD_A:2687-2689_2759-2761	960	973	IL
8HL5_A5S:3-5_119-120	960	973	IL
7UNR_A:2452-2453_2483-2486	960	973	IL
4V6W_B2:431-433_448-450	960	973	IL
3JCD_9:48-50_62-64	960	973	IL
3J7R_5:1314-1315_1367-1369	960	973	IL
7UVZ_A:2687-2688_2746-2749	960	973	IL
7JIL_1:2051-2052_2082-2085	960	973	IL
5LKS_L7:28-30_48-51	960	973	IL
3IQN_A:16-20_30-37	961	974	IL
3GX7_A:16-20_30-37	961	974	IL
4V6U_B1:2802-2806_2831-2835	962	975	IL
28SR_A:4-8_19-23	962	975	IL
3J7R_S6:52-54_57-60	963	976	IL
4V7E_Aa:2722-2723_2737-2739	963	976	IL
8RW1_2:148-150_160-162	963	976	IL
6WLO_A:81-82_126-131	963	976	IL
4V4B_B3:927-928_953-955	963	976	IL
4V6U_B1:1622-1626_1674-1679	964	977	IL
5T83_A:12-15_42-47	964	977	IL
4BY9_A:27-30_41-47	964	977	IL
6ZSE_AA:815-819_876-881	965	978	IL
5V93_A:724-728_737-741	965	978	IL
7KGB_A:724-728_737-741	965	978	IL
8HL5_A23S:53-54_511-513	966	979	IL
4V7E_Aa:1988-1990_2019-2021	966	979	IL
8CRX_A:160-163_255-257	966	979	IL
6G7Z_A:14-16_29-31	966	979	IL
4V5J_AW:9-11_22-24	966	979	IL
6Q97_4:51-57_314-323	967	980	IL
6UZ7_5:2338-2349_2365-2368	967	980	IL
8BQD_BQ:2369-2380_2396-2399	967	980	IL
6Q98_4:201-207_220-226	968	981	IL
6Q9A_4:40-44_305-312	968	981	IL
5TGA_6:1695-1700_1708-1714	968	981	IL
6XYW_1:2801-2806_2819-2823	969	982	IL
4V4G_BA:70-78_97-105	970	983	IL
7OLC_1:958-963_980-986	970	983	IL
3GS5_A:3-7_18-22	970	983	IL
8BH6_a:447-457_480-489	971	984	IL
8EUG_1:1154-1162_1216-1223	971	984	IL
7AOI_AA:309-319_328-339	971	984	IL
3JBO_AA:2561-2570_2582-2589	971	984	IL
7JIL_2:432-441_448-457	971	984	IL
7LHD_A:91-95_150-157	972	985	IL
6OF6_XA:1253-1256_1275-1280	972	985	IL
8CST_A:686-687_697-705	972	985	IL
5MYJ_AA:138-140_170-172	973	986	IL
7P7S_A:2475-2476_2517-2519	973	986	IL
7OYC_22:1681-1683_1767-1769	973	986	IL
5O60_A:2680-2682_2716-2717	973	986	IL
7LHD_A:2228-2230_2259-2260	973	986	IL
4V4G_HB:2451-2452_2469-2472	973	986	IL
8BH7_a:606-608_644-646	973	986	IL
4V85_AA:593-595_643-644	973	986	IL
8BH7_a:463-465_485-486	973	986	IL
8RW1_2:268-271_281-283	973	986	IL
7UPH_I:2088-2090_2165-2167	973	986	IL
7UNR_A:1714-1718_1728-1733	974	987	IL
4V6W_B2:101-106_118-122	974	987	IL
5MRF_A:737-740_748-753	974	987	IL
6GAW_AA:329-333_359-363	974	987	IL
4V6W_B2:405-407_418-423	974	987	IL
7PNW_A:855-859_901-904	974	987	IL
6Z1P_Aa:184-188_196-201	974	987	IL
4U56_5:1076-1081_1098-1104	974	987	IL
5MYJ_BA:184-189_198-204	975	988	IL
8EVS_B5:79-84_97-101	975	988	IL
7JT1_1:2049-2051_2616-2617	976	989	IL
7OTC_A:2049-2051_2616-2617	976	989	IL
6XRZ_A:55-57_62-63	976	989	IL
7OIF_1:2049-2051_2616-2617	976	989	IL
3GX7_A:43-46_55-57	976	989	IL
6ZVK_K3:316-318_331-332	976	989	IL
7P48_a:740-744_755-762	977	990	IL
8Y39_a:740-744_755-762	977	990	IL
6SPD_A:727-732_749-755	977	990	IL
8QBT_A:143-146_158-165	977	990	IL
3IZ4_A:162-165_178-181	978	991	IL
5AJ0_A2:1977-1981_2036-2040	979	992	IL
6IP5_1A:1995-2000_2055-2060	979	992	IL
6IP8_1A:1995-2000_2055-2060	979	992	IL
6Z6N_L5:1995-2000_2055-2060	979	992	IL
6Y6X_L5:1995-2000_2055-2060	979	992	IL
8HL5_A16S:653-657_668-675	980	993	IL
6SPD_A:322-326_370-376	980	993	IL
6SPB_A:25-30_503-508	980	993	IL
1P5P_A:24-26_55-57	981	994	IL
1P5M_A:24-26_33-35	981	994	IL
8HL5_A5S:5-6_117-119	981	994	IL
8A3L_A:1122-1125_1145-1147	982	995	IL
7LHD_A:617-620_644-646	982	995	IL
4V4N_A1:1535-1539_1547-1549	982	995	IL
4V4N_A1:2700-2701_2759-2762	983	996	IL
4UER_A:1470-1476_1495-1500	984	997	IL
9BH5_B2:404-409_425-431	984	997	IL
8HL5_A16S:257-262_292-299	984	997	IL
6ZON_2:1696-1704_1723-1729	984	997	IL
3J9M_AA:882-887_895-899	985	998	IL
5I4L_2:504-507_515-519	986	999	IL
4V7E_Aa:1968-1971_2040-2043	987	1000	IL
4V6U_B1:2993-2996_3004-3007	987	1000	IL
5V8I_2A:1053-1057_1208-1212	987	1000	IL
1F1T_A:7-9_22-27	987	1000	IL
4V6U_B1:265-266_288-293	987	1000	IL
4V6U_B1:978-981_1065-1071	987	1000	IL
8OO0_1:512-515_526-539	988	1001	IL
7OLC_1:512-513_527-539	988	1001	IL
7Z3O_1:512-515_526-539	988	1001	IL
7JT1_1:2458-2459_2489-2492	989	1002	IL
7OIF_1:2458-2459_2489-2492	989	1002	IL
7OTC_A:2458-2459_2489-2492	989	1002	IL
7SUK_L0:500-501_539-541	989	1002	IL
2N4L_A:13-16_36-39	990	1003	IL
7LHD_A:3570-3573_3912-3915	990	1003	IL
7LHD_A:1259-1263_1282-1284	990	1003	IL
7Y41_A:323-326_448-451	990	1003	IL
3JD5_A:604-609_684-687	990	1003	IL
4V4G_HB:1368-1373_1541-1549	991	1004	IL
7P7S_A:2131-2141_2199-2200	991	1004	IL
6ZVK_e2:636-643_680-688	991	1004	IL
4V91_1:2657-2660_2667-2680	991	1004	IL
6V3B_AN1:2650-2654_2788-2796	992	1005	IL
3J7R_5:2368-2371_2383-2391	992	1005	IL
5TGA_6:899-903_914-921	993	1006	IL
6ZVK_K3:1645-1650_1672-1679	993	1006	IL
6O8Z_A:1302-1308_2028-2033	993	1006	IL
8XSX_L5:381-385_410-416	994	1007	IL
6Y6X_L5:381-385_410-416	994	1007	IL
6IP5_1A:381-385_410-416	994	1008	IL
6ZMO_L5:381-385_410-416	994	1008	IL
6ZME_L5:381-385_410-416	994	1008	IL
6Z6L_L5:381-385_410-416	994	1008	IL
6ZMI_L5:381-385_410-416	994	1007	IL
6Y0G_L5:381-385_410-416	994	1007	IL
6Z6M_L5:381-385_410-416	994	1008	IL
6Z6N_L5:381-385_410-416	994	1008	IL
6ZM7_L5:381-385_410-416	994	1007	IL
2OIU_Q:20-24_35-39	995	1009	IL
2OIU_P:20-24_35-39	995	1009	IL
4WFA_X:1967-1972_1979-1984	995	1009	IL
4V6U_B1:1003-1008_1040-1044	995	1009	IL
6XZA_A1:615-621_639-643	996	1010	IL
6Z1P_Bb:1233-1238_1326-1330	996	1010	IL
6UZ7_5:1281-1289_1346-1350	996	1010	IL
7UVZ_A:374-379_388-394	996	1010	IL
6QZP_L5:1759-1766_1786-1790	996	1010	IL
8BQD_BQ:1310-1318_1375-1379	996	1010	IL
4V9F_0:1592-1600_1733-1736	996	1010	IL
430D_A:5-12_17-23	997	1011	IL
4V7E_Aa:81-87_95-100	997	1011	IL
4V8M_BA:78-86_94-100	997	1011	IL
8QBT_i:408-416_425-432	998	1012	IL
4V91_1:708-716_758-764	998	1012	IL
2NOQ_A:4-13_54-61	998	1012	IL
7PAS_5:259-265_295-303	999	1013	IL
5XYU_A:535-541_548-556	999	1013	IL
5XYM_A:2121-2127_2136-2144	999	1013	IL
