Motif_location (PDB)	Cluster_id	Subcluster_id	Family_label
4V7E_Aa:582-587	0	0	HL
7QH4_B:40-46	0	0	HL
2OIU_Q:58-63	0	0	HL
5U3G_B:46-51	0	0	HL
7JT1_1:1362-1367	0	0	HL
7OIF_1:1362-1367	0	0	HL
7Z3N_2:93-103	1	1	HL
6ZXF_2:1174-1183	1	1	HL
4V7E_Aa:1269-1278	1	1	HL
6O8Z_A:605-614	1	1	HL
6ZXH_2:1174-1183	1	1	HL
6ZXG_2:1174-1183	1	1	HL
8QBT_A:1929-1934	2	2	HL
8UVR_2a:888-893	2	2	HL
8CRX_A:872-877	2	2	HL
6SPB_A:1856-1861	2	2	HL
5LKS_L5:4461-4471	3	3	HL
6ME0_A:72-86	3	3	HL
7QDU_Q:306-316	3	3	HL
4JRC_B:27-39	3	3	HL
7PTK_B:485-495	3	3	HL
5XXB_1:2948-3017	4	4	HL
6Z6M_S2:877-922	4	5	HL
6ZMI_S2:877-922	4	5	HL
6Z6N_S2:877-921	4	5	HL
6ZMO_S2:877-922	4	5	HL
6UFK_A:11-34	4	4	HL
6SPB_A:1046-1095	4	4	HL
6Z6L_S2:877-921	4	5	HL
6ZME_S2:877-922	4	5	HL
5T2A_2:1803-1872	4	4	HL
6AZ3_1:1435-1503	4	4	HL
6ZM7_S2:875-923	4	5	HL
4V6W_A5:1972-2022	4	4	HL
8OVA_AA:1685-1751	4	4	HL
6UFJ_A:11-34	4	4	HL
4V6I_CB:31-37	5	6	HL
4V3P_S2:31-37	5	6	HL
8QOA_Z:31-37	5	6	HL
7Y41_A:1582-1588	5	6	HL
6R87_B:31-37	5	6	HL
5JU8_AX:32-38	5	6	HL
1C2W_B:2818-2826	6	7	HL
7QEP_3:212-220	6	7	HL
6SPB_A:2807-2815	6	7	HL
4UG0_L5:2275-2282	6	7	HL
7UW1_a:471-479	6	7	HL
6DZI_A:1394-1402	6	7	HL
6DZP_A:1394-1402	6	7	HL
6DZI_A:1070-1077	7	8	HL
1JGP_D:50-58	7	8	HL
6MJ0_B:90-97	7	8	HL
6DZP_A:1070-1077	7	8	HL
2OM7_M:50-58	7	8	HL
4V4N_B2:337-342	8	9	HL
1OSW_A:8-13	8	9	HL
4V85_AA:341-346	8	9	HL
3IZZ_E:50-55	8	9	HL
6G7Z_A:122-127	8	9	HL
7OIG_2:341-346	8	9	HL
7OTC_a:341-346	8	9	HL
8QBT_i:341-346	8	9	HL
4X4O_D:11-19	9	10	HL
6IP5_zy:51-59	9	11	HL
8Q7Z_V:52-60	9	10	HL
8QOA_Y:53-61	9	10	HL
4W29_AX:52-60	9	10	HL
4W29_CX:52-60	9	10	HL
8AM9_Y:52-60	9	11	HL
6IP5_zu:51-59	9	11	HL
6IP8_zy:51-59	9	11	HL
8BTK_AT:51-59	9	10	HL
8QCQ_y:53-61	9	10	HL
6UGI_A:11-19	9	10	HL
6IP6_zy:51-59	9	11	HL
3J5Y_D:64-72	9	10	HL
8PPK_2:1238-1243	10	12	HL
6Y2L_S2:571-576	10	12	HL
6AWB_A:956-961	10	12	HL
8EVS_B5:1310-1315	10	12	HL
6ZVJ_2:1238-1243	10	12	HL
7PTK_B:59-64	10	12	HL
2QUS_A:31-36	10	12	HL
6ZQE_D3:766-771	10	12	HL
6W6L_u:12-21	11	13	HL
3Q1R_C:12-21	11	13	HL
8CD1_Dt:12-21	11	13	HL
9BH5_DA:12-21	11	13	HL
8QOA_Z:12-21	11	13	HL
4CXH_Y:12-21	11	13	HL
6ZJ3_S4:12-21	11	13	HL
6Y0G_B4:12-21	11	13	HL
6Y2L_B4:12-21	11	13	HL
6ZTO_AX:12-21	11	13	HL
4V5J_AW:12-21	11	13	HL
8OVA_BB:1447-1455	11	13	HL
8BHN_5:12-21	11	13	HL
3Q1Q_C:12-21	11	13	HL
6HTQ_u:12-21	11	13	HL
3BBV_z:12-21	11	13	HL
6Y4B_F:12-21	11	13	HL
6T83_6b:12-21	11	13	HL
2K5Z_A:11-16	12	14	HL
1SCL_A:12-17	13	15	HL
5O60_A:2881-2886	13	16	HL
4V8M_BG:52-57	13	15	HL
1C2W_B:2657-2662	13	15	HL
7UPH_I:4151-4156	13	16	HL
5X8P_A:2674-2679	13	16	HL
1C04_F:12-17	13	16	HL
5O61_A:2881-2886	13	16	HL
7OIF_1:2657-2662	13	16	HL
7OTC_A:2657-2662	13	16	HL
430D_A:12-17	13	16	HL
7Y41_A:2881-2886	13	15	HL
4V7E_Aa:3025-3030	13	15	HL
4V6U_B1:2773-2778	13	15	HL
6AZ3_4:52-57	13	16	HL
6LSR_2:4473-4485	14	17	HL
6LQM_2:4473-4485	14	17	HL
6LSS_2:4473-4485	14	17	HL
7PNW_A:424-434	14	17	HL
7QH4_A:1941-1951	14	17	HL
6LU8_2:4473-4485	14	17	HL
6SPB_A:2733-2747	14	17	HL
6VQX_K:46-58	15	18	HL
8Y39_A:2464-2473	16	19	HL
8OIQ_B8:1556-1564	16	19	HL
6ZVH_2:194-203	16	19	HL
4V7H_AA:1153-1162	16	19	HL
6OM0_E:85-90	17	20	HL
6Y57_L7:85-90	17	21	HL
4V8P_C3:85-90	17	21	HL
6FTG_v:85-90	17	21	HL
4V6X_A7:85-90	17	21	HL
6OLG_A4:85-90	17	20	HL
6OLZ_A4:85-90	17	20	HL
6SWA_s:85-90	17	21	HL
4V7H_B5:1898-1902	17	21	HL
6ZU5_L70:85-90	17	21	HL
6Y2L_L7:85-90	17	21	HL
7OIG_2:1514-1519	17	21	HL
8Q7Z_B7:85-90	17	21	HL
6OLF_E:85-90	17	20	HL
6Y0G_L7:85-90	17	21	HL
9F1C_B7:85-90	17	21	HL
6XA1_L7:85-90	17	20	HL
4V8B_BA:57-66	18	22	HL
6Z6L_L5:4136-4145	18	23	HL
8OVA_AA:666-677	18	22	HL
6Z6N_L5:4136-4145	18	23	HL
6Z6M_L5:4136-4145	18	23	HL
4V8E_AA:57-66	18	22	HL
6Y6X_L5:4136-4145	18	23	HL
5V16_A:19-26	18	22	HL
8XSX_L5:4136-4145	18	23	HL
6ZU5_L50:1738-1743	19	24	HL
7AOI_AA:483-490	19	24	HL
4V6W_B2:372-380	20	25	HL
6ZMI_S2:416-423	20	25	HL
6ZM7_S2:416-423	20	25	HL
6Z6N_S2:416-423	20	25	HL
4U56_5:1923-1931	20	25	HL
6ZMO_S2:416-423	20	25	HL
4V6M_AV:31-39	20	25	HL
6Z6L_S2:416-423	20	25	HL
6ZME_S2:416-423	20	25	HL
6Z6M_S2:416-423	20	25	HL
3J2C_N:784-794	21	26	HL
6SPE_a:778-788	21	26	HL
4V7H_B5:2456-2466	21	26	HL
7JT3_3:784-794	21	26	HL
8Q5I_A:747-757	21	26	HL
4V77_AA:784-794	21	26	HL
8A3L_A:784-794	21	26	HL
8RW1_2:391-402	21	26	HL
7PIS_3:1938-1948	21	26	HL
3J2G_N:784-794	21	26	HL
3J2D_N:784-794	21	26	HL
3J28_N:784-794	21	26	HL
8T8B_1A:863-869	22	27	HL
7RQE_1A:863-869	22	27	HL
3DIM_A:148-153	22	27	HL
8Q5I_1:988-993	22	27	HL
3DIZ_A:148-153	22	27	HL
5V8I_2A:685-690	22	27	HL
5G2X_A:444-449	22	27	HL
7P48_A:1046-1055	23	28	HL
6ZVK_K3:992-999	23	28	HL
8OVA_BA:1305-1314	23	28	HL
7KGB_A:1427-1435	23	28	HL
4V5S_CY:52-60	24	29	HL
4V5P_CY:52-60	24	29	HL
4V5R_AY:52-60	24	29	HL
8QOA_Z:52-60	24	29	HL
9BH5_DA:52-60	24	29	HL
7OII_z:61-69	24	29	HL
4V5Q_CY:52-60	24	29	HL
4V5G_CY:52-60	24	29	HL
3LA5_A:46-54	25	30	HL
4RGF_B:28-37	25	30	HL
4V5S_CW:52-61	25	30	HL
4V6U_B1:234-240	26	31	HL
6SPB_A:479-485	26	31	HL
6ZTO_AA:1142-1148	26	31	HL
7BHP_L5:2721-2726	26	31	HL
7UNR_A:607-613	26	31	HL
4V6X_A5:2657-2664	26	31	HL
6JQ6_U:5-13	27	32	HL
7S0S_C:1395-1403	27	32	HL
4V8M_BA:543-562	28	33	HL
6RM3_L50:1743-1757	28	33	HL
6ZM7_S2:1013-1029	28	34	HL
6ZME_S2:1013-1029	28	34	HL
6AZ3_1:1222-1242	28	33	HL
6ZMI_S2:1013-1029	28	34	HL
8RW1_2:827-841	28	33	HL
6ZMO_S2:1013-1029	28	34	HL
8HL5_A16S:213-228	28	33	HL
6Z6L_S2:1013-1029	28	34	HL
6ZVK_K3:883-901	28	33	HL
6OLZ_B1:322-330	29	35	HL
1C2W_B:1611-1618	29	35	HL
7LHD_A:2241-2249	29	35	HL
6OLG_B1:322-330	29	35	HL
5T2C_A:1674-1681	29	35	HL
5HR6_D:30-38	29	35	HL
6QX9_1:99-107	29	35	HL
8QBT_A:1838-1848	30	36	HL
5X8P_A:2319-2329	30	36	HL
6U7Z_A:15-20	31	37	HL
2JSE_A:8-13	31	38	HL
6N2V_A:75-80	31	37	HL
2RPT_A:7-12	31	37	HL
2OIU_P:58-63	31	39	HL
4P8Z_A:156-161	31	37	HL
6U7Y_A:15-20	31	38	HL
3AGV_U:10-15	31	38	HL
5B2Q_B:34-39	31	39	HL
4QK8_A:12-17	31	39	HL
3SUY_X:64-69	31	38	HL
3E5E_A:40-45	31	39	HL
6TF2_A:26-31	31	39	HL
1EHT_A:12-17	31	38	HL
5VCF_A:15-20	31	38	HL
6GZR_A:12-17	31	38	HL
6TMF_A:1213-1218	31	39	HL
5B2O_B:34-39	31	39	HL
6ZMO_CB:48-53	31	38	HL
5FJ1_E:8-13	31	37	HL
4UG0_S2:660-676	32	40	HL
7KGB_A:1207-1220	32	40	HL
5VYC_i2:660-676	32	40	HL
8Y39_A:1608-1622	32	40	HL
5VYC_i1:660-676	32	40	HL
5VYC_i6:660-676	32	40	HL
5VYC_i5:660-676	32	40	HL
5VYC_i4:660-676	32	40	HL
5VYC_i3:660-676	32	40	HL
6ZMI_L5:4470-4482	33	41	HL
8BUU_A:2846-2860	33	41	HL
6ZMO_L5:4470-4482	33	41	HL
7OIF_1:1062-1074	33	41	HL
6ZME_L5:4470-4482	33	41	HL
7PTK_B:284-296	33	41	HL
6ZM7_L5:4470-4482	33	41	HL
6ZMW_A:611-616	34	42	HL
8WID_a:495-500	34	42	HL
7JT1_1:2355-2360	34	42	HL
8BH6_a:523-528	34	42	HL
7OTC_A:2355-2360	34	42	HL
7OIF_1:2355-2360	34	42	HL
5MYJ_AA:524-529	34	42	HL
4UJD_A4:29-52	35	43	HL
7JIL_1:2223-2302	35	43	HL
2QWY_B:6-24	35	43	HL
8EUG_1:1171-1207	35	43	HL
7SYQ_z:268-319	35	43	HL
8CVM_a:464-496	35	43	HL
5XYI_2:496-518	35	43	HL
7UG6_1:1338-1386	35	43	HL
4U56_5:682-736	35	43	HL
4V4G_HB:79-102	35	43	HL
5ZET_A:1579-1624	35	43	HL
7ZJX_S2:852-891	35	43	HL
8OVA_BA:1665-1736	35	43	HL
7CPU_S2:1093-1121	35	43	HL
2QWY_A:6-24	35	43	HL
7OLC_1:2557-2601	35	43	HL
8OO0_1:2557-2601	35	43	HL
7Z3O_1:2557-2601	35	43	HL
7MT3_A:2373-2429	35	43	HL
8OVA_BB:1328-1346	35	43	HL
7OTC_A:2403-2412	36	44	HL
5O60_A:2627-2636	36	44	HL
8P2F_A:685-694	36	44	HL
5DM6_X:857-866	36	44	HL
7UVZ_A:344-354	36	44	HL
6QN3_A:32-41	36	44	HL
7Y41_A:2627-2636	36	44	HL
7PTQ_C:398-408	36	44	HL
6W7N_A:249-258	36	44	HL
7UPH_I:3897-3906	36	44	HL
5O61_A:2627-2636	36	44	HL
8UU5_A:163-170	37	45	HL
6Y50_2:55-63	37	45	HL
6Y5Q_2:55-63	37	45	HL
8UU5_A:1434-1439	38	46	HL
5O60_A:3076-3081	38	47	HL
6OLG_A2:386-391	38	46	HL
7Y41_A:3076-3081	38	47	HL
6SWA_q:386-391	38	46	HL
4OO8_B:31-36	38	47	HL
4V8M_BA:447-452	38	46	HL
8KAG_A:31-36	38	47	HL
6OLF_t:386-391	38	46	HL
4V4N_B2:1224-1229	38	46	HL
6OM0_t:386-391	38	46	HL
6OM7_t:386-391	38	46	HL
6OLE_t:386-391	38	46	HL
5O61_A:3076-3081	38	47	HL
6ZVK_e2:392-397	38	46	HL
4V5K_CW:53-61	39	48	HL
6QZP_L5:3724-3731	40	49	HL
7S0S_C:2694-2702	40	49	HL
7JIL_1:2433-2440	40	49	HL
7JT1_1:2470-2478	40	49	HL
6SPE_a:1349-1357	40	49	HL
7OIF_1:2470-2478	40	49	HL
7OTC_A:245-251	41	50	HL
7JT1_1:245-251	41	50	HL
4V8M_BA:87-93	41	50	HL
5X8P_A:230-236	41	50	HL
7OIF_1:245-251	41	50	HL
7UPH_I:1745-1751	41	50	HL
8T8B_1A:2353-2361	42	51	HL
7OIF_1:1450-1458	42	51	HL
7RQE_1A:2353-2361	42	51	HL
8A3L_W:31-39	42	51	HL
4KZZ_j:29-37	42	51	HL
4V6X_BC:29-37	42	51	HL
6AWB_A:1057-1066	42	51	HL
7MSZ_y:31-39	42	51	HL
3JB9_N:57-63	43	52	HL
6OLF_t:2498-2508	44	53	HL
6OLE_t:2498-2508	44	53	HL
6FXC_Ba:324-335	44	53	HL
7JIL_2:344-355	44	53	HL
6OLI_t:2498-2508	44	53	HL
8BQD_BQ:1439-1449	44	53	HL
6FEC_A:407-418	44	53	HL
6OM0_t:2498-2508	44	53	HL
6SWA_q:2331-2341	44	53	HL
6OM7_t:2498-2508	44	53	HL
3JCS_2:1397-1409	44	53	HL
7UVZ_A:1666-1672	45	54	HL
8Q5I_1:351-356	45	54	HL
4V5O_BA:1063-1068	45	54	HL
1GRZ_A:225-230	45	54	HL
4V7E_Aa:2214-2219	45	54	HL
8OVE_BH:27-35	46	55	HL
7UQB_1:268-276	46	55	HL
7CPU_S2:1171-1180	46	55	HL
7P48_A:685-695	46	55	HL
5TGA_6:1242-1251	46	55	HL
8CRX_A:1037-1046	46	55	HL
6QYZ_E:54-61	46	55	HL
6ZQE_D3:1116-1124	46	55	HL
7OLC_2:420-431	46	55	HL
6QZP_S2:1330-1336	47	56	HL
4V9F_0:2482-2487	47	56	HL
6G5I_2:380-386	47	56	HL
6ZXF_2:1330-1337	47	56	HL
4V7E_Aa:535-541	47	56	HL
6SPB_A:946-953	47	56	HL
8KD9_T:31-39	48	57	HL
7UO5_B:273-279	48	57	HL
6QZP_L5:1478-1485	48	57	HL
6QZP_L5:130-137	48	57	HL
6ZMI_L5:1436-1451	49	58	HL
6Z6M_L5:1436-1451	49	58	HL
6ZM7_L5:1436-1451	49	58	HL
6QDW_v:25-41	49	58	HL
6Z6L_L5:1436-1451	49	58	HL
6Q9A_4:151-162	49	58	HL
8XSX_L5:1436-1451	49	58	HL
6ZMO_CC:12-21	50	59	HL
6ZME_CC:12-21	50	59	HL
6Z6N_CC:12-21	50	59	HL
6ZMI_CC:12-21	50	59	HL
6Z6L_CC:12-21	50	59	HL
6ZM7_CC:12-21	50	59	HL
3JD5_A:933-938	51	60	HL
8QBT_i:295-300	51	60	HL
8CRX_A:324-329	51	60	HL
4V85_AA:295-300	51	60	HL
4V4N_B2:178-183	51	60	HL
7OTC_a:295-300	51	60	HL
5J8A_BA:295-300	51	60	HL
7UPH_I:294-299	51	60	HL
8BH7_a:303-308	51	60	HL
4V77_AA:257-265	52	61	HL
6SPE_a:251-259	52	61	HL
3J28_N:257-265	52	61	HL
8A3L_A:257-265	52	61	HL
5LMN_A:257-265	52	61	HL
3J2G_N:257-265	52	61	HL
3J2D_N:257-265	52	61	HL
7JT3_3:257-265	52	61	HL
4V7H_B5:213-221	52	61	HL
5YZG_F:7-12	53	62	HL
5GAP_V:35-40	53	62	HL
8UU6_B:84-88	53	62	HL
5MQF_5:102-107	53	62	HL
5XJC_F:7-12	53	62	HL
4AY2_C:7-12	53	62	HL
4U56_5:3019-3027	54	63	HL
8CVM_a:2834-2842	54	63	HL
3EPL_F:50-58	54	63	HL
7P48_a:434-441	54	63	HL
4V85_AA:616-622	55	64	HL
7OIG_2:616-622	55	64	HL
7UG6_1:936-941	55	64	HL
6SPE_a:1157-1163	55	64	HL
8QBT_i:616-622	55	64	HL
8BUU_A:759-765	55	64	HL
7OTC_a:616-622	55	64	HL
4V4N_B2:569-575	55	64	HL
6DZP_A:155-165	56	65	HL
5ZEP_A:2010-2020	56	65	HL
5ZET_A:2010-2020	56	65	HL
6DZI_A:155-165	56	65	HL
8CRX_A:1326-1335	56	65	HL
5X8P_A:1469-1480	56	65	HL
5ZEB_A:2010-2020	56	65	HL
5ZEY_A:345-353	57	66	HL
2DR7_B:11-19	57	66	HL
2DR5_B:11-19	57	66	HL
5AJ0_Bv:52-60	57	66	HL
3BBV_z:52-60	57	66	HL
4V8Z_CW:52-60	57	66	HL
2ZH8_B:11-19	57	66	HL
6ZJ3_S4:52-60	57	66	HL
2ZH6_B:11-19	57	66	HL
2ZHB_B:11-19	57	66	HL
2ZH5_B:11-19	57	66	HL
6ZTO_AX:52-60	57	66	HL
6OLG_A3:46-55	58	67	HL
6OLI_D:46-55	58	67	HL
4V6U_B1:58-67	58	67	HL
7Y41_A:2487-2499	59	68	HL
5O60_A:2487-2499	59	68	HL
7UPH_I:3757-3769	59	68	HL
7OIF_1:2263-2275	59	68	HL
5O61_A:2487-2499	59	68	HL
7S0S_C:2487-2499	59	68	HL
7JT1_1:2263-2275	59	68	HL
7OTC_A:2263-2275	59	68	HL
5I4L_2:411-422	59	68	HL
6JQ5_A:44-49	60	69	HL
3IWN_A:20-25	60	69	HL
3P22_C:16-21	60	69	HL
2KPV_A:13-18	60	69	HL
4V8M_BG:95-100	60	69	HL
6WLS_A:300-305	60	69	HL
5M0J_F:11-16	60	69	HL
4BY9_A:33-38	60	69	HL
3P22_G:16-21	60	69	HL
5X8P_A:1815-1820	60	69	HL
5LMN_A:1495-1500	60	69	HL
7D82_A:25-30	60	69	HL
2JXV_A:13-18	60	69	HL
2LI4_A:13-18	60	69	HL
1F9L_A:8-13	60	69	HL
7PAS_5:166-171	60	69	HL
7OTC_a:725-730	61	70	HL
4V85_AA:725-730	61	70	HL
1F1T_A:13-18	61	70	HL
4V4N_B2:679-684	61	70	HL
7OIG_2:725-730	61	70	HL
6TMF_A:668-673	61	70	HL
7UPH_I:724-729	61	70	HL
4V8E_AA:214-219	61	70	HL
7QV3_a:379-384	61	70	HL
8QBT_i:725-730	61	70	HL
5J8A_BA:725-730	61	70	HL
6ZXD_2:1594-1599	62	71	HL
3R4F_A:24-29	62	71	HL
6GB2_BA:908-913	62	71	HL
6XZA_A1:83-88	62	71	HL
1C2W_B:825-830	62	71	HL
4U56_5:2536-2542	62	71	HL
7QDU_Q:458-463	62	71	HL
6ZXE_2:1594-1599	62	71	HL
7P48_B:83-88	63	72	HL
8P2F_B:83-88	63	72	HL
7LHD_A:1449-1456	63	72	HL
7PTK_B:140-145	63	72	HL
1B23_R:29-37	64	73	HL
8OIQ_B8:905-914	64	73	HL
8BH7_a:847-855	64	73	HL
8UU5_A:1137-1147	64	73	HL
8P2K_B5:4443-4449	65	74	HL
7S0S_C:3018-3022	65	74	HL
7LHD_A:109-115	65	74	HL
7QGH_N:199-206	65	74	HL
4V3P_S1:322-330	65	74	HL
7PUB_CA:562-570	65	74	HL
7QV3_a:965-974	65	74	HL
8Y39_A:2588-2595	65	74	HL
6QZP_L5:36-43	65	74	HL
6QZP_L5:203-210	65	74	HL
6UZ7_5:1569-1575	65	74	HL
4V9I_AY:31-37	65	74	HL
6ZN5_2:1016-1024	65	74	HL
7LHD_A:531-537	65	74	HL
8OIQ_B8:269-276	65	74	HL
6ZU5_L50:2504-2509	65	74	HL
6OM7_v:10-23	66	75	HL
4V7M_CY:10-22	66	75	HL
6OLF_v:10-23	66	75	HL
6ZMO_CB:11-23	66	75	HL
6OLZ_A3:68-88	67	76	HL
6Y6X_L8:68-88	67	76	HL
6OLG_A3:68-88	67	76	HL
6QZP_L8:68-88	67	76	HL
6OM7_D:68-88	67	76	HL
6Z1P_Aa:82-104	67	76	HL
6OLI_D:68-88	67	76	HL
7R7A_2:68-88	67	76	HL
6OM0_D:68-88	67	76	HL
6G18_2:1099-1115	67	76	HL
6OLE_D:68-88	67	76	HL
9CAI_A5:1886-1908	68	77	HL
6ZJ3_S1:2079-2109	68	77	HL
8PPK_2:339-373	68	77	HL
8BQD_BQ:2542-2588	68	77	HL
8P2F_A:2213-2282	68	77	HL
6G5I_2:1109-1125	68	77	HL
8EUG_1:1873-1946	68	77	HL
6WLO_A:253-258	69	78	HL
7S0S_C:1908-1913	69	78	HL
2N6X_A:19-24	69	78	HL
6DME_A:56-61	69	78	HL
7QDU_Q:112-117	69	78	HL
4TVX_L:50-55	70	79	HL
5H9E_L:50-55	70	79	HL
4U7U_X:50-55	70	79	HL
7UPH_I:1088-1093	71	80	HL
6K0A_Y:197-202	71	80	HL
4V7E_Aa:690-696	71	80	HL
7UNU_a:1083-1088	71	80	HL
5V7Q_A:1615-1620	71	80	HL
4V85_AA:1089-1094	71	80	HL
8EUG_1:664-671	71	80	HL
8RW1_2:1393-1399	71	80	HL
2L2K_A:18-23	72	81	HL
1P5M_A:27-32	72	81	HL
7OTC_a:1448-1453	72	81	HL
7OIG_2:1448-1453	72	81	HL
6DLS_A:60-65	72	81	HL
4V4N_B2:1404-1409	72	81	HL
2L2J_A:18-23	72	81	HL
7PTQ_C:469-474	72	81	HL
6QN3_A:8-13	72	81	HL
7PTS_A:94-99	72	81	HL
5IEM_A:24-29	72	81	HL
1FYO_A:10-15	72	81	HL
6QX9_1:147-152	73	82	HL
7LHD_A:895-901	73	82	HL
2MIY_A:40-45	73	82	HL
4V6U_B1:1504-1510	73	82	HL
4WZJ_XXXX:11-16	74	83	HL
7PTS_A:430-435	74	83	HL
4WZJ_VVVV:11-16	74	83	HL
4WZJ_VV:11-16	74	83	HL
4V8M_BA:788-793	74	83	HL
4WZJ_YYY:11-16	74	83	HL
4WZJ_XX:11-16	74	83	HL
4WZJ_VVV:11-16	74	83	HL
4WZJ_Y:11-16	74	83	HL
6OM0_t:1894-1899	75	84	HL
6XA1_L5:1900-1905	75	84	HL
7PNW_A:157-162	75	84	HL
6OM7_t:1894-1899	75	84	HL
6OLE_t:1894-1899	75	84	HL
6OLI_t:1894-1899	75	84	HL
4V8M_AA:69-77	76	85	HL
5LMN_A:1341-1350	76	85	HL
5IMR_4:31-39	76	85	HL
6K0A_Y:134-139	77	86	HL
5Y36_B:33-38	77	86	HL
6WPI_B:26-31	77	86	HL
6MJ0_B:50-55	77	86	HL
7PNW_A:373-378	77	86	HL
5FW3_A:33-38	77	86	HL
7PNW_A:195-200	77	86	HL
6SPB_A:1351-1356	77	86	HL
4QKA_A:14-19	77	86	HL
6O0X_B:33-38	77	86	HL
4V3P_L1:2201-2206	77	86	HL
6SPB_A:2362-2367	77	86	HL
3J7R_5:394-399	77	86	HL
4UG0_S2:321-330	78	87	HL
5VYC_i1:321-330	78	87	HL
4OJI_A:24-33	78	87	HL
4V6X_A5:5021-5029	78	87	HL
5VYC_i6:321-330	78	87	HL
5VYC_i5:321-330	78	87	HL
5T2C_AA:321-330	78	87	HL
5VYC_i4:321-330	78	87	HL
5VYC_i2:321-330	78	87	HL
6Y0G_S2:1416-1425	78	87	HL
5VYC_i3:321-330	78	87	HL
4V8P_B2:121-128	79	88	HL
1BVJ_A:8-15	79	88	HL
4V4N_B2:430-438	79	88	HL
6OLG_Bv:30-38	79	88	HL
4X4R_B:13-21	80	89	HL
3AMU_B:54-62	80	89	HL
3WC1_P:53-61	80	89	HL
7PAS_8:55-63	80	89	HL
4X4S_B:13-21	80	89	HL
4KR3_C:54-62	80	89	HL
8V9J_y:54-62	80	89	HL
5EL5_1L:54-62	80	89	HL
4MGN_D:53-61	80	89	HL
3WC1_Q:53-61	80	89	HL
6Y57_L5:1580-1589	81	90	HL
6IP6_1A:1580-1589	81	90	HL
6Y0G_L5:1580-1589	81	90	HL
6LSR_2:1580-1589	81	90	HL
5AJ0_A2:1562-1571	81	90	HL
6LQM_2:1580-1589	81	90	HL
6IP8_1A:1580-1589	81	90	HL
6LSS_2:1580-1589	81	90	HL
6IP5_1A:1580-1589	81	90	HL
6LU8_2:1580-1589	81	90	HL
4V7H_B5:863-872	81	90	HL
8SA6_A:23-34	82	91	HL
7B0Y_a:63-74	82	91	HL
3EGZ_B:34-45	82	91	HL
1M5P_B:34-45	82	91	HL
5FJ4_D:10-21	82	91	HL
6QX9_1:63-74	82	91	HL
6Y0G_L5:493-501	83	92	HL
6Y6X_L5:493-501	83	92	HL
8EUG_1:1338-1346	83	92	HL
6ZM7_L5:493-501	83	92	HL
6Y57_L5:493-501	83	92	HL
6ZMI_L5:493-501	83	92	HL
3JCE_8:53-61	84	93	HL
8AW3_1:53-61	84	93	HL
3J0Q_Y:53-61	84	93	HL
5WWR_C:53-61	84	93	HL
5WWT_C:53-61	84	93	HL
1FFY_T:53-61	84	93	HL
5WWS_C:53-61	84	93	HL
7QH4_y:53-61	84	93	HL
1QU3_T:53-61	84	93	HL
5WWR_D:53-61	84	93	HL
7KJU_A:53-61	84	93	HL
3CW5_A:53-61	84	93	HL
5IMR_4:53-61	84	93	HL
8KDA_T:53-61	84	93	HL
6ZVH_2:379-390	85	94	HL
6OLI_S2:379-390	85	94	HL
5LKS_L5:4957-4971	85	94	HL
6OM0_S2:379-390	85	94	HL
4V8P_A1:3333-3347	85	94	HL
6QZP_S2:379-390	85	94	HL
6OLE_S2:379-390	85	94	HL
6OLF_S2:379-390	85	94	HL
5VYC_i2:959-967	86	95	HL
6GB2_BA:75-82	86	95	HL
5LKS_S2:959-967	86	95	HL
5VYC_i4:959-967	86	95	HL
5VYC_i5:959-967	86	95	HL
5T2C_AA:959-967	86	95	HL
4UG0_S2:959-967	86	95	HL
6LQM_2:1627-1636	87	96	HL
6Y6X_L5:1627-1636	87	97	HL
5AJ0_A2:1609-1618	87	96	HL
6LU8_2:1627-1636	87	96	HL
6Z6N_L5:1627-1636	87	97	HL
6LSS_2:1627-1636	87	96	HL
6ZME_L5:1627-1636	87	97	HL
6Y0G_L5:1627-1636	87	96	HL
6ZMO_L5:1627-1636	87	97	HL
8XSX_L5:1627-1636	87	97	HL
6IP5_1A:1627-1636	87	96	HL
7BHP_L5:1627-1636	87	96	HL
6Z6L_L5:1627-1636	87	97	HL
6Z6M_L5:1627-1636	87	97	HL
6LSR_2:1627-1636	87	96	HL
6ZMI_L5:1627-1636	87	97	HL
6ZM7_L5:1627-1636	87	97	HL
1X8W_D:193-201	88	98	HL
3AKZ_F:50-58	88	98	HL
3IVN_A:46-54	88	98	HL
484D_B:10-18	88	98	HL
3AL0_E:50-58	88	98	HL
6OM0_t:2228-2235	89	99	HL
4V6X_A5:2250-2257	89	99	HL
7YR6_A:76-83	89	99	HL
6Y2L_L5:4738-4745	89	99	HL
6OLI_t:2228-2235	89	99	HL
6OLF_t:2228-2235	89	99	HL
6QZP_L5:2249-2256	89	99	HL
6OM7_t:2228-2235	89	99	HL
6OLE_t:2228-2235	89	99	HL
6YDP_AA:293-298	90	100	HL
4V7H_B5:351-356	90	100	HL
6ZJ3_S1:2271-2276	90	100	HL
6N5P_A:57-63	90	100	HL
7ZHG_2:1471-1476	90	100	HL
8HL5_A23S:2701-2707	90	100	HL
1X8W_B:225-230	90	100	HL
3NKB_B:39-44	91	101	HL
5XXB_3:41-46	91	101	HL
6ZTO_AA:350-355	91	101	HL
6OLE_t:2465-2470	91	101	HL
6OM7_t:2465-2470	91	101	HL
6OM0_t:2465-2470	91	101	HL
6OLF_t:2465-2470	91	101	HL
6OLI_t:2465-2470	91	101	HL
6OF6_XA:726-731	92	102	HL
7Y41_A:1753-1758	92	102	HL
7S0S_C:1753-1758	92	102	HL
8I9P_C2:118-138	93	103	HL
6Z1P_Ab:2241-2256	93	103	HL
1C2W_B:1685-1701	93	103	HL
6OM7_S2:187-210	93	103	HL
5OPT_E:793-804	94	104	HL
7P7S_A:2766-2780	94	104	HL
6Z1P_Ab:726-736	94	104	HL
9CAI_A5:3232-3244	94	104	HL
5DAT_5:1463-1473	94	104	HL
4V78_A1:31-37	95	105	HL
7JT1_1:2794-2800	95	105	HL
3J7P_S2:196-201	95	105	HL
8QBT_i:418-423	95	105	HL
6TMF_A:1394-1399	95	105	HL
7QDU_Q:436-441	95	105	HL
4PDB_I:16-21	95	105	HL
6ZVK_K3:196-201	95	105	HL
6SPD_A:2151-2155	95	105	HL
7OTC_a:418-423	95	105	HL
5VYC_i5:414-421	96	106	HL
5T2C_AA:414-421	96	106	HL
5VYC_i4:414-421	96	106	HL
5VYC_i2:414-421	96	106	HL
4UG0_S2:414-421	96	106	HL
8UVR_2a:428-433	97	107	HL
7OTC_a:861-866	97	107	HL
8QBT_i:861-866	97	107	HL
6Z1P_Bb:841-846	97	107	HL
7OIG_2:861-866	97	107	HL
6LQM_2:3877-3881	98	108	HL
6Y57_L5:3877-3881	98	108	HL
6Y0G_L5:3877-3881	98	108	HL
6IP6_1A:3877-3881	98	108	HL
3J3V_A:2623-2627	99	109	HL
5O60_A:549-554	99	109	HL
5O61_A:549-554	99	109	HL
7OTC_A:2855-2860	99	109	HL
7OTC_A:461-466	99	109	HL
7Y41_A:549-554	99	109	HL
5X8P_A:473-478	99	109	HL
6TMF_A:1016-1021	99	109	HL
1C2W_B:1867-1872	100	110	HL
6YDW_AA:124-129	101	111	HL
7PIS_3:2881-2886	101	111	HL
5V7Q_A:782-787	101	111	HL
7PNW_A:729-734	101	111	HL
6YDP_AA:124-129	101	111	HL
5V8I_2A:2324-2332	102	112	HL
4UJC_A2:2622-2630	102	112	HL
5LKS_L5:4142-4151	102	112	HL
3J7R_5:1583-1590	102	112	HL
4D5Y_2:2622-2630	102	112	HL
3J7R_5:1188-1197	102	112	HL
6W7N_A:1132-1141	102	112	HL
4ERL_A:120-126	103	113	HL
5XY3_1:1887-1893	103	113	HL
5X8P_A:1786-1796	104	114	HL
5O60_A:1993-2003	104	114	HL
8OIQ_B8:828-838	104	114	HL
7S0S_C:1993-2003	104	114	HL
4V6U_B1:1915-1925	104	114	HL
5O61_A:1993-2003	104	114	HL
7JIL_1:1095-1102	105	115	HL
4V7E_Aa:191-198	105	115	HL
5O61_A:386-393	105	115	HL
5O60_A:386-393	105	115	HL
1C2W_B:1064-1072	105	115	HL
2RO2_A:8-14	105	115	HL
7Y41_A:386-393	105	115	HL
2MTK_A:26-31	106	116	HL
5J8A_BA:378-383	106	116	HL
4PLX_A:23-28	106	116	HL
7K16_P:12-17	106	116	HL
7JT1_1:1867-1872	106	116	HL
6UFH_A:105-110	106	116	HL
7UPH_I:377-382	106	116	HL
4JF2_A:7-12	106	116	HL
7JT1_1:2373-2378	106	116	HL
7Z3N_2:958-963	107	117	HL
2GIO_A:12-17	107	117	HL
1IKD_A:6-11	107	117	HL
2LKR_A:62-67	107	117	HL
1XSG_A:11-16	107	117	HL
6FYY_2:1375-1380	107	117	HL
2HGH_B:31-36	107	117	HL
7PTK_B:606-611	107	117	HL
8BH7_a:426-431	107	117	HL
1I6U_C:15-20	107	117	HL
7QDU_Q:63-68	107	117	HL
5KH8_A:25-30	107	117	HL
1I6U_D:15-20	107	117	HL
7R6Q_6:36-41	107	117	HL
6G7Z_A:20-25	107	117	HL
7PTS_A:25-30	107	117	HL
5I4L_2:1377-1382	107	117	HL
4V5O_BA:490-495	107	117	HL
1XSH_A:11-16	107	117	HL
7UO5_B:37-42	107	117	HL
6UFH_A:44-49	108	118	HL
3GX7_A:72-77	108	118	HL
3IQN_A:72-77	108	118	HL
6N2V_A:23-28	108	118	HL
3E5E_A:17-22	108	118	HL
1NBK_A:14-19	108	118	HL
4UE5_A:196-201	108	118	HL
3J9M_AA:807-815	109	119	HL
4V6W_A5:372-380	109	119	HL
6WLS_A:144-152	109	119	HL
6GB2_BA:291-298	109	119	HL
9CAI_A5:1955-1960	110	120	HL
8YGJ_B:72-77	110	120	HL
6ZXD_2:979-1018	111	121	HL
8P2K_B5:1575-1666	111	121	HL
9CAI_A5:3034-3095	111	121	HL
5XY3_1:2035-2100	111	121	HL
6ZLW_2:954-993	111	122	HL
5DAT_5:2676-2719	111	121	HL
3J3V_A:1143-1192	111	122	HL
6W6L_t:1598-1667	111	121	HL
7P48_A:1338-1419	111	121	HL
7K5I_2:954-993	111	122	HL
4V6X_A5:1767-1818	111	121	HL
6QZP_L5:1561-1610	111	121	HL
5A2Q_2:954-993	111	122	HL
5DM6_X:989-1013	111	122	HL
8Q7Z_A2:799-841	111	122	HL
7ZJX_S2:339-378	111	121	HL
5VYC_i1:816-864	111	121	HL
6ZMW_A:845-883	111	122	HL
6G5I_2:976-1015	111	121	HL
6ZXE_2:979-1018	111	121	HL
5OPT_E:1292-1370	111	121	HL
6LSR_2:4663-4707	111	121	HL
6G5H_2:954-993	111	122	HL
4V8E_AA:826-832	112	123	HL
5LMN_A:294-299	112	123	HL
7UG6_1:1740-1745	112	123	HL
4V6W_A8:71-77	112	123	HL
6Z1P_Ab:2151-2156	112	123	HL
4V8B_BA:826-832	112	123	HL
7OII_z:30-40	113	124	HL
4V5J_AW:29-39	113	124	HL
8OIQ_B8:508-518	113	124	HL
8QBT_i:785-795	113	124	HL
4V85_AA:785-795	113	124	HL
3J7R_S6:29-39	113	124	HL
6O8W_u:29-39	113	124	HL
7OTC_a:785-795	113	124	HL
6ZMO_L8:69-89	114	125	HL
6IP8_1C:69-89	114	126	HL
3J7P_S2:648-668	114	125	HL
6LSR_8:69-89	114	126	HL
6Z6L_L8:69-89	114	125	HL
6ZMI_L8:69-89	114	125	HL
6Z6M_L8:69-89	114	125	HL
5LKS_L8:69-89	114	125	HL
6IP5_1C:69-89	114	126	HL
5T2C_C:69-89	114	126	HL
4UG0_L8:69-89	114	125	HL
6Z6N_L8:69-89	114	125	HL
4Y1M_A:45-60	114	125	HL
6IP6_1C:69-89	114	126	HL
6ZM7_L8:69-89	114	125	HL
6ZME_L8:69-89	114	125	HL
5XXB_4:69-89	114	125	HL
8QBT_i:1356-1364	115	127	HL
8BH7_a:1367-1375	115	127	HL
7OIG_2:1356-1364	115	127	HL
4V85_AA:1356-1364	115	127	HL
7OTC_a:1356-1364	115	127	HL
6ZOK_2:833-838	116	128	HL
6ZVK_K3:710-715	116	128	HL
1RMN_A:15-20	116	128	HL
7OII_z:47-52	116	128	HL
4V6U_B1:274-280	116	128	HL
6SWA_q:1429-1435	116	128	HL
4V4G_HB:145-150	116	128	HL
1RMN_A:32-37	116	128	HL
6XYW_2:362-367	116	128	HL
6ZU5_L50:1644-1648	116	128	HL
4V4N_B2:1090-1095	116	128	HL
2N6W_A:31-36	117	129	HL
1MFJ_A:8-13	117	129	HL
1TXS_A:17-22	117	129	HL
7Y41_A:3018-3022	117	129	HL
2CD5_A:11-16	117	129	HL
1KP7_A:13-18	117	129	HL
2N6T_A:18-23	117	129	HL
7LHD_A:3191-3195	117	129	HL
4V8P_A1:2967-2972	117	129	HL
5T2C_AA:1304-1309	117	129	HL
1F7F_A:11-16	117	129	HL
4UER_A:229-234	117	129	HL
2CD3_A:11-16	117	129	HL
6SDY_B:14-19	117	129	HL
4M4O_B:29-34	117	129	HL
7PTQ_C:45-50	117	129	HL
1M5L_A:16-21	117	129	HL
6SDW_B:14-19	117	129	HL
7PTK_B:86-91	117	129	HL
6JQ6_U:44-49	117	129	HL
2N7M_X:35-40	117	129	HL
6OLI_S2:690-698	118	130	HL
6OM0_S2:690-698	118	130	HL
6OM7_S2:690-698	118	130	HL
6OLE_S2:690-698	118	130	HL
8SH5_R:37-43	119	131	HL
4AL7_B:9-15	119	131	HL
6QZP_L5:367-372	119	131	HL
7OTC_A:610-616	119	131	HL
6LQM_2:1252-1327	120	132	HL
4V6X_A5:4748-4805	120	132	HL
5LKS_L5:1256-1335	120	132	HL
7OYC_51:3978-4066	120	132	HL
6LSR_2:1252-1327	120	132	HL
6LU8_2:1252-1327	120	132	HL
6LSS_2:1252-1327	120	132	HL
3JD5_A:722-729	121	133	HL
7OIF_1:224-229	121	133	HL
1QWA_A:7-12	121	133	HL
8OIQ_B8:886-891	121	133	HL
2RRC_A:7-12	121	133	HL
7OTC_A:224-229	121	133	HL
4V8M_BA:65-70	121	133	HL
7JT1_1:224-229	121	133	HL
8UU5_A:1051-1058	121	133	HL
8RW1_2:412-417	121	133	HL
7UPH_I:1724-1729	121	133	HL
3IYQ_A:114-123	122	134	HL
8OIQ_B8:1293-1301	122	134	HL
4V7E_Aa:2841-2849	122	134	HL
8CVM_a:2391-2400	122	134	HL
7UPH_I:3964-3972	122	134	HL
7QDU_Q:170-180	123	135	HL
4V6W_A5:3418-3428	123	135	HL
4RMO_D:10-21	123	135	HL
4RMO_P:10-21	123	135	HL
3J3V_A:390-399	123	135	HL
6RM3_L50:1776-1786	123	135	HL
6SPD_A:193-203	123	135	HL
5XXU_2:1354-1363	123	135	HL
4V6W_A5:2794-2804	123	135	HL
5O61_A:2694-2702	124	136	HL
4V77_AA:1355-1363	124	136	HL
5X8P_A:2487-2495	124	136	HL
7Y41_A:2694-2702	124	136	HL
7OTC_A:2470-2478	124	136	HL
7S0S_C:1209-1216	124	136	HL
5O60_A:2694-2702	124	136	HL
4V6U_B1:2585-2593	124	136	HL
5AJ0_B1:448-455	125	137	HL
8Q87_A2:375-382	125	137	HL
6IP5_2m:414-421	125	137	HL
6IP6_2m:414-421	125	137	HL
4V7M_AW:29-37	126	138	HL
6OM7_u:30-38	126	138	HL
6OLI_u:30-38	126	138	HL
6OLF_u:30-38	126	138	HL
4V5R_CY:30-38	126	138	HL
4V6O_AB:30-38	126	138	HL
7AOI_AA:161-168	126	138	HL
4V5R_AY:30-38	126	138	HL
6OM0_u:30-38	126	138	HL
6OM7_v:30-38	126	138	HL
1C2W_B:1910-1918	126	138	HL
6Z1P_Ab:1467-1475	127	139	HL
4QEI_C:50-58	127	139	HL
5O60_A:2172-2180	127	139	HL
5O61_A:2172-2180	127	139	HL
5X8P_A:620-628	127	139	HL
6ZVH_2:690-698	127	139	HL
6ZM7_L5:394-400	128	140	HL
6Z6N_L5:394-400	128	140	HL
6ZME_L5:394-400	128	141	HL
6ZMO_L5:394-400	128	141	HL
6Z6M_L5:394-400	128	141	HL
6Z6L_L5:394-400	128	141	HL
6Y6X_L5:394-400	128	141	HL
8XSX_L5:394-400	128	141	HL
6ZMI_L5:394-400	128	140	HL
4V4N_A1:1607-1616	129	142	HL
4V77_AA:687-696	129	142	HL
3J2G_N:687-696	129	142	HL
3J2D_N:687-696	129	142	HL
3J2C_N:687-696	129	142	HL
7JIL_1:517-527	129	142	HL
7JT3_3:687-696	129	142	HL
3J28_N:687-696	129	142	HL
6SPE_a:681-690	129	142	HL
8A3L_A:687-696	129	142	HL
6ZVK_K3:1657-1665	130	143	HL
5HR6_C:50-58	130	143	HL
6R7Q_3:51-59	130	143	HL
2CKY_B:53-60	130	143	HL
2MS1_B:51-59	130	143	HL
4V6U_B1:703-711	130	143	HL
5LZY_2:51-59	130	143	HL
7PIS_3:2557-2564	130	143	HL
486D_E:51-59	130	143	HL
2MS0_B:51-59	130	143	HL
486D_A:51-59	130	143	HL
7P48_A:2608-2615	130	143	HL
7O5B_U:12-22	131	144	HL
5MC6_n:12-22	131	144	HL
3J9W_AX:12-22	131	144	HL
2CSX_C:12-22	131	144	HL
7M4X_v:12-22	131	144	HL
7QH4_y:12-22	131	144	HL
4TUE_QV:12-22	131	144	HL
7QV3_H:12-22	131	144	HL
8CRX_A:794-804	131	144	HL
5JU8_AX:12-22	131	144	HL
4V8N_AW:12-24	131	144	HL
7QGH_N:749-758	132	145	HL
6WNV_4:749-758	132	145	HL
2KUU_A:18-27	132	145	HL
6Y2L_S2:1112-1121	132	145	HL
5MRF_aa:1443-1450	132	145	HL
7PTQ_C:134-144	132	145	HL
5XYM_A:162-171	132	145	HL
5MYJ_AA:185-194	132	145	HL
7QH4_A:161-171	132	145	HL
6SPD_A:356-364	132	145	HL
4OQU_A:56-61	133	146	HL
9BH5_A7:85-90	133	146	HL
4L81_A:56-61	133	146	HL
7OTC_a:1011-1016	133	146	HL
1D4R_C:11-16	133	146	HL
4V4G_HB:2778-2783	134	147	HL
5VYC_i6:542-547	134	147	HL
6LQQ_SA:1723-1728	134	147	HL
5VYC_i5:542-547	134	147	HL
6IP8_2m:542-547	134	147	HL
6AWB_A:252-257	134	147	HL
5VYC_i2:542-547	134	147	HL
5VYC_i4:542-547	134	147	HL
5T2C_AA:542-547	134	147	HL
5VYC_i1:542-547	134	147	HL
4UG0_S2:542-547	134	147	HL
5VYC_i3:542-547	134	147	HL
5DAT_5:2388-2394	134	147	HL
5O61_A:1670-1681	135	148	HL
5O60_A:1670-1681	135	148	HL
7S0S_C:1670-1681	135	148	HL
5CD1_N:53-63	135	148	HL
4UG0_L5:1586-1595	136	149	HL
5LKS_L5:1586-1595	136	149	HL
5E7K_3K:52-61	136	149	HL
5T2C_A:1586-1595	136	149	HL
1KXK_A:32-37	137	150	HL
6U8F_A:15-20	137	150	HL
4K27_U:25-30	137	150	HL
4FNJ_A:15-20	137	150	HL
6RM3_S60:889-894	137	150	HL
2LPS_A:13-18	137	150	HL
7PAS_5:637-643	137	150	HL
8EUG_1:2295-2300	137	150	HL
4V4B_AA:179-184	137	150	HL
1R2P_A:13-18	137	150	HL
6TMF_A:280-285	137	150	HL
6W7N_A:428-436	138	151	HL
8Y39_A:2872-2880	138	151	HL
6WNV_4:2275-2282	138	151	HL
2RKJ_K:226-234	138	151	HL
4V6W_A5:401-409	138	151	HL
6FYY_2:732-740	138	151	HL
5WWT_D:54-62	139	152	HL
5MDY_5:54-62	139	152	HL
4YYE_D:54-62	139	152	HL
5WWS_D:54-62	139	152	HL
4V3P_L1:2260-2267	139	152	HL
5XY3_1:352-361	139	152	HL
4V8M_BH:10-18	139	152	HL
8QBT_i:1011-1016	140	153	HL
1K2G_A:14-19	140	153	HL
7OIF_1:2855-2860	140	153	HL
5J8A_BA:1011-1016	140	153	HL
7OIG_2:1011-1016	140	153	HL
2PCW_A:14-19	140	153	HL
8OVE_BD:85-90	140	153	HL
7JT1_1:2855-2860	140	153	HL
2PCV_A:14-19	140	153	HL
7Y41_A:893-899	141	154	HL
5O61_A:893-899	141	154	HL
7UPH_I:2278-2284	141	154	HL
8T2O_R:34-40	141	154	HL
5O60_A:893-899	141	154	HL
7OTC_A:778-784	141	154	HL
8OIQ_B8:325-331	141	154	HL
5X8P_A:789-795	141	154	HL
4V7H_B5:1359-1368	142	155	HL
6XYW_2:745-755	142	155	HL
4V4N_A1:1276-1286	143	156	HL
8OO0_1:1365-1375	143	156	HL
3J7P_S2:379-390	143	156	HL
7OLC_2:548-558	143	156	HL
6ZU5_L50:1690-1698	143	156	HL
6XA1_L5:2305-2315	143	156	HL
8P2F_A:2013-2023	143	156	HL
8ETI_2:115-121	144	157	HL
6ZVK_e2:939-945	144	157	HL
8Q5I_4:107-113	144	157	HL
4V8T_8:107-113	144	157	HL
4V91_4:107-113	144	157	HL
7R7A_2:107-113	144	157	HL
5AXW_B:58-64	144	157	HL
6AZ3_1:1050-1055	144	157	HL
5IT7_8:107-113	144	157	HL
8AM9_Y:11-21	145	158	HL
6ZVH_2:68-79	145	158	HL
5LKS_S2:1302-1311	146	159	HL
4V6X_B2:1302-1311	146	159	HL
5YZG_F:63-69	147	160	HL
6ID0_F:63-69	147	160	HL
6ID1_F:63-69	147	160	HL
6FF7_6:63-69	147	160	HL
6ZYM_6:63-69	147	160	HL
6ICZ_F:63-69	147	160	HL
6FF4_6:63-69	147	160	HL
5XJC_F:63-69	147	160	HL
6QDV_6:63-69	147	160	HL
5O61_BA:92-97	148	161	HL
4V7E_Aa:1918-1923	148	161	HL
4V6U_B1:1849-1854	148	161	HL
5O60_A:1908-1913	148	161	HL
5X8P_A:1726-1731	148	161	HL
7OIF_1:1690-1695	148	161	HL
5O61_A:1908-1913	148	161	HL
6CF2_G:13-18	148	161	HL
7OTC_A:1690-1695	148	161	HL
7QDU_Q:526-531	148	161	HL
6Z1P_Aa:257-265	149	162	HL
7S0S_C:408-416	149	162	HL
7JT1_1:326-334	149	162	HL
6YWY_A:2896-2902	149	162	HL
7OIF_1:326-334	149	162	HL
3J28_N:838-844	150	163	HL
3J2G_N:838-844	150	163	HL
3J2D_N:838-844	150	163	HL
3J2C_N:838-844	150	163	HL
5V7Q_A:138-143	151	164	HL
5T2A_2:364-369	151	164	HL
8QOA_Y:32-38	151	164	HL
7MT3_A:138-143	151	164	HL
5V93_A:138-143	151	164	HL
7CPU_S2:1355-1360	151	164	HL
7KGB_A:138-143	151	164	HL
4V3P_S1:1061-1066	152	165	HL
2LU0_A:27-32	152	165	HL
2M58_A:11-16	152	165	HL
1EBS_A:11-16	152	165	HL
7PTK_B:113-118	152	165	HL
6KYV_I:8-13	152	165	HL
2L3E_A:17-22	152	165	HL
4V6U_B1:749-754	152	165	HL
7OIF_1:2550-2556	152	165	HL
7PTS_A:45-50	152	165	HL
1FMN_A:15-20	152	165	HL
7LHD_A:2079-2083	152	165	HL
1B36_A:15-20	152	165	HL
4V8M_BB:653-658	152	165	HL
2HEM_A:9-14	152	165	HL
5X8P_A:2567-2573	152	165	HL
5KQE_A:18-23	152	165	HL
5LKS_S2:195-206	153	166	HL
4UG0_S2:195-206	153	166	HL
4V8Z_B7:87-92	154	167	HL
7Z34_2:87-92	154	167	HL
8HL5_A23S:872-877	154	167	HL
3Q1R_B:91-96	154	167	HL
7KGB_A:1318-1323	154	167	HL
5I4L_7:87-92	154	167	HL
7CPV_L5:2601-2606	154	167	HL
4V3P_L3:85-90	154	167	HL
7MT3_A:1318-1323	154	167	HL
4U4Z_3:87-92	154	167	HL
4U50_3:87-92	154	167	HL
7ZRS_4:87-92	154	167	HL
4WZJ_XX:49-54	154	167	HL
4V6U_B1:2326-2331	155	168	HL
5X8P_A:1383-1388	155	168	HL
7OTC_A:1362-1367	155	168	HL
8CDV_A:907-913	155	168	HL
4V6U_B1:2490-2495	155	168	HL
5D5L_D:7-12	155	168	HL
3NMU_E:17-22	155	168	HL
4V6U_B1:1944-1949	155	168	HL
1RLG_C:8-13	155	168	HL
8SA5_A:118-123	155	168	HL
2KRL_A:74-79	155	168	HL
1C2W_B:1362-1367	155	168	HL
6OM7_S2:1164-1175	156	169	HL
6OM0_S2:1164-1175	156	169	HL
6OLI_S2:1164-1175	156	169	HL
6OLF_S2:1164-1175	156	169	HL
6OLE_S2:1164-1175	156	169	HL
5AJ0_B1:601-612	156	169	HL
1SYZ_A:8-14	157	170	HL
1LC6_A:8-14	157	170	HL
2KF0_A:8-14	157	170	HL
1K6H_A:8-13	157	170	HL
2LKR_A:29-35	157	170	HL
1XHP_A:12-18	157	170	HL
1NC0_A:8-14	157	170	HL
4V6W_A5:759-776	158	171	HL
7P48_A:1832-1846	158	171	HL
4V6W_A5:1105-1122	158	171	HL
4PLX_A:46-65	158	171	HL
7D0F_A:424-440	158	171	HL
9CAI_A5:1043-1063	158	171	HL
3HL2_E:40-48	158	171	HL
6ZCE_A:781-819	158	171	HL
6N2V_A:55-60	159	172	HL
1I9F_A:13-18	159	172	HL
2OIU_P:9-14	159	172	HL
4PQV_A:12-17	159	172	HL
1LDZ_A:13-18	159	172	HL
6DZI_A:2967-2981	160	173	HL
6DZP_A:2967-2981	160	173	HL
7JT1_1:2744-2758	160	173	HL
5MYJ_BA:2746-2760	160	173	HL
6OF6_XA:1312-1321	161	174	HL
4V77_AA:1312-1321	161	174	HL
2EEW_A:44-52	162	175	HL
2EES_A:44-52	162	175	HL
5C7U_B:44-52	162	175	HL
3G4M_A:44-52	162	175	HL
3FO6_A:44-52	162	175	HL
4PQV_A:56-62	163	176	HL
6OLG_A2:88-94	163	177	HL
6QZP_L5:88-94	163	176	HL
6OLF_t:88-94	163	177	HL
4V3P_L1:88-94	163	176	HL
6XA1_L5:88-94	163	177	HL
6OLZ_A2:88-94	163	177	HL
6OM0_t:88-94	163	177	HL
6Z1P_Aa:189-195	163	176	HL
6OM7_t:88-94	163	177	HL
6SWA_q:88-94	163	176	HL
6OLE_t:88-94	163	177	HL
6OLI_t:88-94	163	177	HL
6Z6L_S2:544-549	164	178	HL
6Z6N_S2:544-549	164	178	HL
6Z6M_S2:544-549	164	178	HL
7QEP_1:2419-2424	164	178	HL
6ZM7_S2:544-549	164	178	HL
6ZMI_S2:544-549	164	178	HL
6ZME_S2:544-549	164	178	HL
6ZMO_S2:544-549	164	178	HL
5T2A_2:159-164	165	179	HL
6QZP_L5:1915-1920	165	179	HL
7JT3_3:1312-1321	166	180	HL
8A3L_A:1312-1321	166	180	HL
3J28_N:1312-1321	166	180	HL
4V4N_B2:1273-1282	166	180	HL
8RW1_2:1236-1245	166	180	HL
3J2G_N:1312-1321	166	180	HL
3J2D_N:1312-1321	166	180	HL
6Y2L_L5:1581-1590	166	180	HL
6SPE_a:1306-1315	166	180	HL
4TZP_E:8-16	167	181	HL
6V3B_AN1:2485-2493	167	181	HL
4LCK_B:8-16	167	181	HL
5E6M_C:50-58	168	182	HL
6DZP_A:825-832	168	182	HL
3JAP_1:51-59	168	182	HL
3J81_1:51-59	168	182	HL
4WT8_D4:52-60	168	182	HL
6DZI_A:825-832	168	182	HL
5E6M_E:50-58	168	182	HL
6ZXF_2:538-547	169	183	HL
6ZXH_2:538-547	169	183	HL
7S0S_C:657-666	169	183	HL
8BH6_a:966-975	169	183	HL
6ZXG_2:538-547	169	183	HL
3J28_N:319-330	170	184	HL
3J2C_N:319-330	170	184	HL
4V77_AA:319-330	170	184	HL
7LHD_A:2288-2297	170	184	HL
5MYJ_BA:153-163	170	184	HL
3EGZ_B:12-22	170	184	HL
8A3L_A:319-330	170	184	HL
3J2G_N:319-330	170	184	HL
3J2D_N:319-330	170	184	HL
4V8M_BA:942-947	171	185	HL
4V6U_B1:724-729	171	185	HL
6DVK_H:44-49	171	185	HL
3Q1R_B:134-139	171	185	HL
2J37_Z:267-272	171	185	HL
8BH7_a:157-162	171	185	HL
8Q7Z_A2:1098-1103	171	185	HL
4KR7_X:18-23	171	185	HL
7UPH_I:2128-2133	171	185	HL
4V4N_B2:142-147	171	185	HL
6WLO_A:94-99	171	185	HL
6TMF_A:135-140	171	185	HL
1M5P_B:73-78	171	185	HL
3RW6_H:26-31	171	185	HL
6ZP4_2:1140-1145	171	185	HL
7OIF_1:1091-1098	172	186	HL
7PNW_A:338-345	172	186	HL
7OTC_A:1091-1098	172	186	HL
7Y41_A:1209-1216	172	186	HL
5O61_A:1209-1216	172	186	HL
1C2W_B:1091-1098	172	186	HL
5O60_A:1209-1216	172	186	HL
8OIQ_B8:535-542	172	186	HL
7UPH_I:2585-2592	172	186	HL
5X8P_A:1119-1126	172	186	HL
6YWY_A:2997-3009	173	187	HL
4V6W_B2:565-577	173	187	HL
6ZVK_K3:1613-1624	173	187	HL
7JIL_1:198-206	174	188	HL
6ZVK_e2:2097-2106	174	188	HL
4V8B_BA:2483-2491	174	188	HL
8OIQ_B8:1091-1120	175	189	HL
5O9Z_2:164-181	175	189	HL
6RM3_S60:513-537	175	189	HL
4MEG_B:27-48	175	189	HL
6WNV_4:2878-2892	175	189	HL
5X8P_A:1665-1671	176	190	HL
7Y41_A:1847-1853	176	190	HL
7OIF_1:1629-1635	176	190	HL
7OTC_A:1629-1635	176	190	HL
7S0S_C:1847-1853	176	190	HL
7JT1_1:1629-1635	176	190	HL
5O61_A:1847-1853	176	190	HL
8OIQ_B8:79-85	176	190	HL
5O60_A:1847-1853	176	190	HL
1C2W_B:1629-1635	176	190	HL
7UPH_I:3123-3129	176	190	HL
4D5Y_2:2769-2778	177	191	HL
5T2C_A:2792-2801	177	191	HL
5LKS_L5:2792-2801	177	191	HL
4UG0_L5:2792-2801	177	191	HL
4UJC_A2:2769-2778	177	191	HL
5OPT_E:865-878	178	192	HL
6ZXD_2:668-679	178	192	HL
4UER_A:811-825	178	192	HL
6SPB_A:2252-2264	178	192	HL
7QH4_A:1579-1591	178	192	HL
7QH4_A:2295-2307	178	192	HL
6RM3_L50:2072-2084	178	192	HL
6O8Z_A:2281-2293	178	192	HL
6OLG_Bv:12-21	179	193	HL
6OM0_u:12-21	179	193	HL
3IZY_N:12-21	179	193	HL
4U56_5:1842-1851	179	193	HL
7UNR_A:65-74	179	193	HL
5MYJ_BA:56-65	179	193	HL
3J2C_N:80-85	180	194	HL
5X8P_A:1529-1535	180	194	HL
3J2D_N:80-85	180	194	HL
8QBT_A:2435-2440	180	194	HL
6RM3_L50:370-375	180	194	HL
3IYQ_A:51-63	181	195	HL
1BAU_B:5-17	181	195	HL
5DDO_A:36-47	181	195	HL
4MGN_A:41-53	181	195	HL
1BAU_A:5-17	181	195	HL
486D_A:30-38	182	196	HL
4TRA_A:30-38	182	196	HL
1FCW_E:30-38	182	196	HL
6XA1_L5:2723-2731	182	196	HL
7UG6_1:1902-1911	182	196	HL
8Q7Z_V:30-38	182	196	HL
6Y57_B4:29-37	182	196	HL
4V4Y_AC:52-60	183	197	HL
8H8E_G:51-59	183	197	HL
4FRG_X:57-65	183	197	HL
5O60_A:1503-1512	183	197	HL
3VJR_D:12-20	183	197	HL
5O61_A:1503-1512	183	197	HL
7LHD_A:1871-1880	183	197	HL
7QDU_Q:198-208	184	198	HL
7PTQ_C:167-177	184	198	HL
8Q87_A2:1137-1147	184	198	HL
7QDU_Q:373-383	184	198	HL
3J7R_5:1555-1565	184	198	HL
4V3P_S2:12-21	185	199	HL
486D_A:12-21	185	199	HL
486D_E:12-21	185	199	HL
4V6I_CB:12-21	185	199	HL
8SA5_A:57-65	186	200	HL
8SA6_A:57-65	186	200	HL
7OIF_1:1280-1288	186	200	HL
7UPH_I:3797-3805	186	200	HL
6T3K_A:29-37	186	200	HL
7UPH_I:2774-2782	186	200	HL
3F4E_X:16-24	186	200	HL
4V6U_B1:1423-1431	186	200	HL
2J37_Z:50-58	186	200	HL
4V6U_B1:1785-1793	186	200	HL
7JT1_1:1280-1288	186	200	HL
8UU5_A:817-826	186	200	HL
7UVZ_A:1625-1633	186	200	HL
7OTC_A:1280-1288	186	200	HL
5X8P_A:1301-1309	186	200	HL
6WTL_A:54-60	187	201	HL
6N5T_A:56-62	187	201	HL
4QK8_A:52-58	187	201	HL
6N5S_A:54-60	187	201	HL
6N5N_A:55-61	187	201	HL
6V3B_AN1:627-633	187	201	HL
6N5Q_A:58-64	187	201	HL
6WTR_A:55-61	187	201	HL
6N5K_A:55-61	187	201	HL
4UG0_L5:4519-4527	188	202	HL
5LKS_L5:4519-4527	188	202	HL
4GMA_Z:73-81	189	203	HL
4WFA_X:2542-2550	189	203	HL
6Y57_S2:498-505	189	203	HL
8SA6_A:73-80	189	203	HL
7OLC_2:441-446	190	204	HL
6SPE_a:1126-1132	190	204	HL
6AWB_A:934-940	190	204	HL
7PNW_A:245-250	190	204	HL
5VZL_B:106-110	191	205	HL
5X8P_A:314-320	191	205	HL
6AEB_A:88-92	191	205	HL
6O0X_B:88-92	191	205	HL
5V7Q_A:2395-2400	191	205	HL
5XYM_A:2881-2887	191	205	HL
5Y36_B:88-92	191	205	HL
4V5M_AV:12-22	192	206	HL
6NUO_XV:12-22	192	206	HL
4V6Y_A3:12-22	192	206	HL
3J0Q_Y:12-22	192	206	HL
4V5K_CW:12-22	192	206	HL
7MSZ_y:12-22	192	206	HL
4V6M_AV:12-22	192	206	HL
3QSY_D:12-22	192	206	HL
7P7U_D:12-22	192	206	HL
5EL5_1L:31-41	193	207	HL
6Z6M_S2:569-580	193	207	HL
6ZMI_S2:569-580	193	207	HL
6Z6N_S2:569-580	193	207	HL
6ZME_S2:569-580	193	207	HL
6ZMO_S2:569-580	193	207	HL
6Z6L_S2:569-580	193	207	HL
6ZM7_S2:569-580	193	207	HL
6ZVK_e2:367-372	194	208	HL
8OIQ_B8:120-125	194	208	HL
4V4N_B2:205-210	194	208	HL
6Z6L_CC:30-38	195	209	HL
6ZM7_CC:30-38	195	209	HL
6Z6N_CC:30-38	195	209	HL
6ZMI_CC:30-38	195	209	HL
6ZMO_CC:30-38	195	209	HL
6YDP_AV:47-56	196	210	HL
9BH5_A8:52-61	196	210	HL
4V7E_Aa:1595-1604	196	210	HL
5X8P_A:1409-1418	196	210	HL
6YWY_bb:49-57	196	210	HL
7UPH_I:1558-1567	196	210	HL
6YWE_bb:50-58	196	210	HL
8CRX_A:107-117	197	211	HL
4V6U_B1:2377-2389	197	211	HL
7P48_a:377-388	197	211	HL
8Y39_a:377-388	197	211	HL
7JT1_1:1450-1458	198	212	HL
6W77_A:1155-1163	198	212	HL
5XYM_A:2801-2809	198	212	HL
4UG0_L5:499-507	198	212	HL
6ZMW_A:471-478	198	212	HL
5VYC_i2:567-578	199	213	HL
8CTL_C:183-194	199	213	HL
5VYC_i5:567-578	199	213	HL
5VYC_i6:567-578	199	214	HL
6IP6_2m:567-578	199	214	HL
5T2C_AA:567-578	199	213	HL
5VYC_i1:567-578	199	214	HL
5VYC_i3:567-578	199	214	HL
4UG0_S2:567-578	199	213	HL
6IP8_2m:567-578	199	214	HL
6IP5_2m:567-578	199	214	HL
6D3P_A:12-26	199	213	HL
5VYC_i4:567-578	199	213	HL
5LKS_S2:567-578	199	213	HL
6ZVH_2:1528-1536	200	215	HL
4V7E_Aa:2675-2683	200	215	HL
6Y0G_S2:1829-1837	200	215	HL
1QC8_A:9-16	200	215	HL
8OO0_1:2775-2783	200	215	HL
3J7R_5:369-374	201	216	HL
8BH6_a:900-905	201	216	HL
9CAI_A5:2215-2220	201	216	HL
4V6U_B1:2418-2424	201	216	HL
6SPB_A:454-459	201	216	HL
8Y39_A:904-909	201	216	HL
4U56_5:600-605	201	216	HL
8BUU_A:1836-1841	201	216	HL
8BTK_AT:31-37	201	216	HL
6SPB_A:2582-2587	201	216	HL
4V4B_B3:2630-2635	201	216	HL
6SPB_A:2844-2849	201	216	HL
7ZHG_2:1042-1047	201	216	HL
7AOI_AA:26-85	202	217	HL
6HIV_CA:282-330	202	217	HL
6IP5_2m:1010-1027	202	217	HL
7Z34_3:68-91	202	217	HL
6LQQ_SA:1048-1066	202	217	HL
6YXY_AA:299-358	202	217	HL
7PUB_CA:281-331	202	217	HL
4V6W_B2:757-854	202	217	HL
7CPV_L8:70-90	202	217	HL
6OKK_A:1805-1846	202	217	HL
6ZVJ_2:1612-1630	202	217	HL
4V3P_L2:62-94	202	217	HL
6IP6_2m:1010-1027	202	217	HL
5LKS_S2:1010-1028	202	217	HL
6IP8_2m:1010-1027	202	217	HL
6TMF_A:631-640	203	218	HL
8QBT_A:120-129	203	218	HL
4V85_AA:688-697	203	218	HL
8QBT_i:688-697	203	218	HL
8BH7_a:696-705	203	218	HL
7UPH_I:687-696	203	218	HL
5J8A_BA:688-697	203	218	HL
4V4N_B2:642-651	203	218	HL
7OIG_2:688-697	203	218	HL
7OTC_a:688-697	203	218	HL
3JD5_A:369-374	204	219	HL
7OTC_A:1805-1810	204	219	HL
2MIS_A:11-16	204	219	HL
1E4P_A:9-14	204	219	HL
6WLO_A:305-311	204	219	HL
8OIQ_B8:1460-1465	204	219	HL
5X8P_A:2390-2395	204	219	HL
6GAW_AA:197-202	204	219	HL
7S0S_C:2597-2602	204	219	HL
1X8W_C:235-240	205	220	HL
6ZMO_L7:86-91	205	221	HL
6Z6M_L7:86-91	205	221	HL
6RM3_L70:86-91	205	220	HL
6ZM7_L7:86-91	205	221	HL
7OYC_71:86-91	205	220	HL
6Z6L_L7:86-91	205	221	HL
5LZS_7:86-91	205	220	HL
6SPB_A:1210-1215	205	220	HL
6ZMI_L7:86-91	205	221	HL
6Z6N_L7:86-91	205	221	HL
8HL5_A23S:532-537	205	220	HL
4UG0_L7:86-91	205	221	HL
6JOO_B:32-37	205	220	HL
6K0A_Y:74-79	205	220	HL
7PNW_A:935-940	205	220	HL
6IP8_1B:86-91	205	220	HL
5T2C_B:86-91	205	220	HL
6ZME_L7:86-91	205	221	HL
2N7M_X:62-67	206	222	HL
7PTS_A:485-490	206	222	HL
6OLZ_A2:386-391	206	222	HL
6Y2L_S2:1296-1301	206	222	HL
6OLI_t:386-391	206	222	HL
8KAG_A:71-76	206	222	HL
6ZVK_K3:1177-1182	206	222	HL
6MCC_B:89-94	206	222	HL
4V6W_B2:1208-1213	206	222	HL
4V7E_Aa:379-384	206	222	HL
6DZI_A:132-139	207	223	HL
5AOX_F:10-17	207	223	HL
5XXU_2:321-327	207	223	HL
6ZVK_K3:1419-1426	207	223	HL
5XXB_1:3074-3081	207	223	HL
6DZP_A:132-139	207	223	HL
6OLI_t:2538-2544	208	224	HL
6OLE_t:2538-2544	208	224	HL
6OM0_t:2538-2544	208	224	HL
6OM7_t:2538-2544	208	224	HL
6OLF_t:2538-2544	208	224	HL
4V6U_B1:2956-2964	209	225	HL
1S03_B:21-28	209	225	HL
7QEP_1:2125-2132	209	225	HL
8Y39_a:896-903	209	225	HL
5ZEP_A:2595-2602	209	225	HL
5ZET_A:2595-2602	209	225	HL
7PUA_CA:228-236	209	225	HL
5ZEB_A:2595-2602	209	225	HL
7JT1_1:2026-2035	210	226	HL
7OYC_81:54-63	210	226	HL
6OLI_t:1577-1586	210	226	HL
6OLE_t:1577-1586	210	226	HL
7JIL_2:1325-1334	211	227	HL
7PTS_A:134-144	212	228	HL
4W29_CX:30-38	212	228	HL
3JBP_A:449-457	212	228	HL
4W29_AX:30-38	212	228	HL
6Y0G_S2:459-466	212	228	HL
5MRF_bb:30-38	212	228	HL
6ZM7_S2:667-672	213	229	HL
6ZMO_S2:667-672	213	229	HL
8BUU_A:1808-1813	213	229	HL
6Z6M_S2:667-672	213	229	HL
6ZME_S2:667-672	213	229	HL
6Z6N_S2:667-672	213	229	HL
7CPU_S2:1779-1784	214	230	HL
6ZCE_A:495-500	214	230	HL
8HL5_A16S:357-362	214	230	HL
6SPB_A:1621-1627	215	231	HL
6LQM_2:394-400	215	231	HL
6LSS_2:394-400	215	231	HL
4D5Y_2:4499-4506	216	232	HL
4UG0_L5:4539-4546	216	232	HL
5O60_A:2578-2585	216	232	HL
4V4N_A1:2491-2499	216	232	HL
5O61_A:2578-2585	216	232	HL
5T2C_A:4539-4546	216	232	HL
7Y41_A:2578-2585	216	232	HL
4UJC_A2:4499-4506	216	232	HL
7CPV_L5:4192-4199	216	232	HL
6ZU5_L50:326-334	216	232	HL
1C2W_B:2527-2534	216	232	HL
5LKS_L5:4539-4546	216	232	HL
3JD5_A:753-760	217	233	HL
5DAT_5:3121-3128	217	233	HL
6GAW_AA:759-766	217	233	HL
6YDW_AA:759-765	217	233	HL
6YDP_AA:759-765	217	233	HL
6Z1P_Aa:235-242	217	233	HL
6H58_w:53-61	218	234	HL
6WDL_5:53-61	218	234	HL
7JSZ_5:53-61	218	234	HL
7ZAH_4:53-61	218	234	HL
7SS9_6:53-61	218	234	HL
7OTC_A:1221-1226	219	235	HL
7OIG_2:295-300	219	235	HL
7OIF_1:1221-1226	219	235	HL
7JT1_1:1221-1226	219	235	HL
1OOA_C:12-17	219	235	HL
4V4B_AA:343-354	220	236	HL
6W77_A:343-354	220	236	HL
6OLI_t:67-72	221	237	HL
8OIQ_B8:1488-1494	221	237	HL
6OM0_t:67-72	221	237	HL
3J3V_A:2729-2734	221	237	HL
6XA1_L5:67-72	221	237	HL
6OLZ_A2:67-72	221	237	HL
6OLG_A2:67-72	221	237	HL
6OLE_t:67-72	221	237	HL
6QZP_L5:67-72	221	237	HL
6ZVK_e2:67-72	221	237	HL
6Q9A_4:339-347	222	238	HL
6ZMO_CC:51-59	222	238	HL
6Z6L_CC:51-59	222	238	HL
4X4N_B:11-19	222	238	HL
6ZMI_CC:51-59	222	238	HL
6Z6N_CC:51-59	222	238	HL
6ZM7_CC:51-59	222	238	HL
6T83_6b:52-60	222	238	HL
6Y4B_F:52-60	222	238	HL
6ZME_CC:51-59	222	238	HL
8QBT_A:219-229	223	239	HL
6V3B_AN1:1924-1934	223	239	HL
8OVA_AA:1560-1570	223	239	HL
4V7H_A7:29-39	224	240	HL
5XYM_A:3075-3089	224	240	HL
4V69_AY:29-39	224	240	HL
5MYJ_BA:83-93	224	240	HL
8Q87_B5:4042-4052	224	240	HL
4V4W_AV:29-39	224	240	HL
1P5P_A:36-44	225	241	HL
1C04_E:14-22	225	241	HL
4KQY_A:94-102	225	241	HL
7SYV_z:274-325	226	242	HL
6RM3_L50:1969-2020	226	242	HL
5JPQ_2:890-931	226	242	HL
7OLC_1:2084-2186	226	242	HL
5XYM_A:382-416	226	242	HL
6ZMT_2:1336-1375	226	242	HL
8OVA_AA:2047-2110	226	242	HL
4U56_5:2687-2746	226	242	HL
7Z3O_1:2084-2186	226	242	HL
8PPK_2:982-998	226	242	HL
8EUG_1:1077-1128	226	242	HL
4WFA_X:2334-2431	226	242	HL
4V8P_A1:1491-1540	226	242	HL
8Q5I_1:2702-2767	226	242	HL
4V8P_A1:2673-2732	226	242	HL
7A5H_24:6-62	226	242	HL
6ZJ3_S1:1389-1413	226	242	HL
8OO0_1:2084-2186	226	242	HL
4WFA_X:820-829	227	243	HL
4V6W_A8:45-54	227	243	HL
4V8M_BC:46-55	227	243	HL
4V8P_B2:49-58	227	243	HL
3J0L_W:12-21	228	244	HL
4V5Q_AY:12-21	228	244	HL
4V8Z_CW:12-21	228	244	HL
5HR6_D:11-21	228	244	HL
4V6O_AB:12-21	228	244	HL
6OLE_u:12-21	228	244	HL
4WT8_DV:12-21	228	244	HL
4V8M_AB:11-22	228	244	HL
4V4Y_AC:12-21	228	244	HL
4V5R_CY:12-21	228	244	HL
8HL5_AATN:12-21	228	244	HL
5O61_BW:12-21	228	244	HL
4V78_A1:12-21	228	244	HL
8BH7_a:1324-1333	228	244	HL
4V5L_AY:12-21	228	244	HL
6OLZ_Bv:12-21	228	244	HL
1FIR_A:12-21	228	244	HL
5AJ0_Bv:12-21	228	244	HL
6VMI_AA:729-735	229	245	HL
6Z6N_L5:4060-4066	229	245	HL
6SPB_A:1938-1944	229	245	HL
8XSX_L5:4060-4066	229	245	HL
7OIG_2:1133-1139	230	246	HL
4V85_AA:1133-1139	230	246	HL
8QBT_i:1133-1139	230	246	HL
5J8A_BA:1133-1139	230	246	HL
6YDP_AA:823-829	230	246	HL
6ZVK_e2:229-237	230	246	HL
7OTC_a:1133-1139	230	246	HL
6G18_2:1327-1334	230	246	HL
4V6U_B1:1874-1880	230	246	HL
6D6V_B:82-91	231	247	HL
7PTK_B:27-37	231	247	HL
6DZP_A:857-866	231	247	HL
6DZI_A:857-866	231	247	HL
5T2C_A:1862-1871	231	247	HL
5DAT_5:527-536	231	247	HL
6V3B_AN1:427-434	232	248	HL
6WLL_A:135-142	232	248	HL
6GAW_AA:800-808	233	249	HL
5J8A_BA:1356-1364	233	249	HL
7UPH_I:1355-1363	233	249	HL
5X8P_A:1194-1201	233	249	HL
7Z3O_1:2878-2886	234	250	HL
8OO0_1:2878-2886	234	250	HL
7UG6_1:640-649	234	250	HL
8Q5I_1:2797-2804	234	250	HL
8DZJ_E:45-52	234	250	HL
7OLC_1:2878-2886	234	250	HL
4V9F_0:173-180	234	250	HL
7QEP_1:1781-1789	234	250	HL
8HL5_A16S:491-496	235	251	HL
6IP6_2m:323-328	235	251	HL
6IP5_2m:323-328	235	251	HL
6AHU_A:293-299	235	251	HL
7CPV_L5:1489-1495	235	251	HL
4V7E_Aa:2157-2162	235	251	HL
6TMF_A:1078-1084	235	251	HL
8HL5_A23S:2105-2111	235	251	HL
7A5G_A6:761-769	236	252	HL
7A5I_A6:761-769	236	252	HL
7A5F_A6:761-769	236	252	HL
7A5K_A6:761-769	236	252	HL
4V7H_B5:1463-1469	237	253	HL
6Y2L_S2:443-450	237	253	HL
7UG6_1:1463-1469	237	253	HL
4V7E_Aa:1128-1134	237	253	HL
8VS9_TMRN:258-271	238	254	HL
7UPH_I:2379-2390	238	254	HL
5XYU_A:704-726	238	254	HL
7OIG_2:1264-1269	239	255	HL
4V85_AA:1264-1269	239	255	HL
7P48_A:506-512	239	255	HL
6CZR_1a:1118-1123	239	255	HL
8QBT_i:1264-1269	239	255	HL
6WLO_A:8-14	239	255	HL
7BHP_L5:2080-2085	239	255	HL
7OTC_a:1264-1269	239	255	HL
5J8A_BA:1264-1269	239	255	HL
5O60_A:469-479	240	256	HL
7Y41_A:469-479	240	256	HL
5X8P_A:393-403	240	256	HL
7S0S_C:469-479	240	256	HL
5O61_A:469-479	240	256	HL
5ZEP_A:1846-1853	241	257	HL
7P7S_a:277-285	241	257	HL
5ZEB_A:1846-1853	241	257	HL
5ZET_A:1846-1853	241	257	HL
5VYC_i5:1420-1431	242	258	HL
5VYC_i6:1420-1431	242	258	HL
5VYC_i4:1420-1431	242	258	HL
5VYC_i2:1420-1431	242	258	HL
5VYC_i3:1420-1431	242	258	HL
4UG0_S2:1420-1431	242	258	HL
6ZQE_D3:422-433	242	258	HL
5VYC_i1:1420-1431	242	258	HL
8OVE_BG:52-57	243	259	HL
7JT1_1:2657-2662	243	259	HL
7S0S_C:2881-2886	243	259	HL
5O61_A:2022-2027	244	260	HL
4V8E_BB:47-51	244	260	HL
8RW1_2:1119-1124	244	260	HL
2NUF_C:10-15	244	260	HL
5O60_A:2022-2027	244	260	HL
2NUF_D:10-15	244	260	HL
7R97_C:10-15	244	260	HL
2LUP_A:13-18	244	260	HL
2EZ6_C:10-15	244	260	HL
7UPH_I:184-189	244	260	HL
5J8A_BA:185-190	244	260	HL
5ZET_A:2150-2160	245	261	HL
6GB2_BA:530-540	245	261	HL
5ZEP_A:2150-2160	245	261	HL
5ZEB_A:2150-2160	245	261	HL
4V7E_Aa:1857-1863	246	262	HL
7UPH_I:1163-1169	246	262	HL
7OIG_2:1164-1170	246	262	HL
5J8A_BA:1164-1170	246	262	HL
4V8B_BA:2563-2569	247	263	HL
6ZXG_2:1677-1683	247	263	HL
6ZXH_2:1677-1683	247	263	HL
6ZXF_2:1677-1683	247	263	HL
4V8B_BA:1932-1942	248	264	HL
7S0S_C:2250-2259	248	264	HL
6TH6_BA:2006-2016	248	264	HL
1YMO_A:22-37	248	264	HL
4V8E_AA:1932-1942	248	264	HL
6G5I_2:1278-1288	248	264	HL
6SKG_BA:2006-2016	248	264	HL
6YWE_aa:798-808	249	265	HL
6OF6_XA:957-966	249	265	HL
8HL5_A16S:446-456	249	265	HL
4V5S_AY:31-37	250	266	HL
4V5Q_CY:31-37	250	266	HL
4V8M_AA:1209-1214	250	266	HL
4V5Q_AY:31-37	250	266	HL
4CXH_Y:31-37	250	266	HL
7CPV_L8:124-128	250	266	HL
7UNU_B:39-45	250	266	HL
4V8M_BA:233-240	250	266	HL
7Y41_A:336-343	250	266	HL
6W77_A:862-868	250	266	HL
4V5L_AY:31-37	250	266	HL
8P2F_A:584-589	251	267	HL
4UJC_A2:4832-4837	251	267	HL
4D5Y_2:4832-4837	251	267	HL
4V4N_A1:1186-1193	252	268	HL
6SWA_q:130-136	252	268	HL
6IP5_2m:1422-1429	252	268	HL
6IP6_2m:1422-1429	252	268	HL
4WZJ_X:11-16	253	269	HL
4EN5_A:27-32	253	269	HL
4WZJ_YY:11-16	253	269	HL
4WZJ_XXX:11-16	253	269	HL
4WZJ_YYYY:11-16	253	269	HL
5X2G_B:31-36	253	269	HL
4WZJ_V:11-16	253	269	HL
2JWV_A:12-17	253	269	HL
8QBT_i:896-901	254	270	HL
8BH7_a:192-197	254	270	HL
7OTC_a:896-901	254	270	HL
4V85_AA:896-901	254	270	HL
5O6U_A:31-37	254	270	HL
6T3K_A:367-372	254	270	HL
8FUK_1:49-55	254	270	HL
8BH7_a:906-911	254	270	HL
1MZP_B:24-29	254	270	HL
4V4N_B2:854-859	254	270	HL
4V7E_Aa:354-359	254	270	HL
7S0S_C:1477-1482	254	270	HL
7Y41_A:1477-1482	254	270	HL
7OIG_2:896-901	254	270	HL
6ZVK_K3:288-294	255	271	HL
3W1K_F:18-23	255	271	HL
7UO5_B:95-101	255	271	HL
6QZP_L5:229-237	255	271	HL
6Y57_L8:121-127	255	271	HL
8P2F_A:2804-2809	255	271	HL
6OF6_XA:1133-1139	255	271	HL
3Q1R_B:76-82	255	271	HL
7PTS_A:453-458	255	271	HL
7PTK_B:194-199	255	271	HL
3DIM_A:40-53	256	272	HL
3DIZ_A:40-53	256	272	HL
4ERL_A:37-50	256	272	HL
3DIR_A:40-53	256	272	HL
3DIQ_A:40-53	256	272	HL
3DIS_A:40-53	256	272	HL
5IT7_8:68-88	257	273	HL
6W7N_A:948-972	257	273	HL
2QWY_C:6-24	257	273	HL
4V7E_Ac:68-88	257	273	HL
6LU8_8:68-88	257	273	HL
5DE8_C:7-28	257	273	HL
7TUT_v:68-88	257	273	HL
3J7R_8:68-88	257	273	HL
6W6L_D:68-88	257	273	HL
6LQM_8:68-88	257	273	HL
4V6X_A8:68-88	257	273	HL
6LSS_8:68-88	257	273	HL
6QZP_S6:48-62	257	273	HL
4V8T_8:68-88	257	273	HL
4V91_4:68-88	257	273	HL
4V7H_B5:30-50	257	273	HL
4V7H_B5:271-286	257	273	HL
7PTS_A:508-513	258	274	HL
7UPH_I:2665-2670	258	274	HL
4JF2_A:59-64	258	274	HL
6DCB_B:10-15	258	274	HL
2LQZ_A:12-17	258	274	HL
7LHD_A:1679-1685	258	274	HL
1ZHO_F:14-19	258	274	HL
6DLS_A:26-31	258	274	HL
6VZC_A:11-16	258	274	HL
4V4N_B2:795-801	258	274	HL
6DCC_B:10-15	258	274	HL
4V7E_Aa:3188-3193	258	274	HL
2AU4_A:19-24	258	274	HL
7CPV_L5:1156-1191	259	275	HL
6ZXG_2:969-1008	259	275	HL
6OLF_t:1657-1707	259	275	HL
8DMB_W:80-109	259	275	HL
6G18_2:966-1005	259	275	HL
8EUG_1:913-920	259	275	HL
6ZXF_2:968-1009	259	275	HL
4V8B_BA:654-659	259	275	HL
6OM7_t:1657-1707	259	275	HL
8Q5I_A:1435-1474	259	275	HL
8Q87_A2:787-811	259	275	HL
6ZXH_2:968-1009	259	275	HL
4V8E_AA:654-659	259	275	HL
2LU0_A:13-18	260	276	HL
6GAW_AA:375-380	260	276	HL
7Y41_A:2597-2602	260	276	HL
7UPH_I:3299-3304	260	276	HL
6OM7_t:2355-2359	260	276	HL
1OW9_A:9-14	260	276	HL
6GB2_AV:28-34	261	277	HL
7SYU_i:30-36	261	277	HL
1C2W_B:305-310	262	278	HL
1FFY_T:32-38	262	278	HL
1QU3_T:32-38	262	278	HL
7QEP_1:1210-1215	262	278	HL
8OIN_AA:595-602	262	278	HL
7OTC_A:1388-1397	263	279	HL
7Y41_A:1503-1512	263	279	HL
4V6U_B1:1533-1542	263	279	HL
2J37_Z:161-170	263	279	HL
7QEP_1:68-77	263	279	HL
7S0S_C:1503-1512	263	279	HL
7OIF_1:1388-1397	263	279	HL
6OLE_t:2827-2839	264	280	HL
6OLI_t:2827-2839	264	280	HL
6OM7_t:2827-2839	264	280	HL
6OLF_t:2827-2839	264	280	HL
6OM0_t:2827-2839	264	280	HL
1A60_A:4-12	265	281	HL
2MFC_D:6-15	265	281	HL
3J2G_N:961-970	265	281	HL
2MFC_B:6-15	265	281	HL
6HAG_A:7-16	265	281	HL
7A5G_24:49-58	266	282	HL
6NU3_AA:766-774	266	282	HL
7A5I_99:49-58	266	282	HL
8HL5_A23S:1231-1239	266	282	HL
7A5G_C:49-58	266	282	HL
6UFM_B:85-94	266	282	HL
7A5I_X:49-58	266	282	HL
6Y57_L5:4136-4145	267	283	HL
6LQM_2:4136-4145	267	283	HL
4V6U_B1:2149-2158	267	283	HL
6IP5_1A:4136-4145	267	283	HL
6Y0G_L5:4136-4145	267	283	HL
6IP6_1A:4136-4145	267	283	HL
6IP8_1A:4136-4145	267	283	HL
7BHP_L5:4136-4145	267	283	HL
6OLZ_B1:68-79	268	284	HL
6OLG_B1:68-79	268	284	HL
7A5K_A6:884-890	269	285	HL
7A5F_A6:884-890	269	285	HL
7A5I_A6:884-890	269	285	HL
6OKK_A:1243-1269	270	286	HL
7QGH_N:2750-2764	270	286	HL
6YWY_A:834-851	270	286	HL
8Q5I_A:1564-1588	270	286	HL
4E8N_A:49-63	270	286	HL
8SP9_C:59-75	270	286	HL
8OVA_BA:1447-1471	270	286	HL
5XXU_2:996-1012	270	286	HL
5MRF_A:249-271	270	286	HL
5ZAM_C:55-70	270	286	HL
6Y0G_S2:1055-1073	270	286	HL
5DDR_B:10-15	271	287	HL
8YGJ_B:32-37	271	287	HL
4MEG_B:93-98	271	287	HL
6YMC_A:10-15	271	287	HL
2NZ4_P:107-112	271	287	HL
7PTS_A:529-534	271	287	HL
6CZR_1a:979-984	271	287	HL
4V4B_B3:1626-1632	271	287	HL
7OYC_51:1236-1241	271	287	HL
1JUR_A:7-12	271	287	HL
4V7E_Aa:846-851	271	287	HL
3J7P_S2:1050-1055	271	287	HL
3J7R_5:2840-2845	271	287	HL
6WLK_A:57-62	271	287	HL
5MYJ_AA:420-425	271	287	HL
8RW1_2:489-494	272	288	HL
4V8M_BF:38-43	272	288	HL
8RW1_2:716-721	272	288	HL
4V85_AA:206-211	272	288	HL
8BH6_a:1032-1037	272	288	HL
4UG0_L5:2751-2765	273	289	HL
5ZEY_A:205-221	273	289	HL
5ZEB_A:1587-1617	273	289	HL
3J7P_S2:1163-1179	273	289	HL
7KGB_A:2390-2405	273	289	HL
5O60_A:223-229	274	290	HL
7Y41_A:223-229	274	290	HL
7S0S_C:223-229	274	290	HL
5O61_A:223-229	274	290	HL
6UZ7_5:1525-1533	275	291	HL
8BQD_BQ:1554-1562	275	291	HL
6RM3_L50:2112-2120	275	291	HL
7CPU_S2:369-375	275	291	HL
7QEP_1:506-514	275	291	HL
3JD5_A:334-343	276	292	HL
7PTS_A:167-177	276	292	HL
4V6U_B1:2033-2043	276	292	HL
5O60_A:2133-2143	276	292	HL
7JT1_1:1909-1919	276	292	HL
5O61_A:2133-2143	276	292	HL
7LHD_A:4154-4163	276	292	HL
5X8P_A:1923-1933	276	292	HL
6SPB_A:159-169	276	292	HL
8PPK_2:1054-1063	276	292	HL
5XXU_2:1404-1413	277	293	HL
5ZET_A:486-496	277	293	HL
5ZEP_A:486-496	277	293	HL
7QEP_1:1642-1652	277	293	HL
6FXC_Ba:1319-1328	277	293	HL
5ZEB_A:486-496	277	293	HL
8Q5I_1:2513-2525	278	294	HL
7D0G_A:346-359	278	294	HL
7CPV_L5:4056-4070	278	294	HL
8HL5_A23S:1559-1572	278	294	HL
7UQB_1:1125-1137	278	294	HL
5XXU_2:414-421	279	295	HL
5ZEB_A:2488-2496	279	295	HL
5ZEP_A:2488-2496	279	295	HL
7UPH_I:2323-2332	279	295	HL
5ZET_A:2488-2496	279	295	HL
6IP5_2m:195-206	280	296	HL
6IP6_2m:195-206	280	296	HL
6IP8_2m:195-206	280	296	HL
8ACP_R:24-40	280	296	HL
7S0S_C:156-166	281	297	HL
8HFR_1e:758-767	281	297	HL
7Y41_A:156-166	281	297	HL
5X8P_A:141-151	281	297	HL
7OIF_1:157-167	281	297	HL
8UU5_A:1608-1620	281	297	HL
7JT1_1:157-167	281	297	HL
7OTC_A:157-167	281	297	HL
7ZHG_2:922-931	281	297	HL
8A3L_A:1026-1031	282	298	HL
8AM9_Y:31-37	282	298	HL
6Y57_L8:106-111	282	298	HL
7OLD_4:107-113	282	298	HL
7ZRS_3:107-113	282	298	HL
6FTG_w:106-111	282	298	HL
7CPV_L5:1401-1410	283	299	HL
4UJC_A2:1566-1575	283	299	HL
4D5Y_2:1566-1575	283	299	HL
1C2W_B:58-67	284	300	HL
4V4G_HB:57-66	284	300	HL
5DM6_X:2110-2119	284	300	HL
6SPB_A:1897-1909	285	301	HL
5ON2_B:13-25	285	301	HL
8A3L_A:76-89	285	301	HL
8CVM_a:1812-1823	285	301	HL
7UPH_I:1005-1020	285	301	HL
4V6U_B1:1225-1240	285	301	HL
2M24_A:8-20	285	301	HL
8BH7_a:468-481	285	301	HL
6PQ7_C:10-29	285	301	HL
6V3B_AN1:2157-2162	286	302	HL
4V91_1:2760-2765	286	302	HL
7OYC_51:1261-1266	286	302	HL
5FK2_A:48-53	287	303	HL
5FK5_A:48-53	287	303	HL
7LHD_A:495-500	287	303	HL
3IQN_A:48-53	287	303	HL
2LK3_A:10-15	287	303	HL
3GX7_A:48-53	287	303	HL
3GX6_A:48-53	287	303	HL
2RKJ_K:20-25	287	303	HL
2MXL_A:17-22	287	303	HL
7OLC_1:1843-1847	288	304	HL
6SPB_A:620-625	288	304	HL
8OO0_1:1843-1847	288	304	HL
5FW3_A:73-78	288	304	HL
2RKJ_K:205-210	288	304	HL
5VZL_B:91-96	288	304	HL
6N5O_A:57-61	288	304	HL
6SPB_A:1794-1799	288	304	HL
7Z3O_1:1843-1847	288	304	HL
5Y36_B:73-78	288	304	HL
6AEB_A:33-38	288	304	HL
4UN5_A:73-78	288	304	HL
6AEB_A:73-78	288	304	HL
8BUU_A:2475-2480	288	304	HL
6Z6N_L8:107-112	289	305	HL
6ZMI_L8:107-112	289	305	HL
6ZM7_L8:107-112	289	305	HL
4UG0_L5:2083-2092	290	306	HL
5T2C_An:12-20	290	306	HL
6I7O_n:11-22	290	306	HL
8HFR_1e:1385-1392	290	306	HL
7ZUW_6:12-21	290	306	HL
3J2D_N:1132-1138	291	307	HL
4V77_AA:1132-1138	291	307	HL
3J2G_N:1132-1138	291	307	HL
4V8M_BA:1238-1244	291	307	HL
3J28_N:1132-1138	291	307	HL
3DIQ_A:92-100	292	308	HL
3DIM_A:92-100	292	308	HL
6WNV_4:2082-2090	292	308	HL
3DIS_A:92-100	292	308	HL
6R6G_AF:9-16	293	309	HL
6ZMW_A:1565-1573	293	309	HL
3JAN_4:9-16	293	309	HL
3JAJ_4:9-16	293	309	HL
8CRX_A:1145-1152	293	309	HL
6V3B_AN1:1628-1635	293	309	HL
6XYW_1:1586-1589	294	310	HL
3IYR_A:252-278	294	310	HL
8RW1_2:1687-1708	294	310	HL
3IYQ_A:252-278	294	310	HL
6VMI_AA:878-885	295	311	HL
6ZM7_L8:122-128	295	311	HL
6ZMI_L8:122-128	295	311	HL
6SPB_A:1438-1449	295	311	HL
5T2C_An:51-59	296	312	HL
3J7R_5:291-298	296	312	HL
2N8V_X:35-42	296	312	HL
7OIF_1:136-141	297	313	HL
6SZU_V:2-7	297	313	HL
7OLD_5:31-37	297	313	HL
4V6W_A5:1912-1918	297	313	HL
7QDU_Q:25-30	297	313	HL
7JIL_1:767-772	297	313	HL
7QDU_Q:94-99	297	313	HL
7PTQ_C:500-505	297	313	HL
6EZ0_A:10-15	297	313	HL
7P48_A:790-795	297	313	HL
2LV0_A:9-14	297	313	HL
7OLC_2:1111-1116	297	313	HL
7OTC_A:136-141	297	313	HL
5AJ0_B1:1338-1343	297	313	HL
7UNU_a:470-476	297	313	HL
6OLZ_B1:1111-1120	298	314	HL
6YWE_aa:1149-1157	298	314	HL
5MYJ_AA:964-973	298	314	HL
6XA1_S2:1367-1376	298	314	HL
6FEC_A:962-972	298	314	HL
5I4L_2:432-437	299	315	HL
7UPH_I:3361-3366	299	315	HL
4V6U_B1:213-218	299	315	HL
5U3G_B:17-22	299	315	HL
2MF0_G:46-52	299	315	HL
5X8P_A:209-214	299	315	HL
6I7O_mb:53-61	300	316	HL
8BHN_5:52-60	300	316	HL
6QZP_L8:121-127	300	316	HL
6ZMO_CB:63-71	300	316	HL
8A3L_W:53-61	300	316	HL
6X6T_A:52-60	300	316	HL
6QDW_v:51-59	300	316	HL
7OTC_A:954-961	300	316	HL
7ZUX_7:53-61	300	316	HL
8CD1_Dt:52-60	300	316	HL
8Y39_A:282-288	301	317	HL
7PTK_B:167-172	301	317	HL
4V8M_BB:107-112	301	317	HL
7PTQ_C:450-455	301	317	HL
2P89_A:14-19	301	317	HL
4V6U_B1:1091-1096	301	317	HL
7PTK_B:552-557	301	317	HL
2EUY_A:14-19	301	317	HL
7UO5_B:312-317	302	318	HL
3Q1R_B:186-191	302	318	HL
6ZVK_K3:1352-1357	302	318	HL
8QBT_A:2857-2860	302	318	HL
6TMF_A:363-368	302	318	HL
8OIQ_B8:1416-1421	302	318	HL
6N5T_A:13-20	303	319	HL
7LHD_A:281-288	303	319	HL
4V9F_0:1147-1154	303	319	HL
4V87_CB:47-54	303	319	HL
6IP6_1A:1434-1453	304	320	HL
6Y2L_L5:1435-1454	304	320	HL
7BHP_L5:1434-1453	304	320	HL
6Z6N_L5:1434-1453	304	320	HL
6Y6X_L5:1434-1453	304	320	HL
6IP8_1A:1434-1453	304	320	HL
6Y57_L5:1434-1453	304	320	HL
6IP5_1A:1434-1453	304	320	HL
4V4G_HB:1046-1053	305	321	HL
1FQZ_A:10-17	305	321	HL
3WC1_P:32-40	305	321	HL
7QH4_A:2846-2854	306	322	HL
4UJC_A2:1841-1850	306	322	HL
5XYM_A:2100-2110	306	322	HL
8Y39_a:1020-1029	306	322	HL
4D5Y_2:1841-1850	306	322	HL
6SPB_A:2015-2024	306	322	HL
6Z6L_S2:197-208	307	323	HL
6ZM7_S2:197-208	307	323	HL
6ZME_S2:197-208	307	323	HL
6Z6N_S2:197-208	307	323	HL
6Z6M_S2:197-208	307	323	HL
8CVM_a:322-329	307	323	HL
6ZMO_S2:197-208	307	323	HL
6ZMI_S2:197-208	307	323	HL
3J7P_S2:1013-1018	308	324	HL
6YWY_A:2377-2384	308	324	HL
5IMR_5:31-37	308	324	HL
7AOI_AA:128-135	308	324	HL
5J8A_BA:157-162	309	325	HL
7OTC_a:157-162	309	325	HL
8QBT_i:157-162	309	325	HL
7OIG_2:157-162	309	325	HL
6OLZ_A2:1844-1850	309	325	HL
7UPH_I:156-161	309	325	HL
5O61_A:245-251	310	326	HL
5O60_A:245-251	310	326	HL
7S0S_C:245-251	310	326	HL
6V3B_AN1:1964-1970	310	326	HL
5DM6_X:1897-1903	310	326	HL
5I4L_2:1612-1620	311	327	HL
7P7S_A:204-211	311	327	HL
8WID_a:938-947	311	327	HL
8CDV_A:1129-1138	311	327	HL
6ZMT_2:1593-1602	311	327	HL
7P48_A:2587-2597	311	327	HL
7PTS_A:204-214	312	328	HL
7PTS_A:336-346	312	328	HL
7PTK_B:383-393	312	328	HL
7PTK_B:417-427	312	328	HL
6OLF_t:198-207	313	329	HL
6OM7_t:198-207	313	329	HL
6OLZ_A2:198-207	313	329	HL
6OLG_A2:198-207	313	329	HL
7A5J_x:50-57	314	330	HL
7A5J_G:50-57	314	330	HL
7A5I_94:50-57	314	330	HL
7A5K_FE:50-57	314	330	HL
7A5K_24:50-57	314	330	HL
5V93_A:856-863	314	330	HL
7QH4_A:2335-2343	315	331	HL
6SPD_A:737-744	315	331	HL
3J7R_5:959-968	315	331	HL
6FYY_2:1609-1617	316	332	HL
6YWE_aa:732-740	316	332	HL
5MRF_A:1384-1391	316	332	HL
5XXB_1:615-623	316	332	HL
6WNV_4:199-206	316	332	HL
6MJ0_B:13-21	316	332	HL
7ABH_2:54-62	316	332	HL
4V7H_AA:73-81	316	332	HL
5XY3_1:328-335	317	333	HL
7UPH_I:2448-2455	317	333	HL
7OIF_1:954-961	317	333	HL
7JT1_1:954-961	317	333	HL
4V6O_AB:52-60	318	334	HL
4V5Q_AY:52-60	318	334	HL
4V5S_AY:52-60	318	334	HL
4V5G_AY:52-60	318	334	HL
4V5L_AY:52-60	318	334	HL
3J46_p:52-60	318	334	HL
4V5R_CY:52-60	318	334	HL
4V5P_AY:52-60	318	334	HL
5X2G_B:72-80	319	335	HL
6YDW_AY:48-55	319	335	HL
7URM_v:52-59	319	335	HL
6GAW_AV:48-55	319	335	HL
6GB2_AV:48-55	319	335	HL
6GAZ_AV:48-55	319	335	HL
4V4N_A1:2072-2079	319	335	HL
3Q1R_B:164-172	320	336	HL
8BH7_a:266-274	320	336	HL
7JT3_3:1355-1363	320	336	HL
8A3L_A:1355-1363	320	336	HL
5DM6_X:496-504	320	336	HL
6DLS_A:81-89	320	336	HL
6XYW_1:1230-1235	321	337	HL
7LHD_A:2606-2611	321	337	HL
8EUG_1:1419-1424	321	337	HL
5J8A_BA:1075-1080	321	337	HL
5V93_A:748-753	321	337	HL
6OLF_v:54-57	321	337	HL
4V85_AA:1075-1080	321	337	HL
7OTC_a:1075-1080	321	337	HL
3J7P_S2:556-561	321	337	HL
8QBT_i:1075-1080	321	337	HL
7OIG_2:1075-1080	321	337	HL
6ZVJ_2:540-545	321	337	HL
6Y2L_B4:31-37	322	338	HL
6Y0G_D4:31-37	322	338	HL
4V7E_Aa:2921-2927	322	338	HL
5O61_BW:31-37	322	338	HL
4V6U_B1:1998-2005	323	339	HL
7OIF_1:711-718	323	339	HL
7S0S_C:826-833	323	339	HL
7JT1_1:711-718	323	339	HL
3F4E_X:35-42	323	339	HL
7UPH_I:2211-2218	323	339	HL
8BUU_A:208-215	324	340	HL
7P7S_a:1405-1413	324	340	HL
6W77_A:1379-1387	324	340	HL
3J3V_A:2816-2830	325	341	HL
5XYM_A:2191-2203	325	341	HL
6C64_B:5-30	325	341	HL
6OLE_S2:188-209	325	341	HL
6OLI_S2:188-209	325	341	HL
6OM0_S2:188-209	325	341	HL
7QEP_1:2034-2046	325	341	HL
5MQF_2:165-182	325	341	HL
8Q5I_A:795-800	326	342	HL
8BQD_BQ:2312-2317	326	342	HL
4V8M_AA:502-507	326	342	HL
6UZ7_5:2281-2286	326	342	HL
3J7R_8:120-128	327	343	HL
7TUT_v:120-128	327	343	HL
7CPU_S2:1459-1468	327	343	HL
6FTG_w:120-128	327	343	HL
4V6U_B1:150-158	327	343	HL
4V6X_A8:120-128	327	343	HL
4V85_AA:1164-1170	328	344	HL
7OTC_a:1164-1170	328	344	HL
8BH7_a:1175-1181	328	344	HL
8QBT_i:1164-1170	328	344	HL
4U56_5:1266-1272	328	344	HL
6M0V_B:32-37	329	345	HL
8QBT_A:1752-1757	329	345	HL
6JQ5_B:45-50	329	345	HL
4V4B_B3:804-810	329	345	HL
6ZM7_L5:1580-1589	330	346	HL
6ZMI_L5:1580-1589	330	346	HL
6Z6M_L5:1580-1589	330	346	HL
6ZMO_L5:1580-1589	330	347	HL
6Z6N_L5:1580-1589	330	347	HL
7BHP_L5:1580-1589	330	347	HL
6ZME_L5:1580-1589	330	346	HL
8XSX_L5:1580-1589	330	346	HL
6SPB_A:60-69	330	347	HL
6Y6X_L5:1580-1589	330	347	HL
6Z6L_L5:1580-1589	330	346	HL
6X6T_A:12-21	331	348	HL
6LSS_2:493-501	331	348	HL
4KZZ_j:12-20	331	348	HL
8ETI_2:54-63	331	348	HL
4V8M_BB:979-987	331	348	HL
6ZU5_L50:304-311	331	348	HL
6ZOJ_2:1531-1536	332	349	HL
3JD5_A:192-197	332	349	HL
5O60_A:2597-2602	332	349	HL
5O61_A:2597-2602	332	349	HL
5TPY_A:61-66	332	349	HL
7UPH_I:1986-1992	333	350	HL
7Y41_A:574-579	333	350	HL
28SR_A:11-16	333	350	HL
8HL5_A5S:88-93	333	350	HL
5O61_A:574-579	333	350	HL
4YAZ_R:24-29	333	350	HL
4V6U_B3:85-90	333	350	HL
5O60_A:574-579	333	350	HL
7UQB_1:1399-1409	334	351	HL
3J3V_A:651-662	334	351	HL
7PTK_B:221-231	334	351	HL
7CPV_L5:2509-2521	334	351	HL
8CKU_Bb:29-39	334	351	HL
8Q5I_A:1765-1776	335	352	HL
7OLC_1:1365-1375	335	352	HL
7Z3O_1:1365-1375	335	352	HL
7KGB_A:2026-2036	335	352	HL
7MT7_a:466-477	335	352	HL
7MT3_A:2026-2036	335	352	HL
6YDP_AV:12-18	336	353	HL
6ZCE_A:449-454	336	353	HL
6GAW_AV:12-18	336	353	HL
5DAT_5:2517-2523	336	353	HL
6GAZ_AV:12-18	336	353	HL
6GAW_AA:880-886	336	353	HL
7LHD_A:1136-1143	336	353	HL
7RQE_1A:2453-2462	337	354	HL
7P7S_A:1931-1941	337	354	HL
8T8B_1A:2453-2462	337	354	HL
6ZXE_2:1281-1291	337	354	HL
6XYW_2:1513-1521	337	354	HL
8OO0_1:1001-1010	337	354	HL
6R6G_2:29-37	337	354	HL
5OA3_2:1451-1460	337	354	HL
6ZU5_S60:1048-1053	338	355	HL
7UVZ_A:2043-2048	338	355	HL
5LKS_L5:662-667	338	355	HL
6OLZ_A2:2296-2301	338	355	HL
4WFA_X:493-500	339	356	HL
6V3B_AN1:2262-2270	339	356	HL
4V7E_Aa:1464-1472	339	356	HL
8T8B_1A:447-455	339	356	HL
3JBO_AA:1436-1444	339	356	HL
7RQE_1A:447-455	339	356	HL
6AZ3_2:526-532	340	357	HL
3JBO_AA:2573-2579	340	357	HL
6SPB_A:703-710	340	357	HL
5ZET_A:2267-2276	341	358	HL
5ZEB_A:2267-2276	341	358	HL
5ZEP_A:2267-2276	341	358	HL
6HTQ_u:30-38	342	359	HL
3BBV_z:30-38	342	359	HL
6UZ7_3:30-38	342	359	HL
6W6L_u:30-38	342	359	HL
5MMM_z:30-38	342	359	HL
5TCU_D:30-38	342	359	HL
6ZTO_AX:30-38	342	359	HL
1F84_A:11-18	343	360	HL
5DAT_5:2840-2848	343	360	HL
6OF6_XA:1075-1080	344	361	HL
5LMN_A:1075-1080	344	361	HL
7OIF_1:461-466	344	361	HL
4V6U_B1:500-505	344	361	HL
4V4N_B2:1027-1032	344	361	HL
5O60_A:133-140	345	362	HL
7KGB_A:2724-2732	345	362	HL
5O61_A:133-140	345	362	HL
7MT3_A:2724-2732	345	362	HL
7Y41_A:133-140	345	362	HL
7S0S_C:133-140	345	362	HL
8Q5I_1:3152-3159	345	362	HL
7QGH_N:2329-2336	346	363	HL
6ZP4_1:51-59	346	363	HL
6SPD_A:66-75	346	363	HL
7A09_f:51-59	346	363	HL
4UG0_S6:51-59	346	363	HL
4V3P_L1:2747-2755	346	363	HL
7OTC_A:628-633	347	364	HL
4V4N_B2:819-824	347	364	HL
6ZON_2:1140-1145	347	364	HL
4V8T_7:87-92	347	364	HL
5XXU_2:1105-1110	347	364	HL
4V4N_B2:1469-1474	347	364	HL
8CRX_b:85-90	347	364	HL
4L81_A:12-17	347	364	HL
4V6U_B1:2922-2927	347	364	HL
4V7Z_CA:887-892	347	364	HL
4V6W_A7:85-90	347	364	HL
6TMF_A:808-813	347	364	HL
3J46_p:30-38	348	365	HL
4V8M_BE:105-113	348	365	HL
7AS9_2:31-39	348	365	HL
8OIQ_B8:1197-1204	348	365	HL
6OLG_B1:1111-1120	348	365	HL
6XYW_1:2382-2391	348	365	HL
8BH6_a:76-79	349	366	HL
5O61_BA:352-357	349	366	HL
6XZA_A1:352-357	349	366	HL
7MT7_a:351-356	349	366	HL
7UQB_1:2796-2801	349	366	HL
6XB7_A:20-25	350	367	HL
8OVA_AA:309-315	350	367	HL
6GAW_AA:159-164	350	367	HL
5OPT_E:2152-2158	350	367	HL
7Y41_A:1000-1005	350	367	HL
4V7E_Aa:595-600	350	367	HL
4V3P_L1:1777-1781	350	367	HL
5V7Q_B:82-87	350	367	HL
7PIS_3:2687-2692	350	367	HL
4V6W_B2:1246-1251	350	367	HL
6ZSA_AA:806-814	351	368	HL
8Q5I_1:2141-2147	351	368	HL
6ZSC_AA:806-814	351	368	HL
6ZSB_AA:806-814	351	368	HL
6ZSG_AA:806-814	351	368	HL
6ZSD_AA:806-814	351	368	HL
1N8X_A:14-19	352	369	HL
7UO5_B:210-215	352	369	HL
4V85_AA:157-162	352	369	HL
4V8M_AA:928-933	352	369	HL
6T3K_A:273-278	352	369	HL
4V4G_HB:2285-2290	352	369	HL
5AXW_B:33-38	352	369	HL
6DZI_A:385-392	353	370	HL
6DZP_A:385-392	353	370	HL
4GMA_Z:39-50	354	371	HL
3J0L_W:29-39	354	371	HL
6Y4B_F:29-39	354	371	HL
8CD1_Dt:29-39	354	371	HL
7A09_2:1167-1176	355	372	HL
7P48_a:896-903	355	372	HL
6Y57_S2:1167-1176	355	372	HL
4V8M_AA:1269-1279	356	373	HL
4V85_AA:320-331	356	373	HL
8OIQ_B8:1163-1175	356	373	HL
6SPE_a:314-324	356	373	HL
6X6T_A:31-37	357	374	HL
4V6W_BC:30-36	357	374	HL
7ZUX_7:32-38	357	374	HL
6OF6_XA:617-623	357	374	HL
7P7U_D:32-38	357	374	HL
6DB9_R:22-28	358	375	HL
4KZE_R:36-42	358	375	HL
4Q9R_R:36-42	358	375	HL
8QBT_A:2325-2337	359	376	HL
7JIL_2:1140-1155	359	376	HL
5XYM_A:2594-2606	359	376	HL
6CZR_1a:1143-1154	359	376	HL
6XA1_L5:2740-2752	359	376	HL
7OIF_1:743-752	360	377	HL
7KVV_D:54-62	360	377	HL
7JT1_1:743-752	360	377	HL
8OIQ_B8:290-299	360	377	HL
7UPH_I:2243-2252	360	377	HL
5X8P_A:754-763	360	377	HL
7OTC_A:743-752	360	377	HL
5LZB_y:31-39	361	378	HL
6SPB_A:1377-1386	361	378	HL
8DFV_E:24-32	361	378	HL
7KVV_D:23-31	361	378	HL
5MRF_A:3090-3097	361	378	HL
7UG6_1:553-561	361	378	HL
5XXB_1:3231-3239	361	378	HL
5VZL_B:42-48	362	379	HL
8OVA_BA:442-449	362	379	HL
6UZ7_5:371-378	362	379	HL
7OIF_1:381-391	363	380	HL
6ZVK_K3:376-386	363	380	HL
7OTC_A:381-391	363	380	HL
7JT1_1:381-391	363	380	HL
6YDW_AA:896-904	364	381	HL
8HL5_A16S:1329-1337	364	381	HL
6YDP_AA:896-904	364	381	HL
6SWA_q:902-911	364	381	HL
7P7S_a:1183-1188	365	382	HL
5V8I_2A:2614-2619	365	382	HL
8Y39_B:82-87	366	383	HL
6ZXE_2:1368-1373	366	383	HL
6FXC_BB:82-87	366	383	HL
6HA1_a:485-491	366	383	HL
8BQD_BQ:2256-2262	366	383	HL
5MC6_n:31-39	367	384	HL
6Y0G_S2:549-557	367	384	HL
7O5B_U:31-39	367	384	HL
7UVZ_A:2202-2211	367	384	HL
6YWE_bb:29-37	367	384	HL
6SPB_A:875-881	368	385	HL
7D0G_A:535-540	368	385	HL
8HL5_A23S:251-257	368	385	HL
5MRF_aa:619-624	368	385	HL
4V8M_AA:1379-1384	368	385	HL
7OTC_A:1532-1537	368	385	HL
1RFR_A:12-17	368	385	HL
6XYW_1:2728-2733	368	385	HL
7UPH_I:3026-3031	368	385	HL
7A09_2:665-672	369	386	HL
6ZVK_e2:3757-3764	369	386	HL
7OIF_1:1805-1810	370	387	HL
1EXY_A:11-16	370	387	HL
7JT1_1:1805-1810	370	387	HL
7P48_A:2640-2645	371	388	HL
6OM0_v:31-37	371	388	HL
6OLE_v:31-37	371	388	HL
8FON_RB:39-45	371	388	HL
6OLI_v:31-37	371	388	HL
4V4B_B3:252-256	372	389	HL
5J8A_BA:839-845	372	389	HL
6W6L_t:352-359	372	389	HL
8BH7_a:1038-1044	372	389	HL
3CCJ_9:36-42	372	389	HL
5J8A_BA:785-795	373	390	HL
7O5B_U:52-62	373	390	HL
6GAW_AA:425-435	373	390	HL
7OIG_2:785-795	373	390	HL
6TMF_A:728-738	373	390	HL
4V4N_B2:739-749	373	390	HL
7UPH_I:784-794	373	390	HL
3JD5_A:419-429	373	390	HL
6OLF_D:67-89	374	391	HL
5ZEY_A:267-302	374	391	HL
8Q7Z_B8:67-89	374	391	HL
6XIQ_4:67-90	374	391	HL
6XA1_L8:66-88	374	391	HL
7D0F_A:236-247	375	392	HL
8QOA_Y:12-22	375	392	HL
6I7O_mb:12-22	375	392	HL
8A3L_W:12-22	375	392	HL
7ZUX_7:12-22	375	392	HL
4V5M_AV:53-61	376	393	HL
2CSX_C:53-61	376	393	HL
6XA1_Bv:53-61	376	393	HL
6NUO_XV:53-61	376	393	HL
2CSX_D:53-61	376	393	HL
4YVI_C:53-61	376	393	HL
4TUE_QV:53-61	376	393	HL
8KD9_T:53-61	376	393	HL
5ZET_A:1687-1698	377	394	HL
5ZEB_A:1687-1698	377	394	HL
5ZEP_A:1687-1698	377	394	HL
7OLC_1:2735-2747	377	394	HL
7Z3O_1:2735-2747	377	394	HL
5MYJ_BA:1776-1786	377	394	HL
6OM7_u:52-60	378	395	HL
6O8W_u:52-60	378	395	HL
5MRF_bb:52-60	378	395	HL
6OM0_u:52-60	378	395	HL
6OLG_Bv:52-60	378	395	HL
6OLE_u:52-60	378	395	HL
6OLI_u:52-60	378	395	HL
3WFQ_D:52-60	378	395	HL
5TCU_D:52-60	378	395	HL
6W6L_u:52-60	378	395	HL
3Q1R_C:62-70	378	395	HL
3Q1Q_C:62-70	378	395	HL
3J0L_W:52-60	378	395	HL
6OLF_u:52-60	378	395	HL
6OLZ_Bv:52-60	378	395	HL
6ZU5_S60:301-309	379	396	HL
6ZVK_K3:832-840	379	396	HL
7JIL_1:1757-1764	379	396	HL
6G5H_2:617-624	379	396	HL
8H8E_G:30-38	379	396	HL
5ZEP_A:425-433	380	397	HL
5ZEB_A:425-433	380	397	HL
5ZET_A:425-433	380	397	HL
4V7E_Aa:709-716	381	398	HL
1C2W_B:977-984	381	398	HL
4WFA_X:1000-1009	381	398	HL
6ZJ3_S1:1335-1343	381	398	HL
8T8B_1A:474-481	381	398	HL
7UVZ_A:743-752	381	398	HL
7RQE_1A:474-481	381	398	HL
6OLE_t:36-43	382	399	HL
6OLI_t:36-43	382	399	HL
6XA1_L5:36-43	382	399	HL
6SWA_q:36-43	382	399	HL
6OLF_t:36-43	382	399	HL
7OTC_A:486-492	383	400	HL
6OLI_t:130-136	383	400	HL
6W6L_t:268-275	383	400	HL
6OLE_t:130-136	383	400	HL
7JT3_3:1263-1268	383	400	HL
4V6U_B1:525-531	383	400	HL
5DM6_X:1203-1210	383	400	HL
6OLG_A2:130-136	383	400	HL
6OLI_S2:472-487	384	401	HL
6OM0_S2:472-487	384	401	HL
8QBT_A:1016-1023	385	402	HL
7ZUW_6:52-60	385	402	HL
6IP8_1C:121-129	385	402	HL
5KCR_1x:63-71	385	402	HL
6IP5_1C:121-129	385	402	HL
4V3P_S2:51-59	385	402	HL
6I7O_m:51-59	385	402	HL
8VS9_TMRN:339-347	385	402	HL
6IP6_1C:121-129	385	402	HL
7ZRS_6:51-59	385	402	HL
6I7O_n:52-60	385	402	HL
4FRN_B:55-63	385	402	HL
6ZVH_x:51-59	385	402	HL
5CCB_N:53-61	386	403	HL
5CCX_N:53-61	386	403	HL
5LMN_A:319-330	387	404	HL
7JT3_3:319-330	387	404	HL
4UER_A:392-403	387	404	HL
6AZ3_7:54-63	387	404	HL
1EC6_C:4-15	387	404	HL
6OKK_A:1379-1389	387	404	HL
6ZVK_K3:440-451	387	404	HL
4V4S_AA:318-329	387	404	HL
2RKJ_K:172-178	388	405	HL
6NUO_XV:32-38	388	405	HL
7QH4_A:590-597	388	405	HL
8OVA_BB:815-820	388	405	HL
6SY6_D:20-25	388	405	HL
6IP8_2m:415-421	388	405	HL
6W77_A:208-213	388	405	HL
5LKS_S2:415-421	388	405	HL
6SPB_A:1682-1687	388	405	HL
9BH5_B2:1319-1324	388	405	HL
7Y41_A:2250-2259	389	406	HL
5O61_A:2250-2259	389	406	HL
5O60_A:2250-2259	389	406	HL
7UPH_I:3520-3529	389	406	HL
5X8P_A:2040-2049	389	406	HL
7OTC_A:2026-2035	389	406	HL
5DM6_X:2483-2492	390	407	HL
6Q97_4:163-172	390	407	HL
6E84_A:8-17	390	407	HL
6E80_A:8-17	390	407	HL
6RM3_L50:1893-1902	390	407	HL
5BJO_Y:8-17	390	407	HL
4V4G_HB:1345-1354	390	407	HL
5OA3_2:1163-1172	390	407	HL
7UPH_I:1312-1321	391	408	HL
6V3B_AN1:1791-1801	391	408	HL
5J8A_BA:1313-1322	391	408	HL
6OM0_D:119-129	392	409	HL
6OLG_A3:119-129	392	409	HL
6SWA_r:119-129	392	409	HL
6PCT_I:65-74	393	410	HL
6MCC_B:39-47	393	410	HL
4YYE_D:32-40	393	410	HL
2FDT_A:14-22	393	410	HL
6OM0_t:1959-1968	393	410	HL
6D6V_B:23-31	393	410	HL
2CKY_B:16-21	394	411	HL
7PTK_B:687-692	394	411	HL
7QDU_Q:477-482	394	411	HL
6CK4_B:36-41	394	411	HL
6AWB_A:1122-1127	394	411	HL
7PTK_B:633-638	394	411	HL
4V6X_B2:1360-1365	394	411	HL
7QDU_Q:45-50	394	411	HL
6ZVK_K3:1762-1768	395	412	HL
3Q1R_C:36-41	395	412	HL
6SPD_A:851-856	395	412	HL
3Q1Q_C:36-41	395	412	HL
7OLC_1:1882-1889	396	413	HL
7K16_P:27-35	396	413	HL
8OO0_1:1882-1889	396	413	HL
4V6U_B1:344-351	396	413	HL
9BH5_B2:1423-1432	397	414	HL
3JBO_AA:2458-2466	397	414	HL
4V3P_L1:2696-2704	397	414	HL
8HFR_1e:2653-2662	397	414	HL
5XYI_2:346-354	397	414	HL
6V3B_AN1:347-355	397	414	HL
7UW1_a:268-276	397	414	HL
7OYC_51:3817-3824	398	415	HL
1B23_R:50-58	398	415	HL
6SPD_A:334-341	398	415	HL
5ZEP_A:2189-2197	398	415	HL
5ZET_A:2189-2197	398	415	HL
5ZEB_A:2189-2197	398	415	HL
7OTC_A:2593-2598	399	416	HL
5O60_A:2817-2822	399	416	HL
5O61_A:2817-2822	399	416	HL
5X8P_A:2610-2615	399	416	HL
6TH6_BA:1008-1014	399	416	HL
7Y41_A:2817-2822	399	416	HL
7JIL_2:213-222	400	417	HL
4V4B_B3:1327-1335	400	417	HL
7PTQ_C:325-335	400	417	HL
7PTS_A:398-408	400	417	HL
6SWA_q:1543-1553	400	417	HL
7QDU_Q:239-249	400	417	HL
7CPU_S2:1829-1838	400	417	HL
4V6T_AV:271-280	400	417	HL
3OXJ_A:48-53	401	418	HL
3Q1R_B:283-288	401	418	HL
3OWI_A:48-53	401	418	HL
5FK2_A:72-77	401	418	HL
3GX6_A:72-77	401	418	HL
4V5G_AY:12-21	402	419	HL
4V5G_CY:12-21	402	419	HL
4V8P_A1:898-907	402	419	HL
8HU1_X:12-21	402	419	HL
4V3P_S1:938-948	402	419	HL
4V69_AY:12-21	402	419	HL
5MYJ_BA:2028-2037	402	419	HL
7LHD_A:129-137	402	419	HL
8BTK_AT:12-21	402	419	HL
5V8I_2A:441-449	402	419	HL
6Y0G_D4:12-21	402	419	HL
6RM3_L50:600-609	402	419	HL
3J46_p:12-21	402	419	HL
7UPH_I:1826-1834	403	420	HL
4V6U_B1:366-374	403	420	HL
7OTC_A:326-334	403	420	HL
5O60_A:408-416	403	420	HL
5X8P_A:335-343	403	420	HL
7Y41_A:408-416	403	420	HL
7JT1_1:2303-2311	403	420	HL
3J3V_A:1362-1370	403	420	HL
5O61_A:408-416	403	420	HL
4V7E_Aa:213-221	403	420	HL
4V6T_AV:63-73	404	421	HL
4V85_AA:1313-1322	404	421	HL
7UVZ_A:245-254	404	421	HL
5T5H_C:68-77	404	421	HL
4V4G_HB:2333-2342	404	421	HL
4V91_1:1756-1765	404	421	HL
7OIG_2:1313-1322	404	421	HL
2QH2_A:7-16	404	421	HL
7OTC_a:206-211	405	422	HL
4V85_AA:1027-1032	405	422	HL
8HFR_1e:208-214	405	422	HL
8QBT_i:206-211	405	422	HL
7PTQ_C:518-523	405	422	HL
4V6W_B2:188-194	405	422	HL
4ERL_A:141-146	406	423	HL
7S0S_C:722-727	406	423	HL
8QBT_i:378-383	406	423	HL
7OTC_a:378-383	406	423	HL
4V85_AA:378-383	406	423	HL
7OTC_A:1867-1872	406	423	HL
4FRG_X:45-50	406	423	HL
6OLG_B1:860-865	406	423	HL
6ZXE_2:1112-1128	407	424	HL
8PPK_2:538-549	407	424	HL
8Q87_B5:3900-3912	407	424	HL
6ZXD_2:1112-1128	407	424	HL
6SPD_A:769-778	408	425	HL
6W6L_t:2028-2037	408	425	HL
8EUG_1:937-946	408	425	HL
6WNV_4:1304-1311	408	425	HL
2DR2_B:29-37	408	425	HL
5DAT_5:2897-2905	408	425	HL
4V8E_AA:343-347	409	426	HL
4V8B_BA:343-347	409	426	HL
4V4B_B3:1752-1758	410	427	HL
6XZA_A1:429-434	410	427	HL
3J7R_7:35-40	410	427	HL
6ZOJ_2:1342-1347	410	427	HL
5LKS_S2:1238-1247	410	427	HL
8Q87_A2:1197-1202	410	427	HL
7PAS_4:38-44	410	427	HL
7PTK_B:579-584	411	428	HL
8CDV_A:708-713	411	428	HL
6T3K_A:337-342	411	428	HL
7P7S_a:540-545	411	428	HL
3WC1_Q:33-39	411	428	HL
7PTQ_C:112-117	411	428	HL
2M58_A:40-54	412	429	HL
7PAS_5:1135-1149	412	429	HL
4V8M_AA:611-626	412	429	HL
3IYR_A:59-72	412	429	HL
2ZY6_A:12-24	412	429	HL
7LHD_A:1337-1350	412	429	HL
7JIL_1:2854-2868	412	429	HL
7JIL_1:2373-2385	412	429	HL
3J3V_A:1300-1313	412	429	HL
5OA3_2:1820-1831	412	429	HL
8G1S_R:6-19	412	429	HL
7S1K_A:10-23	412	429	HL
6DU5_B:8-22	412	429	HL
4V8M_BA:761-774	412	429	HL
4V8P_A1:2365-2375	413	430	HL
7MT3_A:1703-1714	413	430	HL
7KGB_A:1703-1714	413	430	HL
5EAQ_A:15-20	414	431	HL
5DH8_A:15-20	414	431	HL
6O8Z_A:786-795	415	432	HL
7QH4_A:793-802	415	432	HL
5O61_A:1071-1078	416	433	HL
8CVM_a:1356-1363	416	433	HL
7LHD_A:3991-3998	416	433	HL
7S0S_C:1071-1078	416	433	HL
7Y41_A:1071-1078	416	433	HL
5X8P_A:982-989	416	433	HL
5O60_A:1071-1078	416	433	HL
5T2A_C:147-154	416	433	HL
8T8B_1A:1364-1372	417	434	HL
7RQE_1A:1364-1372	417	434	HL
5DAT_5:1904-1912	418	435	HL
7S0S_C:3039-3047	418	435	HL
2RKJ_K:101-106	418	435	HL
7Y41_A:3039-3047	418	435	HL
5O60_A:3039-3047	418	435	HL
5O61_A:3039-3047	418	435	HL
3G96_Q:107-112	419	436	HL
6YWY_A:2163-2168	419	436	HL
6T3K_A:134-140	419	436	HL
3G8S_Q:107-112	419	436	HL
4V4N_A1:132-141	420	437	HL
6SWD_2:431-439	420	437	HL
4V8E_AA:1138-1145	420	437	HL
4FEO_B:44-52	420	437	HL
4V8B_BA:1138-1145	420	437	HL
4FEP_B:44-52	420	437	HL
4V6U_B1:132-139	420	437	HL
6Y57_L5:4401-4409	421	438	HL
6Z6L_L5:4401-4409	421	439	HL
6Z6N_L5:4401-4409	421	439	HL
8XSX_L5:4401-4409	421	439	HL
6Z6M_L5:4401-4409	421	439	HL
6Y0G_L5:4401-4409	421	438	HL
8HFR_1e:1717-1726	421	438	HL
6LQM_2:4401-4409	421	438	HL
6Y6X_L5:4401-4409	421	439	HL
7UVZ_A:2276-2363	422	440	HL
6UFK_C:11-34	422	441	HL
4V6W_A5:3180-3264	422	440	HL
5XXU_2:867-906	422	440	HL
6AZ3_2:1030-1095	422	440	HL
7OYC_51:1523-1571	422	441	HL
5LKS_S2:1528-1570	422	441	HL
4WFA_X:1307-1362	422	440	HL
8CVM_a:2470-2545	422	440	HL
5T2C_A:4246-4303	422	440	HL
5OA3_2:958-997	422	441	HL
9CAI_A5:931-1001	422	440	HL
6W7N_A:848-880	422	441	HL
7UVZ_A:1230-1281	422	441	HL
6W6L_t:1727-1775	422	440	HL
5XY3_1:1016-1087	422	440	HL
4UG0_L5:4246-4303	422	440	HL
7CPV_L5:2037-2095	422	441	HL
9CAI_A5:1757-1826	422	440	HL
8OVA_BB:1041-1096	422	440	HL
6Z1P_Ab:1614-1685	422	441	HL
5XXB_1:1699-1772	422	441	HL
4V4B_B3:1103-1157	422	441	HL
7P48_A:2384-2473	422	441	HL
7QEP_1:1051-1108	422	441	HL
6W77_A:639-645	423	442	HL
7QV3_a:899-904	423	442	HL
6TH6_BA:232-237	423	442	HL
6SKG_BA:232-237	423	442	HL
7QH4_A:1140-1147	424	443	HL
6V39_v:32-38	424	443	HL
5B2O_B:54-60	425	444	HL
1YSV_A:10-16	425	444	HL
5B2Q_B:54-60	425	444	HL
6Y2L_L5:4474-4486	426	445	HL
4V91_1:2825-2837	426	445	HL
6OLG_A2:1542-1554	426	445	HL
5XYM_A:736-748	426	445	HL
6IP8_1A:4474-4485	426	445	HL
8BQD_BQ:2725-2737	426	445	HL
7ZJX_S2:541-552	426	445	HL
7OYC_51:1885-1899	426	445	HL
6UZ7_5:2693-2705	426	445	HL
4V7H_B5:2416-2430	426	445	HL
8Q87_A2:527-538	427	446	HL
7A5J_G:11-21	427	446	HL
4V8M_BA:827-838	427	446	HL
4WFA_X:2015-2025	427	446	HL
7A5J_x:11-21	427	446	HL
6DZP_A:2486-2498	427	446	HL
4V7E_Aa:2285-2295	427	446	HL
6DZI_A:2486-2498	427	446	HL
7KJU_A:31-39	428	447	HL
5E7K_3K:30-38	428	447	HL
6ZOK_2:1014-1022	428	447	HL
8BHN_5:30-38	428	447	HL
6G5I_2:1337-1344	428	447	HL
7Y41_A:1395-1403	429	448	HL
5XY3_1:2146-2154	429	448	HL
5O61_A:1395-1403	429	448	HL
5O60_A:1395-1403	429	448	HL
6G5H_2:490-497	430	449	HL
6ZLW_2:490-497	430	449	HL
3J7R_5:983-990	430	449	HL
5A2Q_2:490-497	430	449	HL
7K5I_2:490-497	430	449	HL
4V8M_AA:2085-2092	430	449	HL
5ZEB_B:83-90	430	449	HL
5MYJ_AA:1165-1171	431	450	HL
8WID_a:1139-1145	431	450	HL
8BH6_a:1169-1175	431	450	HL
4UER_A:520-530	432	451	HL
3J7P_S2:1486-1497	432	451	HL
7UPH_I:319-330	432	451	HL
5J8A_BA:320-331	432	451	HL
4V7E_Aa:2247-2257	432	451	HL
7OTC_a:320-331	432	451	HL
7MT3_A:2163-2173	433	452	HL
5V93_A:2163-2173	433	452	HL
7KGB_A:2163-2173	433	452	HL
6XYW_1:301-308	434	453	HL
1NA2_A:11-17	434	453	HL
4U56_5:2859-2867	435	454	HL
6O8Z_A:583-590	435	454	HL
8OVA_AA:460-467	435	454	HL
6Y0G_S2:367-374	435	454	HL
3JBO_AA:301-310	435	454	HL
6O8Z_A:1211-1220	435	454	HL
6SPD_A:2550-2557	435	454	HL
6ZN5_2:1441-1450	435	454	HL
7QH4_A:138-145	435	454	HL
8QBT_i:1448-1453	436	455	HL
5J8A_BA:418-423	436	455	HL
6XMG_C:42-47	436	455	HL
5J8A_BA:1448-1453	436	455	HL
2HUA_A:16-21	436	455	HL
2M4Q_1:10-15	436	455	HL
6WTL_A:13-18	436	455	HL
8T2O_R:57-62	436	455	HL
4V85_AA:1448-1453	436	455	HL
4V85_AA:418-423	436	455	HL
5J8A_BA:1027-1032	436	455	HL
1FYP_A:10-15	436	455	HL
2N6S_A:15-20	436	455	HL
7UPH_I:417-422	436	455	HL
8QBT_i:1027-1032	436	455	HL
1TLR_A:9-14	437	456	HL
7QV3_a:1166-1172	437	456	HL
7PTQ_C:428-433	437	456	HL
8QBT_A:1691-1697	438	457	HL
3AM1_B:17-22	438	457	HL
1P6V_B:26-32	438	457	HL
6IP5_1A:4402-4408	438	457	HL
7BHP_L5:4402-4408	438	457	HL
6IP6_1A:4402-4408	438	457	HL
7CPV_L5:4132-4144	439	458	HL
4YYE_D:14-23	439	458	HL
4UG0_L5:4479-4491	439	458	HL
6O8Z_A:162-172	439	458	HL
4V8M_AA:419-427	440	459	HL
6SKG_BA:525-532	440	459	HL
8DMB_W:123-130	440	459	HL
6Y2L_L5:494-502	440	459	HL
8P2F_A:532-539	440	459	HL
6XYW_1:1609-1617	440	459	HL
3JBO_AA:214-222	440	459	HL
6TH6_BA:525-532	440	459	HL
7OIF_1:610-616	441	460	HL
6LNB_M:49-55	441	460	HL
7UPH_I:2110-2116	441	460	HL
6Q9A_4:116-126	442	461	HL
6W6P_a:351-362	442	461	HL
8UU9_a:344-355	442	461	HL
4V4B_B3:58-68	442	461	HL
8QBT_i:460-470	442	461	HL
6Q98_4:116-126	442	461	HL
6ZMT_2:367-378	443	462	HL
3JBP_A:332-343	443	462	HL
6UZ7_5:1410-1420	443	462	HL
3J2C_N:256-266	443	462	HL
6Y2L_S2:596-607	443	462	HL
6OLG_A2:2331-2341	443	462	HL
6JQ5_B:5-14	443	462	HL
6OM0_S2:68-79	444	463	HL
6OLI_S2:68-79	444	463	HL
6OLF_S2:68-79	444	463	HL
6OLE_S2:68-79	444	463	HL
8T8B_1A:2750-2755	445	464	HL
4V9F_0:335-339	445	464	HL
5MYJ_BA:2144-2149	445	464	HL
7RQE_1A:2750-2755	445	464	HL
4UG0_L5:1862-1871	446	465	HL
5LKS_L5:1862-1871	446	465	HL
5XY3_1:491-500	446	465	HL
6DB9_R:35-44	446	465	HL
4V7H_B5:1124-1131	446	465	HL
2J37_Z:131-137	447	466	HL
5T2C_AA:1120-1125	447	466	HL
7UG6_1:2260-2265	447	466	HL
6ZME_L5:4133-4142	448	467	HL
6ZM7_L5:4133-4142	448	467	HL
6ZMO_L5:4133-4142	448	467	HL
6Y2L_L5:4137-4146	448	467	HL
6ZMI_L5:4133-4142	448	467	HL
6IP5_2m:1740-1751	449	468	HL
5MYJ_BA:2265-2277	449	468	HL
8OVE_BG:138-150	449	468	HL
7UNR_A:1903-1913	449	468	HL
5V8I_2A:1940-1950	449	468	HL
7QGH_N:1915-1925	449	468	HL
4V6T_AV:127-137	449	468	HL
4V7H_B5:1628-1638	449	468	HL
8Q5I_1:1123-1128	450	469	HL
3J3V_A:2864-2871	450	469	HL
6SPB_A:602-608	450	469	HL
7D0F_A:220-228	450	469	HL
6OLZ_B1:442-448	451	470	HL
6OLG_B1:442-448	451	470	HL
6WDL_5:32-38	452	471	HL
6H58_w:32-38	452	471	HL
6ZVH_2:1237-1242	452	471	HL
6QZP_S2:1237-1242	452	471	HL
4V8M_BA:128-133	452	471	HL
6GAW_AA:122-127	452	471	HL
6OM0_S2:1237-1242	452	471	HL
6GAW_AA:88-92	452	471	HL
6WTR_A:13-19	452	471	HL
7S0S_C:281-303	453	472	HL
4V8M_AA:1050-1066	453	472	HL
6DZI_A:279-303	453	472	HL
6DZP_A:279-303	453	472	HL
4V7Z_CA:1123-1138	453	472	HL
7PTS_A:112-117	454	473	HL
7QH4_W:1147-1152	454	473	HL
6SWA_q:1845-1850	454	473	HL
2RKJ_K:131-136	454	473	HL
8CDV_A:473-478	454	473	HL
7PTQ_C:94-99	454	473	HL
6Y0G_L5:4473-4485	455	474	HL
3JD5_A:655-667	455	474	HL
6Y57_L5:4473-4485	455	474	HL
7BHP_L5:4473-4485	455	474	HL
6Z1P_Bb:471-480	455	474	HL
6IP6_1A:4473-4485	455	474	HL
6IP5_1A:4473-4485	455	474	HL
5AJ0_A2:4435-4447	455	474	HL
6ZVJ_2:1167-1174	456	475	HL
6QZP_S2:1166-1173	456	475	HL
6ZVH_2:1166-1173	456	475	HL
7Z3O_1:2241-2251	457	476	HL
8OO0_1:2241-2251	457	476	HL
7OLC_1:2241-2251	457	476	HL
7A09_2:457-471	458	477	HL
6ZVJ_2:457-471	458	477	HL
6GAW_AA:342-349	459	478	HL
4V8P_A1:2916-2923	459	478	HL
3J7R_5:205-212	459	478	HL
6SPB_A:300-307	460	479	HL
7LHD_A:3103-3110	460	479	HL
6DZP_A:1208-1215	460	479	HL
6DZI_A:1208-1215	460	479	HL
5MYJ_BA:1307-1315	460	479	HL
5MYJ_BA:1415-1424	460	479	HL
6JQ5_A:5-13	460	479	HL
5U07_K:52-57	461	480	HL
4UE5_A:32-38	461	480	HL
8UVR_2a:351-356	461	480	HL
8CRX_A:734-739	461	480	HL
1C2W_B:245-251	461	480	HL
3WFQ_D:31-37	462	481	HL
7PNW_A:876-882	462	481	HL
6Z6M_CC:31-37	462	481	HL
4V5S_CW:31-37	462	481	HL
4V8M_AB:31-37	462	481	HL
5AJ0_Bv:31-37	462	481	HL
6DZP_A:1992-2002	463	482	HL
7UPH_I:1633-1644	463	482	HL
6DZI_A:1992-2002	463	482	HL
1L1C_C:12-17	464	483	HL
2N3R_A:36-41	464	483	HL
2N3Q_A:36-41	464	483	HL
7OTC_A:543-548	464	483	HL
6GZR_A:29-34	464	483	HL
7PTS_A:74-79	464	483	HL
7OLC_2:1527-1532	464	483	HL
1M82_A:9-14	464	483	HL
1JO7_A:13-18	464	483	HL
1EBR_A:11-16	464	483	HL
1F7Y_B:31-36	464	483	HL
2NCI_A:13-18	464	483	HL
5D5L_D:59-64	464	483	HL
2MHI_A:17-21	464	483	HL
7PTK_B:660-665	464	483	HL
7S0S_C:2527-2535	465	484	HL
6XYW_2:918-927	465	484	HL
7Y41_A:2527-2535	465	484	HL
8UU5_A:58-67	465	484	HL
7OTC_A:2303-2311	465	484	HL
5O61_A:2527-2535	465	484	HL
5O60_A:2527-2535	465	484	HL
5XXB_1:997-1005	465	484	HL
7S0S_C:574-579	466	485	HL
6Y2L_L5:3878-3882	466	485	HL
4L81_A:75-80	466	485	HL
7OIF_1:486-492	466	485	HL
7UVZ_A:273-282	467	486	HL
5HR6_C:29-37	467	486	HL
6Z6N_L5:3877-3881	468	487	HL
8XSX_L5:3877-3881	468	487	HL
4V3P_L1:908-914	468	487	HL
5V7Q_A:748-753	468	487	HL
7D0F_A:510-515	468	487	HL
7UNU_a:193-198	468	487	HL
6Z6M_L5:3877-3881	468	487	HL
7BHP_L5:3877-3881	468	487	HL
4D5Y_2:1809-1814	469	488	HL
6O8X_B:82-88	469	488	HL
4UJC_A2:1809-1814	469	488	HL
4V7E_Aa:643-652	470	489	HL
4V8M_BA:714-723	470	489	HL
4V6U_B1:656-665	470	489	HL
4V8B_BA:2049-2058	471	490	HL
7RQE_1A:2373-2380	471	490	HL
5V7Q_A:425-433	471	490	HL
8T8B_1A:2373-2380	471	490	HL
7PAS_5:201-209	471	490	HL
8HL5_A23S:2452-2460	471	490	HL
7QGH_N:2476-2484	472	491	HL
4V6W_B2:896-904	472	491	HL
6ZMT_2:869-877	472	491	HL
4V8M_BA:974-983	473	492	HL
6Y0G_S2:991-999	473	492	HL
4V6U_B1:878-887	473	492	HL
6O8Z_A:56-65	473	492	HL
4V7E_Aa:878-887	473	492	HL
6OM0_S2:1330-1336	474	493	HL
6OLE_S2:1330-1336	474	493	HL
6OLF_S2:1330-1336	474	493	HL
6OM7_S2:1330-1336	474	493	HL
6ZVH_2:1330-1336	474	493	HL
6OLI_S2:1330-1336	474	493	HL
6Q9A_4:209-218	475	494	HL
6ZMO_S2:323-332	475	495	HL
6Z6L_S2:323-332	475	495	HL
6OM7_S2:1115-1124	475	494	HL
7QEP_1:2074-2082	475	494	HL
6Q98_4:209-218	475	494	HL
8VS9_TMRN:209-218	475	494	HL
6ZMI_S2:323-332	475	495	HL
6Z6M_S2:323-332	475	495	HL
6ZM7_S2:323-332	475	495	HL
6ZME_S2:323-332	475	495	HL
6Z6N_S2:323-332	475	495	HL
6OF6_XA:271-279	475	494	HL
1PBR_A:10-15	476	496	HL
7QDU_Q:508-513	476	496	HL
7LHD_A:4072-4077	476	496	HL
5XYM_B:85-90	476	496	HL
1F7Y_B:7-12	476	496	HL
7OIG_2:206-211	476	496	HL
1KUQ_B:7-12	476	496	HL
2JPP_C:6-13	477	497	HL
2MF0_G:61-67	477	497	HL
2MF1_G:23-30	477	497	HL
7Y41_A:734-740	478	498	HL
5O60_A:734-740	478	498	HL
5O61_A:734-740	478	498	HL
7S0S_C:734-740	478	498	HL
1C2W_B:610-616	478	498	HL
7S0S_C:2627-2636	479	499	HL
7OIF_1:2403-2412	479	499	HL
4V8M_BB:1214-1222	479	499	HL
7JT1_1:2403-2412	479	499	HL
5T5H_B:656-664	479	499	HL
8CST_A:807-815	479	499	HL
6OLI_E:87-92	480	500	HL
6OLE_E:87-92	480	500	HL
5AJ0_A4:87-92	480	500	HL
6OM7_E:87-92	480	500	HL
6OLG_B1:1469-1480	481	501	HL
9CAI_A5:2338-2348	481	501	HL
6XA1_S2:479-491	481	501	HL
6W7N_A:490-501	481	501	HL
8JY0_B:40-51	481	501	HL
4V6W_B2:435-446	482	502	HL
4UG0_S6:11-21	482	502	HL
6SPD_A:2286-2298	482	502	HL
3J3V_A:2020-2028	483	503	HL
7P48_A:2017-2026	483	503	HL
6SPB_A:2459-2467	483	503	HL
6TMF_A:1305-1313	483	503	HL
6SPB_A:322-330	483	503	HL
7PAS_5:1353-1362	483	503	HL
8RW1_2:1591-1599	483	503	HL
8T8B_1A:626-635	484	504	HL
4V6X_A5:4644-4653	484	504	HL
7RQE_1A:626-635	484	504	HL
5XXU_2:932-940	484	504	HL
8QBT_A:627-636	484	504	HL
4V6W_A5:299-305	485	505	HL
6G5I_2:1577-1582	485	505	HL
8Y39_a:578-583	485	505	HL
6ZS9_AA:936-941	485	505	HL
3IZY_N:28-40	486	506	HL
1QWB_A:5-20	486	506	HL
5X8P_A:2763-2775	486	506	HL
7OTC_A:2745-2757	486	506	HL
7OTC_A:304-311	487	507	HL
7OIF_1:304-311	487	507	HL
7UPH_I:1804-1811	487	507	HL
4WFA_X:347-354	487	507	HL
7JT1_1:304-311	487	507	HL
7UPH_I:3816-3825	488	508	HL
6TH6_BA:72-82	488	508	HL
7QDU_Q:135-145	488	508	HL
7PTK_B:317-327	488	508	HL
7PTQ_C:365-375	488	508	HL
6SKG_BA:72-82	488	508	HL
8HL5_A16S:755-765	488	508	HL
5O61_BA:1156-1162	489	509	HL
7SFR_a:1167-1173	489	509	HL
7MT7_a:1167-1173	489	509	HL
6XZA_A1:1175-1181	489	509	HL
4V7E_Aa:913-919	490	510	HL
6ZU5_S60:256-261	490	510	HL
4V8M_BC:106-112	490	510	HL
4V8M_BA:1009-1015	490	510	HL
7LHD_A:1310-1316	490	510	HL
8T8B_1A:910-915	491	511	HL
4V4B_B3:1006-1012	491	511	HL
3JBO_AA:355-360	491	511	HL
7RQE_1A:910-915	491	511	HL
4V5S_CW:11-22	492	512	HL
3A2K_D:12-22	492	512	HL
2MF0_G:3-12	492	512	HL
1FFY_T:12-22	492	512	HL
5HR6_C:10-20	492	512	HL
7LHD_A:2455-2464	492	512	HL
3IYR_A:141-154	492	512	HL
2CT8_D:12-22	492	512	HL
2CSX_D:12-22	492	512	HL
1QU3_T:12-22	492	512	HL
7PAS_8:13-26	492	512	HL
3J2D_N:458-469	493	513	HL
4TZP_C:51-63	493	513	HL
3AMU_B:12-23	493	513	HL
7CPU_S2:1567-1572	494	514	HL
6CFJ_1B:86-91	494	514	HL
8Q7Z_A2:1521-1526	494	514	HL
5XY3_3:86-91	494	514	HL
7UQB_1:91-96	494	514	HL
6SKG_BA:2357-2361	494	514	HL
8HL5_A23S:906-915	495	515	HL
5J8A_BA:79-88	495	515	HL
6ZJ3_LA:47-57	495	515	HL
7OIG_2:79-88	495	515	HL
8BH7_a:79-88	495	515	HL
7JT3_3:78-87	495	515	HL
2K66_A:8-13	496	516	HL
2AHT_A:10-15	496	516	HL
8UU5_A:1767-1772	496	516	HL
5LMN_A:1011-1016	496	516	HL
4V7E_Aa:2746-2751	496	516	HL
4V4N_B2:291-296	496	516	HL
3DIZ_A:123-129	497	517	HL
8P2F_A:900-906	497	517	HL
3DIQ_A:123-129	497	517	HL
3DIR_A:123-129	497	517	HL
3DIM_A:123-129	497	517	HL
3DIS_A:123-129	497	517	HL
4V6U_B1:2997-3003	497	517	HL
6XA1_S2:363-374	498	518	HL
6ZVJ_2:363-374	498	518	HL
6SPB_A:534-542	498	518	HL
6GB2_BA:1043-1052	498	518	HL
6GB2_BA:1185-1197	498	518	HL
7A09_2:363-374	498	518	HL
6V3B_AN1:2608-2613	499	519	HL
7UPH_I:3185-3189	499	519	HL
8QBT_A:2612-2618	499	519	HL
4V8M_BC:128-133	499	519	HL
4V3P_L1:67-72	499	519	HL
4V7E_Aa:67-72	499	519	HL
7PNW_A:55-60	499	519	HL
8P2F_A:1611-1617	500	520	HL
7JT1_1:610-616	500	520	HL
3J9M_AA:888-894	501	521	HL
5IMR_4:12-22	502	522	HL
7SS9_6:12-22	502	522	HL
3JCE_8:12-22	502	522	HL
7OII_z:11-23	502	522	HL
3JCJ_v:12-22	502	522	HL
5X8P_A:891-902	502	522	HL
5MYJ_BA:1911-1921	502	522	HL
3CW5_A:12-22	502	522	HL
6WDL_5:12-22	502	522	HL
7ZAH_4:12-22	502	522	HL
7JSZ_5:12-22	502	522	HL
3J7R_5:69-74	503	523	HL
1JP0_A:7-14	504	524	HL
8UU5_A:2611-2617	504	524	HL
5MYJ_BA:573-580	505	525	HL
6OM7_S2:1528-1536	505	525	HL
6OM0_S2:1528-1536	505	525	HL
6OLI_S2:1528-1536	505	525	HL
6OLE_S2:1528-1536	505	525	HL
4UG0_L8:121-129	506	526	HL
4V6W_A5:1645-1652	506	526	HL
6ZME_L8:121-129	506	526	HL
6Z6M_L8:121-129	506	526	HL
6Z6N_L8:121-129	506	526	HL
3IZ4_A:231-255	507	527	HL
7D0G_A:447-467	507	527	HL
8OLW_A:51-65	507	527	HL
4V4N_A1:219-237	507	527	HL
9CAI_A5:1554-1578	507	527	HL
8Q5I_A:877-909	507	527	HL
2LA5_A:7-28	507	527	HL
6UF1_A:10-33	507	527	HL
7SUK_L0:504-536	507	527	HL
6C64_D:3-28	507	527	HL
5MYJ_AA:67-88	507	527	HL
6UF1_C:10-33	507	527	HL
6E8S_B:7-30	507	527	HL
6UP0_C:7-30	507	527	HL
6C63_C:3-28	507	527	HL
5KTJ_C:10-33	507	527	HL
6DME_A:78-86	508	528	HL
5U3G_B:67-75	508	528	HL
6ZMO_CB:31-39	509	529	HL
6K0B_U:31-39	509	529	HL
4WFA_X:1611-1616	510	530	HL
5LZB_y:15-20	510	530	HL
6IP6_zz:254-259	510	530	HL
4V6U_B1:1610-1616	510	530	HL
6IP8_zz:254-259	510	530	HL
9BH5_B2:1141-1150	511	531	HL
8HL5_A16S:658-667	511	531	HL
7JIL_2:1100-1107	511	531	HL
6WNV_4:2043-2053	511	531	HL
2XDD_G:7-16	511	531	HL
7QDU_Q:406-416	511	531	HL
5LMN_A:1298-1307	511	531	HL
5MRF_A:2742-2751	511	531	HL
3JD5_A:7-16	511	531	HL
8Q87_B5:3940-3948	511	531	HL
5ZEB_A:2711-2719	512	532	HL
5ZET_A:2711-2719	512	532	HL
5ZEP_A:2711-2719	512	532	HL
4WFL_A:17-27	513	533	HL
4UE4_A:16-26	513	533	HL
6ZVK_K3:68-79	514	534	HL
7A09_2:68-79	514	534	HL
6QZP_S2:68-79	514	534	HL
6ZVJ_2:68-79	514	534	HL
6OM0_t:1578-1585	515	535	HL
7LHD_A:3713-3721	515	535	HL
7QEP_1:615-623	515	535	HL
7ZRS_6:30-38	516	536	HL
6I7O_m:30-38	516	536	HL
4WFA_X:69-78	516	536	HL
6ZVH_x:30-38	516	536	HL
6R87_B:12-21	517	537	HL
6I7O_m:12-21	517	537	HL
8RJC_q:12-21	517	537	HL
6ZVH_x:12-21	517	537	HL
7ZRS_6:12-21	517	537	HL
6HCM_23:12-21	517	537	HL
7QH4_W:270-278	518	538	HL
6SPD_A:1554-1564	518	538	HL
5OPT_E:674-682	518	538	HL
7XUI_R:69-73	519	539	HL
4V7E_Aa:2002-2007	519	539	HL
4V85_AA:861-866	519	539	HL
4A4R_A:8-13	519	539	HL
5J8A_BA:861-866	519	539	HL
7UPH_I:860-865	519	539	HL
8BH7_a:871-876	519	539	HL
4A4S_A:8-13	519	539	HL
6W6L_t:2449-2459	520	540	HL
5V93_A:2280-2289	520	540	HL
5XYM_A:576-586	520	540	HL
4V4G_HB:494-504	520	540	HL
8RW1_2:1082-1087	521	541	HL
7Y41_A:722-727	521	541	HL
7JNH_B:42-47	521	541	HL
5O61_A:722-727	521	541	HL
5O60_A:722-727	521	541	HL
7OIF_1:2373-2378	521	541	HL
5X8P_A:640-645	521	541	HL
6TMF_A:1113-1119	521	541	HL
7OIF_1:1867-1872	521	541	HL
5T83_A:77-85	522	542	HL
7JSZ_5:31-39	522	542	HL
6UFM_A:31-39	522	542	HL
8UU5_A:958-966	523	543	HL
6ZCE_A:411-419	523	543	HL
8BUU_A:2505-2514	523	543	HL
6ZU5_L50:392-400	523	543	HL
4UG0_L5:1673-1682	523	543	HL
6G5I_2:1469-1478	523	543	HL
8Q87_B5:2620-2628	523	543	HL
8Q7Z_A2:1716-1725	523	543	HL
7PTS_A:298-308	524	544	HL
387D_A:3-12	524	544	HL
6V3B_AN1:2041-2050	524	544	HL
6OF6_XA:689-698	524	544	HL
6Y2L_L5:1628-1637	524	544	HL
4P5J_A:47-55	525	545	HL
6MJ0_B:67-75	525	545	HL
7OLC_1:1252-1258	526	546	HL
5T83_A:57-63	526	546	HL
7URM_v:33-39	526	546	HL
7Z3O_1:1252-1258	526	546	HL
7SFR_a:428-433	526	546	HL
6DME_A:24-29	527	547	HL
4V7E_Aa:2964-2969	527	547	HL
7JT1_1:2593-2598	527	547	HL
8BH7_a:1526-1531	527	547	HL
7S0S_C:2817-2822	527	547	HL
4V6U_B1:2708-2713	527	547	HL
7OIF_1:2593-2598	527	547	HL
1U3K_A:16-21	527	547	HL
8OIQ_B8:441-448	528	548	HL
4V4N_B2:254-262	528	548	HL
6TMF_A:243-251	528	548	HL
7OIG_2:258-266	528	548	HL
7OTC_a:258-266	528	548	HL
4V85_AA:258-266	528	548	HL
8QBT_i:258-266	528	548	HL
5J8A_BA:258-266	528	548	HL
7Y41_A:192-199	529	549	HL
5X8P_A:178-185	529	549	HL
8Y39_A:2308-2316	529	549	HL
5T2C_AA:195-206	530	550	HL
5VYC_i3:195-206	530	550	HL
5VYC_i4:195-206	530	550	HL
5VYC_i6:195-206	530	550	HL
5VYC_i1:195-206	530	550	HL
5VYC_i2:195-206	530	550	HL
5VYC_i5:195-206	530	550	HL
6XRZ_A:28-34	531	551	HL
8AM9_b:38-44	531	551	HL
7A5K_A6:942-947	532	552	HL
8CVM_a:2957-2962	532	552	HL
7A5F_A6:942-947	532	552	HL
7A5I_A6:942-947	532	552	HL
7A5G_A6:942-947	532	552	HL
3J81_1:29-37	533	553	HL
6ZVK_K3:819-827	533	553	HL
2DR2_B:51-59	533	553	HL
2AKE_B:51-59	533	553	HL
6TMF_A:419-427	533	553	HL
8RW1_2:763-771	533	553	HL
8RW1_2:898-907	534	554	HL
6ZVK_K3:956-965	534	554	HL
6R6G_AF:30-39	535	555	HL
3JAN_4:30-39	535	555	HL
3JAJ_4:30-39	535	555	HL
8GXC_A:22-33	536	556	HL
4V8M_BE:150-160	536	556	HL
4V6W_A5:2910-2919	537	557	HL
5ZEB_A:1198-1208	537	557	HL
5ZET_A:1198-1208	537	557	HL
6ZN5_2:1810-1821	537	557	HL
5ZEP_A:1198-1208	537	557	HL
6OLE_E:37-42	538	558	HL
6TMF_A:784-790	538	558	HL
6OLI_E:37-42	538	558	HL
5AJ0_A2:4031-4037	538	558	HL
6OM7_E:37-42	538	558	HL
4V4S_AA:1494-1499	538	558	HL
4V7H_AA:175-180	538	558	HL
2MHI_A:34-40	538	558	HL
7Y41_A:2022-2027	539	559	HL
8BUU_A:1610-1616	539	559	HL
8CRX_A:370-375	539	559	HL
6ZN5_2:612-617	539	559	HL
7ZHG_2:1091-1096	539	559	HL
6LQQ_SA:408-421	540	560	HL
5X8P_A:2280-2292	540	560	HL
6Y6X_L8:106-111	541	561	HL
3J7R_8:106-111	541	561	HL
6OLF_D:106-111	541	561	HL
7TUT_v:106-111	541	561	HL
4V4B_B3:1234-1241	542	562	HL
3J3V_A:2475-2484	542	562	HL
3J7R_5:231-239	542	562	HL
6G5I_2:1519-1528	542	562	HL
7SUK_8:1628-1637	542	562	HL
5T5H_B:624-631	543	563	HL
4V3P_L1:2273-2281	543	563	HL
3J7R_5:912-921	544	564	HL
4V7H_B5:2677-2684	544	564	HL
6ZU5_S60:1255-1262	544	564	HL
5M0J_E:11-16	545	565	HL
2GRW_A:8-13	545	565	HL
8QBT_i:185-190	545	565	HL
7OTC_a:185-190	545	565	HL
7S0S_C:2022-2027	545	565	HL
7UQB_1:3120-3125	545	565	HL
2NUE_C:20-25	545	565	HL
4V85_AA:185-190	545	565	HL
1N66_A:8-13	545	565	HL
7OIG_2:185-190	545	565	HL
7OYC_51:2392-2398	546	566	HL
6SPB_A:247-253	546	566	HL
4V4S_BB:87-92	546	566	HL
3J7R_5:90-96	546	566	HL
4V91_1:3112-3118	546	566	HL
4V4B_B3:1588-1594	546	566	HL
3PHP_A:7-14	547	567	HL
4V8M_BB:1271-1278	547	567	HL
6WJS_X:90-97	547	567	HL
5DAT_5:1491-1498	547	567	HL
6SWA_q:361-366	548	568	HL
4V6U_B1:1363-1368	548	568	HL
4V6U_B1:1687-1692	548	568	HL
5T83_A:26-30	548	568	HL
4V6U_B1:1647-1653	548	568	HL
4V7Z_CA:953-962	549	569	HL
6OLZ_A2:2602-2611	549	569	HL
5XY3_1:1352-1361	549	569	HL
6QYZ_E:83-92	549	569	HL
4V7E_Aa:1676-1684	549	569	HL
4V7H_AA:6-16	549	569	HL
6XYW_1:2773-2781	550	570	HL
8Y39_A:2202-2209	550	570	HL
5XY3_1:1585-1592	550	570	HL
6D6V_B:130-138	550	570	HL
7D0G_A:401-409	550	570	HL
8P2F_A:1732-1739	550	570	HL
3AKZ_F:12-20	550	570	HL
8DZJ_E:82-87	551	571	HL
7KGB_A:242-247	551	571	HL
8HL5_A16S:149-154	551	571	HL
7MT3_A:242-247	551	571	HL
4V3P_L1:349-354	551	571	HL
4V4B_B3:602-607	551	571	HL
3J2G_N:1355-1363	552	572	HL
3J2D_N:1355-1363	552	572	HL
5MYJ_BA:356-364	552	572	HL
4V9F_0:1240-1248	552	572	HL
6ZSE_AA:704-710	553	573	HL
5X8P_A:2371-2378	553	573	HL
6LSS_2:467-474	553	573	HL
7ZHG_2:1318-1326	554	574	HL
7QR3_C:18-26	554	574	HL
7UW1_a:195-200	555	575	HL
6V3E_sN1:195-200	555	575	HL
7M4W_a:195-200	555	575	HL
6IP6_1A:1626-1637	556	576	HL
6Y57_L5:1626-1637	556	576	HL
6IP8_1A:1626-1637	556	576	HL
7RQE_1A:366-373	557	577	HL
8T8B_1A:366-373	557	577	HL
5T2C_AA:946-954	558	578	HL
4WFA_X:581-589	558	578	HL
6ME0_A:101-108	558	578	HL
4V7H_B5:2155-2164	558	578	HL
8QBT_A:1450-1459	558	578	HL
7Y41_A:1670-1681	559	579	HL
5LMN_A:508-513	560	580	HL
5J8A_BA:341-346	560	580	HL
5X8P_A:944-950	560	580	HL
6TMF_A:326-331	560	580	HL
8BH7_a:349-354	560	580	HL
7UPH_I:340-345	560	580	HL
6YWY_A:2947-2953	560	580	HL
5NPM_B:38-43	560	580	HL
5DH8_A:26-33	561	581	HL
5EAQ_A:26-33	561	581	HL
4V8M_BA:861-873	562	582	HL
6XA1_L5:927-939	562	582	HL
5V8I_2A:2767-2779	562	582	HL
4XW7_A:49-59	562	582	HL
6ZU5_L50:2544-2558	562	582	HL
4ZNP_A:57-67	562	582	HL
4FRN_B:27-35	563	583	HL
4FRG_X:27-35	563	583	HL
7UVZ_A:2646-2654	564	584	HL
8P2F_A:1212-1219	564	584	HL
2CSX_D:31-39	564	584	HL
5AJ0_B1:538-546	564	584	HL
2CSX_C:31-39	564	584	HL
5XY3_1:1251-1259	564	584	HL
8E5T_1:534-536	565	585	HL
2A9X_2:12-17	565	585	HL
5AJ0_B1:482-489	565	585	HL
8CVM_a:413-418	565	585	HL
8HL5_A5S:56-58	565	585	HL
1K6G_A:8-13	565	585	HL
2YIF_X:36-43	566	586	HL
4V8M_BA:1181-1189	566	586	HL
6RM3_L50:2132-2139	566	586	HL
5MRF_A:1714-1720	566	586	HL
6VWV_B:46-54	566	586	HL
3JBP_A:1379-1390	567	587	HL
7LHD_A:2701-2713	567	587	HL
8YAN_A:4-15	567	587	HL
5T2A_2:662-675	567	587	HL
8OO0_1:2735-2747	567	587	HL
8Q5I_1:2888-2900	567	587	HL
1L3D_A:6-13	568	588	HL
5T2A_2:472-480	568	588	HL
7ZJX_S2:478-486	568	588	HL
8CVM_a:2667-2675	569	589	HL
6ZXD_2:1472-1481	569	589	HL
6ZXE_2:1472-1481	569	589	HL
8UU5_A:2805-2819	570	590	HL
4V4B_B3:2517-2529	570	590	HL
8Y39_A:958-975	570	590	HL
1RNK_A:12-27	570	590	HL
6IP5_2m:959-967	571	591	HL
2QUS_A:17-25	571	591	HL
6IP6_2m:959-967	571	591	HL
6IP8_2m:959-967	571	591	HL
1FIR_A:30-38	572	592	HL
1JGP_D:29-37	572	592	HL
2OM7_M:29-37	572	592	HL
6FYY_2:1254-1263	572	592	HL
6GB2_BA:850-860	573	593	HL
7B0Y_a:26-37	573	593	HL
6QX9_1:26-37	573	593	HL
2KRL_A:34-44	573	593	HL
6Y57_B4:51-59	574	594	HL
6FEC_N:51-59	574	594	HL
5K0Y_N:51-59	574	594	HL
7SYU_i:51-59	574	594	HL
1C2W_B:1280-1288	574	594	HL
4V8M_BA:421-426	575	595	HL
5O60_A:1335-1340	575	595	HL
8RW1_2:1294-1299	575	595	HL
7OLC_3:87-92	575	595	HL
5X8P_A:1242-1247	575	595	HL
5O61_A:1335-1340	575	595	HL
7S0S_C:1335-1340	575	595	HL
6XYW_2:685-690	575	595	HL
6G18_2:536-543	576	596	HL
4UJC_A2:4422-4430	576	596	HL
7CPV_L5:4115-4123	576	596	HL
4D5Y_2:4422-4430	576	596	HL
6ZVK_K3:570-579	576	596	HL
4V8P_B2:71-89	577	597	HL
6DU4_B:6-22	577	597	HL
6PCT_I:2751-2765	577	597	HL
7Z34_3:47-56	578	598	HL
5XXB_4:47-56	578	598	HL
6SKG_BB:90-95	579	599	HL
4C7O_E:19-24	579	599	HL
6VU1_A:14-19	579	599	HL
8I9R_C4:86-91	579	599	HL
4V4N_B2:316-327	580	600	HL
6TMF_A:305-316	580	600	HL
6IP8_1A:394-400	581	601	HL
6IP5_1A:394-400	581	601	HL
6Y0G_L5:394-400	581	601	HL
6SPB_A:770-776	581	601	HL
6IP6_1A:394-400	581	601	HL
7BHP_L5:394-400	581	601	HL
6Y57_L5:394-400	581	601	HL
6K0B_U:11-23	582	602	HL
4V9I_AY:10-23	582	602	HL
4V7M_AW:10-22	582	602	HL
6TH6_BA:2560-2568	583	603	HL
6SKG_BA:2560-2568	583	603	HL
8Q87_B5:3883-3891	583	603	HL
6Z1P_Ab:2194-2203	584	604	HL
5LKS_S2:1421-1430	584	604	HL
6YWY_bb:28-36	585	605	HL
6ZMO_L5:4398-4406	585	606	HL
6WNV_4:64-73	585	605	HL
6ZMI_L5:4398-4406	585	606	HL
6ZME_L5:4398-4406	585	606	HL
8QBT_i:1313-1322	585	605	HL
5XY3_4:55-64	585	605	HL
6ZM7_L5:4398-4406	585	606	HL
7OTC_a:1313-1322	585	605	HL
3J3V_A:499-506	586	607	HL
4V8C_DB:11-23	587	608	HL
5KCR_1x:11-23	587	608	HL
6AWB_A:415-426	587	608	HL
4V87_CB:11-23	587	608	HL
6HTQ_v:11-23	587	608	HL
7UVZ_A:1563-1572	588	609	HL
8BH7_a:386-391	589	610	HL
7OIG_2:378-383	589	610	HL
4V4N_B2:1124-1130	589	610	HL
2LDZ_A:13-18	589	610	HL
7UPH_I:3867-3872	589	610	HL
5TPY_A:12-17	589	610	HL
2OIU_Q:9-14	589	610	HL
6UFH_A:144-149	589	610	HL
2OIU_P:27-32	589	610	HL
3CUN_C:6-11	589	610	HL
8RW1_2:935-940	589	610	HL
7OTC_A:2373-2378	589	610	HL
6HCM_23:30-38	590	611	HL
8RJC_q:30-38	590	611	HL
6YDP_AA:693-700	591	612	HL
7QV3_a:259-267	591	612	HL
7UG6_1:531-538	591	612	HL
6SPB_A:735-744	591	612	HL
6ZVK_K3:6-16	591	612	HL
8CVM_a:830-839	591	612	HL
6OF6_XA:786-796	591	612	HL
8BH7_a:1086-1093	591	612	HL
8JY0_B:11-22	592	613	HL
3K0J_E:18-29	592	613	HL
4V6X_A5:4439-4445	593	614	HL
3JD5_A:142-148	593	614	HL
8DP3_R:19-25	593	614	HL
4V5R_AY:12-21	594	615	HL
3JCD_9:12-21	594	615	HL
6CU1_A:58-66	594	615	HL
6OM7_u:12-21	594	615	HL
6UZ7_3:12-21	594	615	HL
4V5Q_CY:12-21	594	615	HL
4WJ3_T:12-21	594	615	HL
8KDA_T:13-22	594	615	HL
7UQB_1:2725-2733	594	615	HL
8H8E_G:12-21	594	615	HL
7P7S_A:67-76	594	615	HL
7PNW_A:796-804	594	615	HL
2MF1_G:3-12	594	615	HL
6V3E_sN1:268-276	595	616	HL
7UNU_a:266-274	595	616	HL
1M5K_E:34-45	596	617	HL
7QR3_C:42-53	596	617	HL
1URN_Q:4-15	596	617	HL
5DDR_B:33-44	596	617	HL
4C4W_H:10-21	596	617	HL
4V8M_BA:1356-1366	597	618	HL
4V7H_A7:52-60	598	619	HL
4V69_AY:52-60	598	619	HL
4V4W_AV:52-60	598	619	HL
4CXH_Y:52-60	598	619	HL
4TRA_A:52-60	598	619	HL
4MGN_D:14-22	599	620	HL
6IP8_2m:1421-1430	599	620	HL
5MDY_5:13-23	599	620	HL
6Z1P_Ab:1428-1438	599	620	HL
7UQB_1:928-937	600	621	HL
5NZ6_A:19-28	601	622	HL
7JIL_1:883-892	601	622	HL
7UQB_1:355-364	601	622	HL
7PIS_3:2055-2064	601	622	HL
6Z1P_Ab:953-961	601	622	HL
6ZVK_K3:1053-1063	602	623	HL
8QBT_i:321-331	602	623	HL
8BH7_a:329-339	602	623	HL
7OIG_2:321-331	602	623	HL
6AZ4_A:19-24	603	624	HL
4PCJ_A:15-20	603	624	HL
4V7H_B5:2743-2748	603	624	HL
5M0H_A:20-25	603	624	HL
4V8M_AA:771-779	604	625	HL
4V6W_B2:1823-1831	604	625	HL
6QZP_L5:2739-2841	605	626	HL
7CPU_S2:903-1009	605	626	HL
8P2K_B5:1934-2022	605	626	HL
7UG6_1:2780-2841	605	626	HL
4V6W_A5:3096-3148	605	626	HL
1VTQ_A:30-38	606	627	HL
486D_E:30-38	606	627	HL
5DM6_X:2550-2558	606	627	HL
5LZV_8:51-60	607	628	HL
6ZCE_A:1269-1278	607	628	HL
7OIF_1:2026-2035	607	628	HL
8RW1_2:995-1005	607	628	HL
4V6U_B1:2468-2478	607	628	HL
5LKS_L5:4685-4695	607	628	HL
4V4G_HB:1589-1596	608	629	HL
6UZ7_5:130-137	608	629	HL
7SFR_a:468-474	608	629	HL
4V8M_BG:137-151	609	630	HL
7Y41_A:2968-2982	609	630	HL
4V7E_Aa:3110-3124	609	630	HL
7WE6_J:49-55	610	631	HL
7JZX_M:49-55	610	631	HL
4C8Z_C:20-25	610	631	HL
7SFR_a:1135-1142	611	632	HL
7MT7_a:1135-1142	611	632	HL
5O61_BA:1124-1131	611	632	HL
2NR0_E:53-58	612	633	HL
2ZZM_B:53-58	612	633	HL
2CZJ_D:25-30	612	633	HL
6GB2_BA:1259-1264	612	633	HL
7P48_a:1135-1140	612	633	HL
2V0G_F:53-58	612	633	HL
8Y39_a:1135-1140	612	633	HL
3ID5_H:17-22	612	633	HL
4V6U_A0:52-60	613	634	HL
8HU1_X:52-60	613	634	HL
1VTQ_A:51-59	613	634	HL
4V8N_AW:54-62	613	634	HL
4V6Y_A3:53-61	613	634	HL
3IZ4_A:354-362	613	634	HL
1FIR_A:52-60	613	634	HL
6Z6M_CC:61-69	613	634	HL
5X6B_P:51-59	613	634	HL
4V8C_DB:63-71	613	634	HL
4V4N_B1:53-61	613	634	HL
4V7M_AW:51-59	613	634	HL
7MSZ_y:53-61	613	634	HL
6K0B_U:61-69	613	634	HL
6UFH_B:53-61	613	634	HL
7P7U_D:53-61	613	634	HL
4V6U_A1:53-61	613	634	HL
6Q98_4:339-347	613	634	HL
4V6M_AV:53-61	613	634	HL
1ZE2_D:7-15	613	634	HL
4V6I_CB:51-59	613	634	HL
7PTK_B:451-461	614	635	HL
7QDU_Q:333-343	614	635	HL
1SZY_A:6-14	615	636	HL
5LWJ_A:14-23	615	636	HL
3J3V_A:2098-2107	615	636	HL
6O8Z_A:1106-1116	616	637	HL
2DEU_D:14-24	616	637	HL
5T2C_A:662-667	617	638	HL
1XJR_A:20-26	617	638	HL
4V7H_AA:1324-1329	617	638	HL
6OM0_t:361-366	618	639	HL
6OLF_t:361-366	618	639	HL
3J7R_5:1924-1929	618	639	HL
6OLE_t:361-366	618	639	HL
6OLI_t:361-366	618	639	HL
6OLZ_A2:361-366	618	639	HL
6OM7_t:361-366	618	639	HL
3J3V_A:1717-1723	619	640	HL
6WNV_4:1109-1115	619	640	HL
7JT1_1:1170-1177	620	641	HL
5F5H_D:7-14	620	641	HL
8QBT_A:366-373	620	641	HL
7MT3_A:2189-2196	621	642	HL
7QH4_A:1980-1988	621	642	HL
6VUI_A:4-15	622	643	HL
2TPK_A:14-27	622	643	HL
3Q50_A:4-15	622	643	HL
5V8I_2A:1666-1673	623	644	HL
1C2W_B:777-785	623	644	HL
8OIQ_B8:1021-1030	623	644	HL
7Z3N_2:413-424	624	645	HL
4V7E_Aa:2367-2376	624	645	HL
6OLI_S2:827-836	624	645	HL
6OLF_S2:827-836	624	645	HL
6SPE_a:1067-1074	625	646	HL
3JBO_AA:276-283	625	646	HL
6SPD_A:2841-2849	625	646	HL
8P2F_A:2351-2359	625	646	HL
6RM3_L50:2330-2337	626	647	HL
7UNR_A:200-207	626	647	HL
7PNW_A:755-762	626	647	HL
6PCT_I:200-207	626	647	HL
7PAS_8:33-41	627	648	HL
7S0S_C:1581-1588	628	649	HL
4V8M_BA:1757-1764	628	649	HL
6W6L_t:199-205	628	649	HL
6FEC_A:193-200	628	649	HL
7UPH_I:3270-3280	629	650	HL
7OIF_1:1776-1786	629	650	HL
7Y41_A:1181-1191	629	650	HL
4V7E_Aa:2128-2138	629	650	HL
7JT1_1:1776-1786	629	650	HL
7Y41_A:1993-2003	629	650	HL
5TPY_A:27-37	629	650	HL
7OTC_A:1776-1786	629	650	HL
4V7E_Aa:2635-2647	629	650	HL
4V3P_L1:2868-2875	630	651	HL
8BUU_A:501-511	631	652	HL
8UU5_A:2464-2473	631	652	HL
1C04_E:41-48	632	653	HL
7JT1_1:1091-1098	632	653	HL
8Q5I_3:87-92	633	654	HL
6LQM_5:85-90	633	655	HL
7UPH_I:4418-4423	633	654	HL
6ZJ3_LO:85-90	633	654	HL
7CPV_L7:85-90	633	655	HL
4V8B_BA:488-493	633	654	HL
7QEP_2:85-90	633	654	HL
6QZP_L7:85-90	633	654	HL
7OTC_a:1514-1519	633	654	HL
6LSS_5:85-90	633	655	HL
6SPB_A:2646-2651	633	654	HL
7BHP_L7:85-90	633	654	HL
5J8A_BA:1514-1519	633	654	HL
4OQU_A:12-17	633	654	HL
6Y6X_L7:85-90	633	654	HL
3JAI_7:85-90	633	655	HL
3J7R_7:85-90	633	655	HL
1R7Z_A:17-22	633	654	HL
4V8E_AA:488-493	633	654	HL
6W6L_E:85-90	633	654	HL
8QBT_i:1514-1519	633	654	HL
7OTC_a:461-469	634	656	HL
7M4X_v:53-61	634	656	HL
7UVV_v:53-61	634	656	HL
8CVM_a:2627-2639	635	657	HL
4V3P_L1:2605-2617	635	657	HL
6QZP_L5:392-397	636	658	HL
6Y2L_S2:1615-1621	636	658	HL
6ZTO_AA:427-432	636	658	HL
4V7Z_CA:427-432	636	658	HL
4OO8_B:71-76	636	658	HL
7S0S_C:3076-3081	636	658	HL
9BH5_B2:414-420	637	659	HL
5T2C_AA:588-593	637	659	HL
4P5J_A:70-77	638	660	HL
5O61_A:826-833	638	660	HL
7OTC_A:711-718	638	660	HL
5O60_A:826-833	638	660	HL
6PCT_I:2330-2337	638	660	HL
5X8P_A:722-729	638	660	HL
7Y41_A:826-833	638	660	HL
7XD6_N:419-425	639	661	HL
3RG5_B:16-21	639	661	HL
3J3V_A:729-735	639	661	HL
5T2C_AA:623-631	640	662	HL
6DZP_A:407-415	640	662	HL
6DZI_A:407-415	640	662	HL
7A5G_j:52-60	640	662	HL
4V8B_BA:2829-2837	640	662	HL
1C2W_B:2354-2361	640	662	HL
7OLD_4:68-88	641	663	HL
6AZ3_1:1573-1595	641	663	HL
7BHP_L8:68-88	641	663	HL
6FTG_w:68-88	641	663	HL
6Y0G_L8:68-88	641	663	HL
6SWA_r:68-88	641	663	HL
6Y57_L8:68-88	641	663	HL
4V7H_AA:1510-1527	641	663	HL
7OLD_5:10-23	641	663	HL
6Y2L_L8:68-88	641	663	HL
7ZRS_3:68-88	641	663	HL
4V61_AA:1085-1098	641	663	HL
7D0F_A:321-335	641	663	HL
8VCI_A:92-95	642	664	HL
8OO0_1:345-349	642	664	HL
7Z3O_1:345-349	642	664	HL
7OLC_1:345-349	642	664	HL
6ZCE_A:1078-1088	643	665	HL
7QGH_N:64-73	643	665	HL
4V4N_B2:971-977	644	666	HL
6TMF_A:960-966	644	666	HL
6ZVK_e2:1994-2000	644	666	HL
5X8P_A:1566-1571	644	666	HL
3DD2_B:10-15	644	666	HL
4V6U_B1:913-919	645	667	HL
7S0S_C:893-899	645	667	HL
7OIF_1:778-784	645	667	HL
7JT1_1:778-784	645	667	HL
4LVW_A:57-62	646	668	HL
3AM1_B:44-49	646	668	HL
8CVM_a:2232-2237	646	668	HL
6Q57_A:57-62	646	668	HL
1Q8N_A:13-18	646	668	HL
5XYM_A:240-247	647	669	HL
5X8P_A:259-266	647	669	HL
4V9F_0:2409-2417	647	669	HL
4V6W_B2:1024-1033	648	670	HL
3JCE_8:31-39	649	671	HL
3JBO_AA:716-725	649	671	HL
7LHD_A:1268-1277	649	671	HL
5DM6_X:825-832	650	672	HL
5F5F_H:6-13	651	673	HL
6Q97_4:62-74	652	674	HL
6Q95_4:61-73	652	674	HL
4V8M_BD:85-90	653	675	HL
5T2A_D:86-91	653	675	HL
4V61_BC:56-61	653	675	HL
8UU9_a:486-493	654	676	HL
6OLG_A2:283-290	654	676	HL
7S0S_C:386-393	654	676	HL
7D7V_A:25-36	655	677	HL
5T2C_AA:661-674	655	677	HL
7S0S_C:2132-2144	655	677	HL
6IP8_2m:661-674	655	677	HL
5LKS_S2:661-674	655	677	HL
7UVZ_A:2439-2451	655	677	HL
5O60_A:282-302	656	678	HL
5O61_A:282-302	656	678	HL
4V8M_BA:1486-1497	656	678	HL
4V8M_BC:68-87	656	678	HL
8Q5I_4:67-89	656	678	HL
6Y2L_L5:4402-4410	657	679	HL
7UVZ_A:486-493	657	679	HL
6DZP_A:2249-2258	658	680	HL
6SPB_A:1269-1277	658	680	HL
6RM3_L50:52-61	658	680	HL
3J5Y_D:33-41	658	680	HL
6DZI_A:2249-2258	658	680	HL
7OTC_A:2142-2147	659	681	HL
7UPH_I:3636-3641	659	681	HL
7S0S_C:2365-2370	659	681	HL
6G18_2:1459-1468	660	682	HL
6W6L_t:2683-2692	660	682	HL
6DZI_A:334-343	660	682	HL
6DZP_A:334-343	660	682	HL
7OS0_F:15-24	661	683	HL
7CPV_L5:4172-4180	661	683	HL
6ZSE_AA:765-773	661	683	HL
3J9M_AA:765-773	661	683	HL
6XZA_A1:1144-1150	662	684	HL
7QEP_1:2017-2025	663	685	HL
4V4S_AA:1297-1306	663	685	HL
6OLG_A2:2821-2829	664	686	HL
8QBT_A:1673-1680	664	686	HL
7S0S_C:192-199	664	686	HL
4V9F_0:1628-1635	664	686	HL
6SXO_L8:46-56	665	687	HL
4V4G_HB:338-348	665	687	HL
6IP8_1C:46-57	665	687	HL
4UER_A:189-194	666	688	HL
2O33_A:7-12	666	688	HL
7P7S_A:2572-2578	666	688	HL
7EQJ_A:31-37	666	688	HL
4P8Z_A:98-103	666	688	HL
1D0T_A:8-13	666	688	HL
2HGH_B:9-14	666	688	HL
2KTZ_A:18-23	666	688	HL
4P8Z_A:126-132	666	688	HL
7LHD_A:3036-3044	667	689	HL
7OIF_1:2208-2214	668	690	HL
7UPH_I:3702-3708	668	690	HL
8Y39_a:435-440	668	690	HL
3J7P_S2:68-79	669	691	HL
6DZI_A:2525-2535	669	691	HL
6DZP_A:2525-2535	669	691	HL
9CAI_A5:2726-2736	669	691	HL
7OIG_z:30-40	669	691	HL
6OLG_B1:483-488	670	692	HL
7LHD_A:804-809	670	692	HL
6N5Q_A:14-21	671	693	HL
4V7H_B5:190-199	671	693	HL
3J7P_S2:1530-1538	671	693	HL
4V4B_B4:39-45	672	694	HL
6GAW_AA:739-745	672	694	HL
6NU2_AA:704-710	672	694	HL
6NU3_AA:704-710	672	694	HL
6QZP_L5:2657-2666	673	695	HL
4V4B_B3:1863-1871	673	695	HL
4V3P_S1:1127-1136	673	695	HL
8BQD_BQ:732-741	673	695	HL
6UZ7_5:705-714	673	695	HL
5XXB_1:3180-3188	673	695	HL
5HR6_D:51-59	674	696	HL
4V8E_BB:61-69	674	696	HL
3A2K_D:53-61	674	696	HL
5O61_BW:52-60	674	696	HL
4V78_A1:52-60	674	696	HL
6Y0G_D4:52-60	674	696	HL
8HL5_AATN:52-60	674	696	HL
4V7M_CY:51-59	674	696	HL
6UFM_A:53-61	674	696	HL
7EQJ_A:52-60	674	696	HL
5MMM_z:52-60	674	696	HL
4V87_CB:63-71	674	696	HL
4X4T_B:11-19	674	696	HL
5O61_A:1753-1758	675	697	HL
5O60_A:1753-1758	675	697	HL
3JBP_7:13-19	675	697	HL
5LMN_A:189-194	676	698	HL
5AJ0_A3:105-125	676	698	HL
4V4S_AA:188-193	676	698	HL
5V93_A:1203-1223	676	698	HL
4UJC_A3:105-124	676	698	HL
4V8M_BB:1036-1044	677	699	HL
7KGB_A:425-433	677	699	HL
7MT3_A:425-433	677	699	HL
5V93_A:425-433	677	699	HL
4V61_BC:11-19	677	699	HL
3IGI_A:51-59	677	699	HL
5AJ0_B1:993-1001	677	699	HL
6OLG_A2:1145-1150	678	700	HL
8Q5I_1:2371-2375	678	700	HL
7OLC_2:270-277	679	701	HL
7UNR_A:2317-2324	679	701	HL
6W6L_t:2297-2304	679	701	HL
7OIF_1:2303-2311	679	701	HL
4V3P_S1:1298-1305	679	701	HL
7Y41_A:245-251	679	701	HL
5O61_A:2968-2982	680	702	HL
6T3K_A:46-60	680	702	HL
7UPH_I:4238-4252	680	702	HL
6AZ3_4:137-151	680	702	HL
7S0S_C:2968-2982	680	702	HL
7OIF_1:2744-2758	680	702	HL
5O60_A:2968-2982	680	702	HL
7UNR_A:2738-2752	680	702	HL
6GAW_AA:940-945	681	703	HL
6AAU_A:9-14	681	703	HL
6AAS_A:11-16	681	703	HL
7PTS_A:232-242	682	704	HL
7UPH_I:1657-1667	682	704	HL
5O61_A:156-166	682	704	HL
8V9J_y:32-40	682	704	HL
1MT4_A:7-16	682	704	HL
8UU5_A:1837-1847	682	704	HL
4V4S_AA:1340-1349	682	704	HL
5KMZ_A:14-23	682	704	HL
6Z1P_Ab:1097-1106	682	704	HL
6YDP_AA:663-672	682	704	HL
7P48_a:1020-1029	682	704	HL
5O60_A:156-166	682	704	HL
6YDW_AA:663-672	682	704	HL
3LWQ_D:22-32	683	705	HL
3LWV_D:22-32	683	705	HL
8P2F_A:504-514	683	705	HL
3LWO_D:22-32	683	705	HL
7YR6_A:3-13	683	705	HL
6MJ0_B:33-40	684	706	HL
4P5J_A:8-15	684	706	HL
7PNW_A:598-605	685	707	HL
6YWY_A:1375-1381	685	707	HL
6UZ7_5:2225-2231	685	707	HL
7PIS_3:2332-2342	686	708	HL
2NZ4_P:39-59	686	708	HL
3G96_Q:39-59	686	708	HL
4DS6_A:82-96	686	708	HL
4V4G_HB:837-851	686	708	HL
5DAT_5:2857-2869	686	708	HL
5LKS_L5:1671-1684	686	708	HL
3G8S_Q:39-59	686	708	HL
3B4B_B:26-47	686	708	HL
8OIQ_B8:849-863	686	708	HL
2Z74_B:26-47	686	708	HL
6SPB_A:1765-1775	686	708	HL
6ZQA_D3:522-533	686	708	HL
4V91_1:3302-3316	686	708	HL
7UVZ_A:1003-1008	687	709	HL
7Y41_B:84-89	687	709	HL
2L94_A:18-23	687	709	HL
6SWA_q:67-72	687	709	HL
2JUK_A:8-13	687	709	HL
2LDT_A:12-17	687	709	HL
6SPB_A:374-384	688	710	HL
5X8P_A:2222-2231	688	710	HL
2U2A_A:6-13	689	711	HL
1U2A_A:6-13	689	711	HL
8HFR_1e:1266-1273	689	711	HL
3CCJ_9:88-93	690	712	HL
4V8M_BA:1551-1556	690	712	HL
3CCR_9:88-93	690	712	HL
3G6E_9:88-93	690	712	HL
4V7E_Aa:1405-1410	690	712	HL
1C2W_B:409-416	691	713	HL
7A09_f:30-36	691	713	HL
8FON_RB:87-92	691	713	HL
4V4B_AA:1143-1149	691	713	HL
6ZP4_1:30-36	691	713	HL
6SPB_A:1161-1168	692	714	HL
4V4B_B3:2782-2789	692	714	HL
6SPB_A:2392-2401	693	715	HL
8HFR_1e:994-1003	693	715	HL
8P2F_A:58-67	693	715	HL
6E84_A:20-26	694	716	HL
5BJO_Y:20-26	694	716	HL
6E80_A:20-26	694	716	HL
6ZU5_L50:457-463	695	717	HL
6W6P_a:449-454	695	717	HL
4V91_1:2885-2892	695	717	HL
5Y36_B:55-61	695	717	HL
7UVZ_A:432-438	695	717	HL
7QEP_1:1264-1269	695	717	HL
1JGO_C:52-60	696	718	HL
8CKU_Bb:52-60	696	718	HL
1FCW_E:52-60	696	718	HL
6GZ4_Bw:52-60	696	718	HL
5ZEP_A:1598-1605	697	719	HL
8SA6_A:192-200	697	719	HL
4V4G_HB:2253-2260	697	719	HL
7UVZ_A:1131-1138	697	719	HL
4V8M_BG:7-15	697	719	HL
6Z1P_Ab:621-628	698	720	HL
6ZU5_L50:1532-1539	698	720	HL
5V8I_2A:2491-2499	698	720	HL
6OLZ_A2:2852-2860	698	720	HL
6FEC_N:11-21	698	720	HL
5A2Q_2:1447-1456	699	721	HL
7K5I_2:1447-1456	699	721	HL
7LHD_A:2630-2638	699	721	HL
6W6L_t:376-385	699	721	HL
6ZLW_2:1447-1456	699	721	HL
3IZ4_A:52-62	700	722	HL
5XXB_1:2762-2772	701	723	HL
7P48_A:416-426	701	723	HL
6WNV_4:2436-2446	701	723	HL
8UVR_2a:954-963	702	724	HL
6GB2_BA:1372-1379	702	724	HL
7OTC_A:1063-1073	702	724	HL
6IP5_zy:29-37	702	724	HL
5XYU_A:1229-1252	703	725	HL
6Z1P_Bb:392-413	703	725	HL
7OYC_51:2280-2302	703	725	HL
7QH4_A:2776-2790	703	725	HL
2A64_A:237-250	703	725	HL
6XYW_2:430-449	703	725	HL
2DEU_D:54-62	704	726	HL
3KFU_K:54-62	704	726	HL
7UY5_B:23-31	704	726	HL
8HTZ_X:54-62	704	726	HL
5T2A_2:1245-1254	704	726	HL
6FEC_A:865-874	705	727	HL
8QBT_A:773-780	705	727	HL
6SGA_CA:300-318	706	728	HL
4V7H_B5:2252-2275	706	728	HL
6Q98_4:58-73	706	728	HL
8VS9_TMRN:58-73	706	728	HL
6YXY_AA:796-830	706	728	HL
7JJU_A:13-29	706	728	HL
8PPK_2:798-826	706	728	HL
6SGB_CA:300-318	706	728	HL
7ZJX_S2:799-827	706	728	HL
2MIY_A:7-20	706	728	HL
6Z6N_L5:4473-4485	707	729	HL
3J3V_A:201-211	707	730	HL
8XSX_L5:4473-4485	707	729	HL
2NOQ_A:151-165	707	730	HL
6Q57_A:33-43	707	730	HL
6Z6M_L5:4473-4485	707	729	HL
6Y6X_L5:4473-4485	707	729	HL
6Z6L_L5:4473-4485	707	729	HL
4LVW_A:33-43	707	730	HL
6SWD_2:255-263	708	731	HL
7ZHG_2:255-263	708	731	HL
2N4L_A:24-30	709	732	HL
4V4B_B3:2608-2618	710	733	HL
6UFG_A:78-87	710	733	HL
3J3V_A:2335-2347	710	733	HL
8UU5_A:455-465	710	733	HL
2D1B_A:13-23	710	733	HL
2D1B_B:13-23	710	733	HL
5DM6_X:2434-2441	711	734	HL
8A3L_A:460-468	711	734	HL
6SPE_a:454-462	711	734	HL
7JT1_1:486-492	712	735	HL
4OO8_B:86-90	712	735	HL
4OQU_A:75-80	712	735	HL
7S0S_C:549-554	712	735	HL
7JT1_1:461-466	712	735	HL
8RW1_2:1498-1503	712	735	HL
5MYJ_BA:2659-2664	713	736	HL
5AJ0_A2:2558-2563	713	736	HL
8QBT_A:2655-2660	713	736	HL
6ZOJ_2:605-616	714	737	HL
3J7P_S2:980-996	714	737	HL
6CIH_A:133-145	714	737	HL
6Y57_S2:1824-1835	714	737	HL
8Q5I_1:1299-1311	714	737	HL
6V3B_AN1:1078-1091	714	737	HL
7QH4_A:1112-1122	715	738	HL
1H3E_B:33-41	715	738	HL
7PIS_3:1805-1815	715	738	HL
6E9E_B:4-18	716	739	HL
4V6U_B1:2857-2871	716	739	HL
6E9F_B:4-18	716	739	HL
3JBP_7:24-41	716	739	HL
6SPB_A:226-231	717	740	HL
3JCS_2:1326-1332	717	740	HL
3J7R_5:2276-2282	718	741	HL
6ZCE_A:1772-1791	719	742	HL
8BH7_a:791-805	719	742	HL
4V4G_HB:2674-2690	719	742	HL
8Y39_A:780-808	719	742	HL
7ZJX_S2:986-1000	719	742	HL
5XYU_A:191-204	720	743	HL
2ZZM_B:15-29	720	743	HL
3JCS_6:24-47	720	743	HL
6Y0G_S2:611-624	720	743	HL
5T2C_A:1440-1459	720	743	HL
6SKG_BA:2756-2762	721	744	HL
7B0Y_a:100-106	721	744	HL
6YBW_A:1146-1152	721	744	HL
3ZD4_A:24-31	721	744	HL
8HL5_A23S:1141-1148	721	744	HL
6TH6_BA:2756-2762	721	744	HL
6AZ3_1:244-250	721	744	HL
5XXB_4:108-114	721	744	HL
4V91_1:1790-1799	722	745	HL
8SA6_A:117-124	723	746	HL
5ZET_A:240-246	724	747	HL
6ZVK_K3:1459-1465	724	747	HL
5ZEP_A:240-246	724	747	HL
5ZEB_A:240-246	724	747	HL
3RG5_B:33-39	725	748	HL
1NYB_B:9-14	725	748	HL
5O61_BA:429-434	725	748	HL
7MT7_a:428-433	725	748	HL
8OO0_1:1252-1258	725	748	HL
5O61_A:1477-1482	726	749	HL
5J8A_BA:896-901	726	749	HL
7SFR_a:351-356	726	749	HL
4IOC_Y:87-92	726	749	HL
5O60_A:1477-1482	726	749	HL
4V7H_AA:433-437	726	749	HL
7UPH_I:895-900	726	749	HL
6TMF_A:843-848	726	749	HL
5MRF_A:881-887	727	750	HL
6N5N_A:13-19	727	750	HL
5V93_A:2394-2401	728	751	HL
7LHD_A:2389-2394	729	752	HL
4V9F_0:585-590	729	752	HL
3JD5_A:630-635	729	752	HL
6HTQ_v:48-53	729	752	HL
5O60_B:84-89	729	752	HL
7LHD_A:2209-2213	729	752	HL
5O61_B:84-89	729	752	HL
7JIL_2:1277-1282	729	752	HL
7D0G_A:432-442	730	753	HL
6OF6_XA:1355-1364	730	753	HL
3J3V_A:1066-1073	731	754	HL
4V8M_AA:332-339	731	754	HL
7JT1_1:628-633	732	755	HL
7OIF_1:628-633	732	755	HL
1X8W_C:148-153	732	755	HL
4V4N_B2:374-379	732	755	HL
1M5K_E:73-78	732	755	HL
6ZVK_K3:1140-1145	732	755	HL
6G18_2:1171-1180	733	756	HL
5DAT_5:864-873	733	756	HL
6DZP_A:1669-1680	734	757	HL
6AZ3_1:752-763	734	757	HL
6ZCE_A:151-162	734	757	HL
8P7D_R:13-24	734	757	HL
6DZI_A:1669-1680	734	757	HL
6IP6_1A:493-501	735	758	HL
7BHP_L5:493-501	735	758	HL
5AJ0_B1:1456-1463	735	758	HL
6FEC_A:68-79	736	759	HL
7A5F_24:48-59	736	759	HL
7A5F_C:48-59	736	759	HL
5XXB_1:593-600	737	760	HL
8T8B_1A:2577-2584	737	760	HL
7RQE_1A:2577-2584	737	760	HL
7UVZ_A:2499-2506	737	760	HL
4UG0_L5:662-667	738	761	HL
4V7E_Aa:1630-1635	738	761	HL
4V6U_B1:610-615	738	761	HL
6RM3_L50:766-775	739	762	HL
5MRF_A:536-545	739	762	HL
8RW1_2:520-528	739	762	HL
4V7E_Ac:46-55	740	763	HL
5OB3_A:29-34	741	764	HL
6OLG_A2:1845-1850	741	764	HL
6DZI_A:892-898	741	764	HL
6DZP_A:892-898	741	764	HL
2YIF_X:17-25	742	765	HL
6UFH_A:75-84	742	765	HL
4V8N_AW:31-41	742	765	HL
6TMF_A:1262-1271	742	765	HL
4WZJ_YYY:49-54	743	766	HL
4WZJ_VVVV:49-54	743	766	HL
4V91_3:87-92	743	767	HL
4V4B_B3:1053-1058	743	766	HL
4WZJ_XXXX:49-54	743	766	HL
1R7W_A:17-22	743	767	HL
4WZJ_V:49-54	743	766	HL
4WZJ_VVV:49-54	743	767	HL
4WZJ_X:49-54	743	767	HL
4WZJ_YY:49-54	743	766	HL
4WZJ_YYYY:49-54	743	767	HL
4WZJ_XXX:49-54	743	767	HL
4WZJ_Y:49-54	743	766	HL
7ZRS_3:46-55	744	768	HL
7OLD_4:46-55	744	768	HL
5IT7_8:46-55	744	768	HL
4V91_4:46-55	744	768	HL
4V8T_8:46-55	744	768	HL
4V6X_A5:1880-1932	745	769	HL
4D5Y_2:1259-1313	745	769	HL
5AJ0_B1:399-442	745	769	HL
5ZEB_B:34-48	745	769	HL
5T2C_A:1263-1318	745	769	HL
6ZN5_2:948-987	745	769	HL
5V8I_2A:266-272	745	769	HL
8OVA_BA:961-984	745	769	HL
7OYC_22:1169-1201	745	769	HL
4UG0_L5:1263-1318	745	769	HL
3IYQ_A:191-207	745	769	HL
6SKG_BA:1287-1337	745	769	HL
6R47_A:10-32	745	769	HL
4UJC_A2:1259-1313	745	769	HL
5XYM_A:1098-1122	745	769	HL
6TH6_BA:1287-1337	745	769	HL
5AJ0_A2:1351-1408	745	769	HL
6CZR_1a:1427-1433	746	770	HL
8OIQ_B8:652-657	746	770	HL
4V6W_A5:1274-1280	747	771	HL
7JT1_1:1935-1942	748	772	HL
7PIS_3:768-775	748	772	HL
1H3E_B:13-25	749	773	HL
7PIS_3:2772-2790	750	774	HL
6O8Z_A:2762-2776	750	774	HL
8OIQ_B8:1512-1532	750	774	HL
6ZOJ_2:1049-1065	750	774	HL
8RW1_2:1547-1558	750	774	HL
4WFA_X:368-382	750	774	HL
5T2A_2:858-873	750	774	HL
4V4G_HB:131-138	751	775	HL
8RO1_6:58-64	751	775	HL
6ZM5_AA:792-800	752	776	HL
6ZM6_AA:792-800	752	776	HL
1E95_A:5-13	752	776	HL
3J7R_5:2044-2049	753	777	HL
9AUS_R:4-10	753	777	HL
9AUR_R:4-10	753	777	HL
7MT3_A:2202-2210	753	777	HL
6IP8_1A:493-501	754	778	HL
6IP5_1A:493-501	754	778	HL
5T5H_D:38-43	755	779	HL
4UER_A:413-418	755	779	HL
2J37_Z:13-19	755	779	HL
4V6U_B1:845-850	755	779	HL
6ZVK_K3:461-466	755	779	HL
4V6W_A5:1207-1212	756	780	HL
4V7H_B5:2700-2706	756	780	HL
8WID_a:872-877	756	780	HL
4V5O_BA:1479-1484	756	780	HL
4V6U_B1:2073-2079	757	781	HL
7UPH_I:461-467	757	781	HL
3CUN_C:69-75	757	781	HL
7OIG_2:462-468	757	781	HL
5VYC_i1:959-967	758	782	HL
5VYC_i3:959-967	758	782	HL
5VYC_i6:959-967	758	782	HL
5VYC_i6:414-421	759	783	HL
6XA1_L5:1715-1723	759	783	HL
9CAI_A5:2014-2022	759	783	HL
5VYC_i1:414-421	759	783	HL
5VYC_i3:414-421	759	783	HL
6ZMT_2:1439-1444	760	784	HL
7OIF_1:1532-1537	760	784	HL
1K2G_A:4-9	760	784	HL
6ZXG_2:1832-1841	761	785	HL
6ZXH_2:1832-1841	761	785	HL
6ZXF_2:1832-1841	761	785	HL
6QZP_L5:913-922	762	786	HL
8Y39_A:822-831	763	787	HL
6NU2_AA:765-775	763	787	HL
8HL5_A23S:1947-1957	763	787	HL
6FEC_A:1521-1532	763	787	HL
8Q5I_1:1626-1636	763	787	HL
6ZVK_K3:1294-1303	764	788	HL
6Q97_4:220-229	764	788	HL
6N5S_A:13-18	765	789	HL
7ENR_B:59-65	765	789	HL
4V4B_B3:468-476	766	790	HL
5O60_A:858-867	766	790	HL
5O61_A:858-867	766	790	HL
7S0S_C:858-867	766	790	HL
7CPV_S6:50-60	766	790	HL
7Y41_A:858-867	766	790	HL
4V6W_BC:12-20	767	791	HL
5V7Q_A:2557-2565	767	791	HL
6ZP4_1:12-20	767	791	HL
3J3V_A:413-421	768	792	HL
7Z3O_1:331-338	768	792	HL
5LKS_L5:1897-1903	768	792	HL
8OO0_1:331-338	768	792	HL
8Y39_A:489-496	768	792	HL
7PAS_5:913-918	769	793	HL
6CIH_A:90-97	769	793	HL
6HCM_23:52-60	770	794	HL
8RJC_q:52-60	770	794	HL
6AHU_T:52-60	770	794	HL
7UPH_I:2882-2891	771	795	HL
7JT1_1:1388-1397	771	795	HL
1C2W_B:1388-1397	771	795	HL
5MYJ_BA:776-785	772	796	HL
7UG6_1:3113-3121	772	796	HL
8SA5_A:22-35	772	796	HL
7S0S_C:2578-2585	772	796	HL
6FYY_2:409-420	772	796	HL
7UQB_1:2745-2752	773	797	HL
5T5H_A:1012-1019	773	797	HL
4V8E_AA:410-418	774	798	HL
4V8B_BA:410-418	774	798	HL
6XYW_1:551-559	774	798	HL
5MYJ_BA:1124-1131	775	799	HL
6SPD_A:1117-1124	775	799	HL
4V7E_Aa:1242-1252	776	800	HL
1VTQ_A:12-21	776	800	HL
4V7H_B5:1923-1933	776	800	HL
7OLC_2:1577-1586	776	800	HL
4V3P_L1:1265-1272	777	801	HL
5J8A_BA:616-622	778	802	HL
7P48_5:31-37	778	802	HL
6ZU9_1:30-36	778	802	HL
2J37_Z:197-203	778	802	HL
6TMF_A:558-564	778	802	HL
7UPH_I:615-621	778	802	HL
6CU1_A:42-47	779	803	HL
5DAT_5:911-917	779	803	HL
6V3B_AN1:2370-2375	779	803	HL
4KQY_A:60-65	779	803	HL
6ZP4_2:466-477	780	804	HL
6ZON_2:466-477	780	804	HL
8CRX_A:349-360	780	804	HL
6ZOJ_2:1460-1467	781	805	HL
4V6W_B2:1589-1596	781	805	HL
6Y2L_B4:52-60	782	806	HL
5IMR_5:52-60	782	806	HL
3JCD_9:52-60	782	806	HL
6HTQ_u:52-60	782	806	HL
6Y0G_B4:52-60	782	806	HL
7S1K_A:52-60	782	806	HL
4WJ3_T:52-60	782	806	HL
4X4Q_B:11-19	782	806	HL
6R87_B:52-60	782	806	HL
3AM1_B:58-66	782	806	HL
8T8B_1A:123-131	783	807	HL
7RQE_1A:123-131	783	807	HL
6QZP_S6:29-37	783	807	HL
4V6U_A0:30-38	784	808	HL
4V4N_B1:31-39	784	808	HL
4V6U_A1:31-39	784	808	HL
8Q5I_1:967-975	784	808	HL
6WNV_4:2457-2464	785	809	HL
6HTQ_w:51-59	785	809	HL
2IXY_A:9-16	785	809	HL
7P48_5:52-60	785	809	HL
6R6G_2:51-59	785	809	HL
8BH7_a:215-223	785	809	HL
5VOF_A:14-21	785	809	HL
6AZ3_2:1387-1395	786	810	HL
8UU5_A:785-792	786	810	HL
3JBO_AA:2401-2409	786	810	HL
7LHD_A:3796-3803	786	810	HL
5X8P_A:2420-2429	786	810	HL
3J7R_S6:13-21	786	810	HL
6DZP_A:222-228	787	811	HL
5XY3_1:64-71	787	811	HL
6DZI_A:222-228	787	811	HL
1ULL_A:13-18	788	812	HL
2LUB_A:15-20	788	812	HL
2LHP_A:15-20	788	812	HL
2KHY_A:16-21	788	812	HL
1HLX_A:7-12	788	812	HL
3J5Y_D:11-25	789	813	HL
8BUU_A:1649-1661	789	813	HL
7OIG_z:11-23	789	813	HL
4V8E_BB:11-23	789	813	HL
6T3K_A:88-93	790	814	HL
7PIS_3:250-255	790	814	HL
2KRL_A:7-12	790	814	HL
7UPH_I:2042-2049	791	815	HL
6DZI_A:1502-1511	792	816	HL
6DZP_A:1502-1511	792	816	HL
3J2G_N:81-84	793	817	HL
7UQB_1:816-819	793	817	HL
6FEC_A:658-661	793	817	HL
5MC6_n:53-61	794	818	HL
3J9W_AX:53-61	794	818	HL
6UGG_B:53-61	794	818	HL
5JU8_AX:53-61	794	818	HL
2CT8_D:53-61	794	818	HL
7QV3_H:53-61	794	818	HL
7AS9_2:53-61	794	818	HL
6CU1_A:24-32	794	818	HL
5XXU_2:564-575	795	819	HL
8EVS_B5:408-419	795	819	HL
5XXU_2:442-455	795	819	HL
7JIL_1:2513-2522	795	819	HL
4V7E_Aa:3294-3302	796	820	HL
7OIF_1:2818-2826	796	820	HL
7OTC_A:2818-2826	796	820	HL
8P2K_B5:1333-1340	796	820	HL
7JT1_1:2818-2826	796	820	HL
6Z6M_L5:3972-3974	797	821	HL
4V4B_B3:867-872	797	821	HL
8YGJ_B:87-91	798	822	HL
6IP5_1B:86-91	798	822	HL
6IP6_1B:86-91	798	822	HL
1C2W_B:194-199	798	822	HL
7P48_A:2311-2320	799	823	HL
7PTQ_C:232-242	799	823	HL
7PTK_B:253-263	799	823	HL
7ZJX_S2:1057-1066	799	823	HL
7PTQ_C:298-308	799	823	HL
7PTQ_C:193-203	799	823	HL
5V7Q_A:2163-2173	799	823	HL
